ISO-10303-21;
HEADER;
FILE_DESCRIPTION(('ViewDefinition [ReferenceView_V1.2]','RevitIdentifiers [ContentGUID: 2d7a955e-d8ac-43bc-bf72-1435f16c16f1, VersionGUID: 8ad28ac6-4be4-49c8-ab1d-89416949d244, NumberOfSaves: 14]','CoordinateReference [CoordinateBase: Project Base Point, ProjectSite: Default Site]','ExchangeRequirement [Architecture]'),'2;1');
FILE_NAME('IfcSignal.VISUAL.ifc','2026-03-22T20:58:37-05:00',(''),(''),'ODA SDAI 25.12','Autodesk - Revit 26.4.0.32 (ENU) - 26.4.0.32','');
FILE_SCHEMA(('IFC4'));
ENDSEC;

DATA;
#1=IFCORGANIZATION($,'Autodesk Revit 2026 (ENU)',$,$,$);
#2=IFCAPPLICATION(#1,'2026','Autodesk Revit 2026 (ENU)','Revit');
#3=IFCPERSON($,'','alejandro.hernandez3L92L',$,$,$,$,$);
#4=IFCORGANIZATION($,'Organization Name','Organization Description',$,$);
#5=IFCPERSONANDORGANIZATION(#3,#4,$);
#6=IFCOWNERHISTORY(#5,#2,$,.NOCHANGE.,$,$,$,1774110271);
#7=IFCSIUNIT(*,.LENGTHUNIT.,$,.METRE.);
#8=IFCSIUNIT(*,.AREAUNIT.,$,.SQUARE_METRE.);
#9=IFCSIUNIT(*,.VOLUMEUNIT.,$,.CUBIC_METRE.);
#10=IFCCARTESIANPOINT((0.,0.,0.));
#11=IFCAXIS2PLACEMENT3D(#10,$,$);
#12=IFCDIRECTION((0.,1.));
#13=IFCGEOMETRICREPRESENTATIONCONTEXT($,'Model',3,1.0000000000000001E-005,#11,#12);
#14=IFCGEOMETRICREPRESENTATIONSUBCONTEXT('Axis','Model',*,*,*,*,#13,$,.GRAPH_VIEW.,$);
#15=IFCGEOMETRICREPRESENTATIONSUBCONTEXT('Body','Model',*,*,*,*,#13,$,.MODEL_VIEW.,$);
#16=IFCGEOMETRICREPRESENTATIONSUBCONTEXT('Box','Model',*,*,*,*,#13,$,.MODEL_VIEW.,$);
#17=IFCGEOMETRICREPRESENTATIONSUBCONTEXT('FootPrint','Model',*,*,*,*,#13,$,.MODEL_VIEW.,$);
#18=IFCPROJECT('0jUfLUsAn3lBzo53KEa_a1',#6,'Project Number',$,$,'Project Name','Project Status',(#13),#5137);
#19=IFCPOSTALADDRESS($,$,$,$,('Enter address here\X\0D\X\0AAddress Line 2'),$,'','Boston','','MA');
#20=IFCAXIS2PLACEMENT3D(#10,$,$);
#21=IFCLOCALPLACEMENT(#31,#20);
#22=IFCBUILDING('0jUfLUsAn3lBzo53KEa_a0',#6,'Building Name',$,$,#21,$,'Building Name',.ELEMENT.,$,$,#19);
#23=IFCAXIS2PLACEMENT3D(#10,$,$);
#24=IFCLOCALPLACEMENT(#21,#23);
#25=IFCBUILDINGSTOREY('2JF4e6axWHqu3u0C1FZlmi',#6,'L1',$,$,#24,$,'L1',.ELEMENT.,0.);
#26=IFCCARTESIANPOINT((0.,0.,3.6000000000000001));
#27=IFCAXIS2PLACEMENT3D(#26,$,$);
#28=IFCLOCALPLACEMENT(#21,#27);
#29=IFCBUILDINGSTOREY('1ZGO8hrFCHqw0v0026FpFv',#6,'L2',$,$,#28,$,'L2',.ELEMENT.,3.6000000000000001);
#30=IFCAXIS2PLACEMENT3D(#10,$,$);
#31=IFCLOCALPLACEMENT($,#30);
#32=IFCSITE('0jUfLUsAn3lBzo53KEa_a3',#6,'Default',$,$,#31,$,$,.ELEMENT.,(42,21,31,401672),(-71,-3,-24,-345703),0.,$,$);
#33=IFCPROPERTYSINGLEVALUE('Reference',$,IFCIDENTIFIER('Project Information'),$);
#34=IFCPROPERTYSET('0Xc$fPgffLDLF5vmbvzDHG',#6,'Pset_SiteCommon',$,(#33));
#35=IFCRELDEFINESBYPROPERTIES('0l45bTVUVhMvGrjeX0Q44$',#6,$,$,(#32),#34);
#36=IFCCOLOURRGBLIST(((0.99215686274509807,0.99215686274509807,0.)));
#37=IFCINDEXEDPOLYGONALFACE((9,10,11,12,13,14,15,16,17,18,19,20,21,22,23,24,1,2,3,4,5,6,7,8));
#38=IFCINDEXEDPOLYGONALFACE((26,27,85));
#39=IFCINDEXEDPOLYGONALFACE((31,32,63));
#40=IFCINDEXEDPOLYGONALFACE((98,47,97));
#41=IFCINDEXEDPOLYGONALFACE((50,61,114));
#42=IFCINDEXEDPOLYGONALFACE((48,78,59));
#43=IFCINDEXEDPOLYGONALFACE((45,73,64));
#44=IFCINDEXEDPOLYGONALFACE((81,82,114));
#45=IFCINDEXEDPOLYGONALFACE((61,27,28));
#46=IFCINDEXEDPOLYGONALFACE((30,64,29));
#47=IFCINDEXEDPOLYGONALFACE((10,113,67));
#48=IFCINDEXEDPOLYGONALFACE((30,31,87));
#49=IFCINDEXEDPOLYGONALFACE((61,50,85));
#50=IFCINDEXEDPOLYGONALFACE((71,106,53));
#51=IFCINDEXEDPOLYGONALFACE((90,60,88));
#52=IFCINDEXEDPOLYGONALFACE((106,3,2));
#53=IFCINDEXEDPOLYGONALFACE((29,73,28));
#54=IFCINDEXEDPOLYGONALFACE((47,98,99));
#55=IFCINDEXEDPOLYGONALFACE((107,53,106));
#56=IFCINDEXEDPOLYGONALFACE((58,102,49,79));
#57=IFCINDEXEDPOLYGONALFACE((63,52,87));
#58=IFCINDEXEDPOLYGONALFACE((107,1,65));
#59=IFCINDEXEDPOLYGONALFACE((12,11,86));
#60=IFCINDEXEDPOLYGONALFACE((71,59,4));
#61=IFCINDEXEDPOLYGONALFACE((58,6,78));
#62=IFCINDEXEDPOLYGONALFACE((5,78,6));
#63=IFCINDEXEDPOLYGONALFACE((83,115,116));
#64=IFCINDEXEDPOLYGONALFACE((85,88,26));
#65=IFCINDEXEDPOLYGONALFACE((49,75,74));
#66=IFCINDEXEDPOLYGONALFACE((48,119,77));
#67=IFCINDEXEDPOLYGONALFACE((70,56,34));
#68=IFCINDEXEDPOLYGONALFACE((68,95,112));
#69=IFCINDEXEDPOLYGONALFACE((40,92,93));
#70=IFCINDEXEDPOLYGONALFACE((35,36,57));
#71=IFCINDEXEDPOLYGONALFACE((99,56,47));
#72=IFCINDEXEDPOLYGONALFACE((59,5,4));
#73=IFCINDEXEDPOLYGONALFACE((92,62,89));
#74=IFCINDEXEDPOLYGONALFACE((58,7,6));
#75=IFCINDEXEDPOLYGONALFACE((7,79,8));
#76=IFCINDEXEDPOLYGONALFACE((43,94,95));
#77=IFCINDEXEDPOLYGONALFACE((89,12,86));
#78=IFCINDEXEDPOLYGONALFACE((124,101,190,38));
#79=IFCINDEXEDPOLYGONALFACE((56,33,34));
#80=IFCINDEXEDPOLYGONALFACE((123,75,100));
#81=IFCINDEXEDPOLYGONALFACE((66,54,113));
#82=IFCINDEXEDPOLYGONALFACE((46,72,56));
#83=IFCINDEXEDPOLYGONALFACE((10,9,113));
#84=IFCINDEXEDPOLYGONALFACE((83,77,81));
#85=IFCINDEXEDPOLYGONALFACE((67,11,10));
#86=IFCINDEXEDPOLYGONALFACE((30,87,64));
#87=IFCINDEXEDPOLYGONALFACE((80,46,100));
#88=IFCINDEXEDPOLYGONALFACE((70,34,35));
#89=IFCINDEXEDPOLYGONALFACE((74,54,66));
#90=IFCINDEXEDPOLYGONALFACE((63,32,72));
#91=IFCINDEXEDPOLYGONALFACE((53,107,108));
#92=IFCINDEXEDPOLYGONALFACE((76,59,71));
#93=IFCINDEXEDPOLYGONALFACE((9,8,66));
#94=IFCINDEXEDPOLYGONALFACE((67,69,51));
#95=IFCINDEXEDPOLYGONALFACE((56,70,47));
#96=IFCINDEXEDPOLYGONALFACE((67,113,54));
#97=IFCINDEXEDPOLYGONALFACE((37,55,117));
#98=IFCINDEXEDPOLYGONALFACE((46,63,72));
#99=IFCINDEXEDPOLYGONALFACE((66,79,49));
#100=IFCINDEXEDPOLYGONALFACE((36,117,57));
#101=IFCINDEXEDPOLYGONALFACE((96,55,43));
#102=IFCINDEXEDPOLYGONALFACE((102,58,78,48));
#103=IFCINDEXEDPOLYGONALFACE((64,87,52));
#104=IFCINDEXEDPOLYGONALFACE((4,3,71));
#105=IFCINDEXEDPOLYGONALFACE((76,77,119));
#106=IFCINDEXEDPOLYGONALFACE((73,29,64));
#107=IFCINDEXEDPOLYGONALFACE((26,88,25));
#108=IFCINDEXEDPOLYGONALFACE((50,114,82));
#109=IFCINDEXEDPOLYGONALFACE((32,33,72));
#110=IFCINDEXEDPOLYGONALFACE((12,89,13));
#111=IFCINDEXEDPOLYGONALFACE((120,46,80));
#112=IFCINDEXEDPOLYGONALFACE((115,64,52));
#113=IFCINDEXEDPOLYGONALFACE((73,45,61));
#114=IFCINDEXEDPOLYGONALFACE((79,66,8));
#115=IFCINDEXEDPOLYGONALFACE((65,108,107));
#116=IFCINDEXEDPOLYGONALFACE((74,66,49));
#117=IFCINDEXEDPOLYGONALFACE((69,67,54));
#118=IFCINDEXEDPOLYGONALFACE((86,67,51));
#119=IFCINDEXEDPOLYGONALFACE((51,104,93));
#120=IFCINDEXEDPOLYGONALFACE((96,97,121));
#121=IFCINDEXEDPOLYGONALFACE((54,118,69));
#122=IFCINDEXEDPOLYGONALFACE((122,105,42));
#123=IFCINDEXEDPOLYGONALFACE((35,57,70));
#124=IFCINDEXEDPOLYGONALFACE((70,57,121));
#125=IFCINDEXEDPOLYGONALFACE((106,71,3));
#126=IFCINDEXEDPOLYGONALFACE((53,109,110));
#127=IFCINDEXEDPOLYGONALFACE((33,56,72));
#128=IFCINDEXEDPOLYGONALFACE((61,28,73));
#129=IFCINDEXEDPOLYGONALFACE((49,102,75));
#130=IFCINDEXEDPOLYGONALFACE((74,123,118));
#131=IFCINDEXEDPOLYGONALFACE((80,75,39));
#132=IFCINDEXEDPOLYGONALFACE((100,46,99));
#133=IFCINDEXEDPOLYGONALFACE((110,71,53));
#134=IFCINDEXEDPOLYGONALFACE((76,41,77));
#135=IFCINDEXEDPOLYGONALFACE((81,77,41));
#136=IFCINDEXEDPOLYGONALFACE((102,103,39));
#137=IFCINDEXEDPOLYGONALFACE((59,78,5));
#138=IFCINDEXEDPOLYGONALFACE((58,79,7));
#139=IFCINDEXEDPOLYGONALFACE((116,80,39));
#140=IFCINDEXEDPOLYGONALFACE((63,120,52));
#141=IFCINDEXEDPOLYGONALFACE((81,41,82));
#142=IFCINDEXEDPOLYGONALFACE((83,81,45));
#143=IFCINDEXEDPOLYGONALFACE((82,41,111));
#144=IFCINDEXEDPOLYGONALFACE((90,91,38));
#145=IFCINDEXEDPOLYGONALFACE((45,64,115));
#146=IFCINDEXEDPOLYGONALFACE((83,39,103));
#147=IFCINDEXEDPOLYGONALFACE((108,109,53));
#148=IFCINDEXEDPOLYGONALFACE((38,91,124));
#149=IFCINDEXEDPOLYGONALFACE((61,85,27));
#150=IFCINDEXEDPOLYGONALFACE((90,88,85));
#151=IFCINDEXEDPOLYGONALFACE((67,86,11));
#152=IFCINDEXEDPOLYGONALFACE((92,89,86));
#153=IFCINDEXEDPOLYGONALFACE((63,87,31));
#154=IFCINDEXEDPOLYGONALFACE((90,85,50));
#155=IFCINDEXEDPOLYGONALFACE((25,88,60));
#156=IFCINDEXEDPOLYGONALFACE((92,86,51));
#157=IFCINDEXEDPOLYGONALFACE((13,89,62));
#158=IFCINDEXEDPOLYGONALFACE((91,90,50));
#159=IFCINDEXEDPOLYGONALFACE((38,60,90));
#160=IFCINDEXEDPOLYGONALFACE((50,82,91));
#161=IFCINDEXEDPOLYGONALFACE((84,44,137,101));
#162=IFCINDEXEDPOLYGONALFACE((93,92,51));
#163=IFCINDEXEDPOLYGONALFACE((40,62,92));
#164=IFCINDEXEDPOLYGONALFACE((104,51,69));
#165=IFCINDEXEDPOLYGONALFACE((94,112,95));
#166=IFCINDEXEDPOLYGONALFACE((95,97,96));
#167=IFCINDEXEDPOLYGONALFACE((93,112,40));
#168=IFCINDEXEDPOLYGONALFACE((96,43,95));
#169=IFCINDEXEDPOLYGONALFACE((95,68,97));
#170=IFCINDEXEDPOLYGONALFACE((96,57,117));
#171=IFCINDEXEDPOLYGONALFACE((98,97,68));
#172=IFCINDEXEDPOLYGONALFACE((121,97,47));
#173=IFCINDEXEDPOLYGONALFACE((68,104,105));
#174=IFCINDEXEDPOLYGONALFACE((100,42,123));
#175=IFCINDEXEDPOLYGONALFACE((122,99,98));
#176=IFCINDEXEDPOLYGONALFACE((56,99,46));
#177=IFCINDEXEDPOLYGONALFACE((100,99,122));
#178=IFCINDEXEDPOLYGONALFACE((80,100,75));
#179=IFCINDEXEDPOLYGONALFACE((124,91,82));
#180=IFCINDEXEDPOLYGONALFACE((103,102,48));
#181=IFCINDEXEDPOLYGONALFACE((75,102,39));
#182=IFCINDEXEDPOLYGONALFACE((48,77,103));
#183=IFCINDEXEDPOLYGONALFACE((83,103,77));
#184=IFCINDEXEDPOLYGONALFACE((105,104,69));
#185=IFCINDEXEDPOLYGONALFACE((68,93,104));
#186=IFCINDEXEDPOLYGONALFACE((105,69,118));
#187=IFCINDEXEDPOLYGONALFACE((68,105,98));
#188=IFCINDEXEDPOLYGONALFACE((2,1,107));
#189=IFCINDEXEDPOLYGONALFACE((2,107,106));
#190=IFCINDEXEDPOLYGONALFACE((108,65,147,44));
#191=IFCINDEXEDPOLYGONALFACE((44,84,108));
#192=IFCINDEXEDPOLYGONALFACE((109,108,84));
#193=IFCINDEXEDPOLYGONALFACE((84,111,109));
#194=IFCINDEXEDPOLYGONALFACE((110,41,76));
#195=IFCINDEXEDPOLYGONALFACE((110,109,111));
#196=IFCINDEXEDPOLYGONALFACE((71,110,76));
#197=IFCINDEXEDPOLYGONALFACE((111,84,124));
#198=IFCINDEXEDPOLYGONALFACE((110,111,41));
#199=IFCINDEXEDPOLYGONALFACE((40,112,94));
#200=IFCINDEXEDPOLYGONALFACE((68,112,93));
#201=IFCINDEXEDPOLYGONALFACE((66,113,9));
#202=IFCINDEXEDPOLYGONALFACE((61,45,114));
#203=IFCINDEXEDPOLYGONALFACE((81,114,45));
#204=IFCINDEXEDPOLYGONALFACE((116,115,52));
#205=IFCINDEXEDPOLYGONALFACE((45,115,83));
#206=IFCINDEXEDPOLYGONALFACE((116,52,120));
#207=IFCINDEXEDPOLYGONALFACE((83,116,39));
#208=IFCINDEXEDPOLYGONALFACE((37,117,36));
#209=IFCINDEXEDPOLYGONALFACE((96,117,55));
#210=IFCINDEXEDPOLYGONALFACE((74,118,54));
#211=IFCINDEXEDPOLYGONALFACE((105,118,42));
#212=IFCINDEXEDPOLYGONALFACE((48,59,119));
#213=IFCINDEXEDPOLYGONALFACE((76,119,59));
#214=IFCINDEXEDPOLYGONALFACE((46,120,63));
#215=IFCINDEXEDPOLYGONALFACE((116,120,80));
#216=IFCINDEXEDPOLYGONALFACE((70,121,47));
#217=IFCINDEXEDPOLYGONALFACE((96,121,57));
#218=IFCINDEXEDPOLYGONALFACE((105,122,98));
#219=IFCINDEXEDPOLYGONALFACE((100,122,42));
#220=IFCINDEXEDPOLYGONALFACE((118,123,42));
#221=IFCINDEXEDPOLYGONALFACE((75,123,74));
#222=IFCINDEXEDPOLYGONALFACE((111,124,82));
#223=IFCINDEXEDPOLYGONALFACE((101,124,84));
#224=IFCINDEXEDPOLYGONALFACE((216,141,176));
#225=IFCINDEXEDPOLYGONALFACE((166,22,157));
#226=IFCINDEXEDPOLYGONALFACE((126,127,167));
#227=IFCINDEXEDPOLYGONALFACE((166,23,22));
#228=IFCINDEXEDPOLYGONALFACE((162,143,161));
#229=IFCINDEXEDPOLYGONALFACE((20,19,156));
#230=IFCINDEXEDPOLYGONALFACE((176,141,208));
#231=IFCINDEXEDPOLYGONALFACE((129,130,164));
#232=IFCINDEXEDPOLYGONALFACE((136,175,218));
#233=IFCINDEXEDPOLYGONALFACE((165,210,211));
#234=IFCINDEXEDPOLYGONALFACE((152,125,126));
#235=IFCINDEXEDPOLYGONALFACE((154,145,172));
#236=IFCINDEXEDPOLYGONALFACE((157,173,146));
#237=IFCINDEXEDPOLYGONALFACE((131,172,155));
#238=IFCINDEXEDPOLYGONALFACE((149,128,129));
#239=IFCINDEXEDPOLYGONALFACE((21,20,173));
#240=IFCINDEXEDPOLYGONALFACE((161,128,149));
#241=IFCINDEXEDPOLYGONALFACE((205,162,149));
#242=IFCINDEXEDPOLYGONALFACE((184,144,186));
#243=IFCINDEXEDPOLYGONALFACE((15,168,16));
#244=IFCINDEXEDPOLYGONALFACE((207,163,206));
#245=IFCINDEXEDPOLYGONALFACE((159,148,17));
#246=IFCINDEXEDPOLYGONALFACE((150,24,23));
#247=IFCINDEXEDPOLYGONALFACE((156,179,146));
#248=IFCINDEXEDPOLYGONALFACE((1,24,194));
#249=IFCINDEXEDPOLYGONALFACE((131,132,172));
#250=IFCINDEXEDPOLYGONALFACE((199,200,158));
#251=IFCINDEXEDPOLYGONALFACE((15,14,153));
#252=IFCINDEXEDPOLYGONALFACE((163,154,133));
#253=IFCINDEXEDPOLYGONALFACE((187,137,44,147));
#254=IFCINDEXEDPOLYGONALFACE((184,138,222));
#255=IFCINDEXEDPOLYGONALFACE((181,175,136));
#256=IFCINDEXEDPOLYGONALFACE((38,190,191));
#257=IFCINDEXEDPOLYGONALFACE((37,125,196));
#258=IFCINDEXEDPOLYGONALFACE((194,187,147));
#259=IFCINDEXEDPOLYGONALFACE((165,156,19));
#260=IFCINDEXEDPOLYGONALFACE((173,156,146));
#261=IFCINDEXEDPOLYGONALFACE((155,172,145));
#262=IFCINDEXEDPOLYGONALFACE((148,18,17));
#263=IFCINDEXEDPOLYGONALFACE((164,130,155));
#264=IFCINDEXEDPOLYGONALFACE((153,170,144));
#265=IFCINDEXEDPOLYGONALFACE((22,21,157));
#266=IFCINDEXEDPOLYGONALFACE((176,177,216));
#267=IFCINDEXEDPOLYGONALFACE((159,17,16));
#268=IFCINDEXEDPOLYGONALFACE((21,173,157));
#269=IFCINDEXEDPOLYGONALFACE((204,148,160));
#270=IFCINDEXEDPOLYGONALFACE((192,193,191));
#271=IFCINDEXEDPOLYGONALFACE((126,167,152));
#272=IFCINDEXEDPOLYGONALFACE((135,151,134));
#273=IFCINDEXEDPOLYGONALFACE((155,130,131));
#274=IFCINDEXEDPOLYGONALFACE((132,133,154));
#275=IFCINDEXEDPOLYGONALFACE((174,145,154));
#276=IFCINDEXEDPOLYGONALFACE((197,55,196));
#277=IFCINDEXEDPOLYGONALFACE((25,60,195));
#278=IFCINDEXEDPOLYGONALFACE((194,147,65,1));
#279=IFCINDEXEDPOLYGONALFACE((148,159,160));
#280=IFCINDEXEDPOLYGONALFACE((144,168,153));
#281=IFCINDEXEDPOLYGONALFACE((152,167,143));
#282=IFCINDEXEDPOLYGONALFACE((13,62,202));
#283=IFCINDEXEDPOLYGONALFACE((37,196,55));
#284=IFCINDEXEDPOLYGONALFACE((128,161,127));
#285=IFCINDEXEDPOLYGONALFACE((188,187,150));
#286=IFCINDEXEDPOLYGONALFACE((194,24,150));
#287=IFCINDEXEDPOLYGONALFACE((135,195,151));
#288=IFCINDEXEDPOLYGONALFACE((193,38,191));
#289=IFCINDEXEDPOLYGONALFACE((219,171,143));
#290=IFCINDEXEDPOLYGONALFACE((196,125,152));
#291=IFCINDEXEDPOLYGONALFACE((14,202,153));
#292=IFCINDEXEDPOLYGONALFACE((201,40,199));
#293=IFCINDEXEDPOLYGONALFACE((133,134,163));
#294=IFCINDEXEDPOLYGONALFACE((206,142,207));
#295=IFCINDEXEDPOLYGONALFACE((176,155,145));
#296=IFCINDEXEDPOLYGONALFACE((209,164,208));
#297=IFCINDEXEDPOLYGONALFACE((19,18,165));
#298=IFCINDEXEDPOLYGONALFACE((210,139,211));
#299=IFCINDEXEDPOLYGONALFACE((180,157,146));
#300=IFCINDEXEDPOLYGONALFACE((213,166,212));
#301=IFCINDEXEDPOLYGONALFACE((143,171,152));
#302=IFCINDEXEDPOLYGONALFACE((184,185,138));
#303=IFCINDEXEDPOLYGONALFACE((168,159,16));
#304=IFCINDEXEDPOLYGONALFACE((160,159,144));
#305=IFCINDEXEDPOLYGONALFACE((184,160,144));
#306=IFCINDEXEDPOLYGONALFACE((222,178,204));
#307=IFCINDEXEDPOLYGONALFACE((162,161,149));
#308=IFCINDEXEDPOLYGONALFACE((167,161,143));
#309=IFCINDEXEDPOLYGONALFACE((159,168,144));
#310=IFCINDEXEDPOLYGONALFACE((149,209,205));
#311=IFCINDEXEDPOLYGONALFACE((220,138,185));
#312=IFCINDEXEDPOLYGONALFACE((134,151,163));
#313=IFCINDEXEDPOLYGONALFACE((206,163,151));
#314=IFCINDEXEDPOLYGONALFACE((208,164,155));
#315=IFCINDEXEDPOLYGONALFACE((149,129,164));
#316=IFCINDEXEDPOLYGONALFACE((18,148,165));
#317=IFCINDEXEDPOLYGONALFACE((210,165,148));
#318=IFCINDEXEDPOLYGONALFACE((212,166,157));
#319=IFCINDEXEDPOLYGONALFACE((150,23,166));
#320=IFCINDEXEDPOLYGONALFACE((161,167,127));
#321=IFCINDEXEDPOLYGONALFACE((153,168,15));
#322=IFCINDEXEDPOLYGONALFACE((215,175,214));
#323=IFCINDEXEDPOLYGONALFACE((169,192,191));
#324=IFCINDEXEDPOLYGONALFACE((153,202,203));
#325=IFCINDEXEDPOLYGONALFACE((158,170,199));
#326=IFCINDEXEDPOLYGONALFACE((200,94,43));
#327=IFCINDEXEDPOLYGONALFACE((197,43,55));
#328=IFCINDEXEDPOLYGONALFACE((154,172,132));
#329=IFCINDEXEDPOLYGONALFACE((156,173,20));
#330=IFCINDEXEDPOLYGONALFACE((175,174,142));
#331=IFCINDEXEDPOLYGONALFACE((181,145,174));
#332=IFCINDEXEDPOLYGONALFACE((214,175,142));
#333=IFCINDEXEDPOLYGONALFACE((140,212,180));
#334=IFCINDEXEDPOLYGONALFACE((181,176,145));
#335=IFCINDEXEDPOLYGONALFACE((177,176,136));
#336=IFCINDEXEDPOLYGONALFACE((179,182,146));
#337=IFCINDEXEDPOLYGONALFACE((216,217,178));
#338=IFCINDEXEDPOLYGONALFACE((139,210,204));
#339=IFCINDEXEDPOLYGONALFACE((223,162,205));
#340=IFCINDEXEDPOLYGONALFACE((183,139,217));
#341=IFCINDEXEDPOLYGONALFACE((183,136,182));
#342=IFCINDEXEDPOLYGONALFACE((180,146,182));
#343=IFCINDEXEDPOLYGONALFACE((140,180,218));
#344=IFCINDEXEDPOLYGONALFACE((175,181,174));
#345=IFCINDEXEDPOLYGONALFACE((176,181,136));
#346=IFCINDEXEDPOLYGONALFACE((183,182,179));
#347=IFCINDEXEDPOLYGONALFACE((182,136,218));
#348=IFCINDEXEDPOLYGONALFACE((139,183,179));
#349=IFCINDEXEDPOLYGONALFACE((136,183,177));
#350=IFCINDEXEDPOLYGONALFACE((186,144,170));
#351=IFCINDEXEDPOLYGONALFACE((184,186,185));
#352=IFCINDEXEDPOLYGONALFACE((219,158,171));
#353=IFCINDEXEDPOLYGONALFACE((185,219,220));
#354=IFCINDEXEDPOLYGONALFACE((170,158,186));
#355=IFCINDEXEDPOLYGONALFACE((185,186,158));
#356=IFCINDEXEDPOLYGONALFACE((150,213,188));
#357=IFCINDEXEDPOLYGONALFACE((189,187,188));
#358=IFCINDEXEDPOLYGONALFACE((215,188,140));
#359=IFCINDEXEDPOLYGONALFACE((188,215,189));
#360=IFCINDEXEDPOLYGONALFACE((191,189,169));
#361=IFCINDEXEDPOLYGONALFACE((137,187,189));
#362=IFCINDEXEDPOLYGONALFACE((189,191,190));
#363=IFCINDEXEDPOLYGONALFACE((189,190,101,137));
#364=IFCINDEXEDPOLYGONALFACE((214,192,169));
#365=IFCINDEXEDPOLYGONALFACE((206,192,142));
#366=IFCINDEXEDPOLYGONALFACE((221,151,195));
#367=IFCINDEXEDPOLYGONALFACE((151,193,192));
#368=IFCINDEXEDPOLYGONALFACE((60,38,193));
#369=IFCINDEXEDPOLYGONALFACE((187,194,150));
#370=IFCINDEXEDPOLYGONALFACE((25,195,135));
#371=IFCINDEXEDPOLYGONALFACE((221,195,60));
#372=IFCINDEXEDPOLYGONALFACE((197,152,171));
#373=IFCINDEXEDPOLYGONALFACE((152,197,196));
#374=IFCINDEXEDPOLYGONALFACE((198,197,171));
#375=IFCINDEXEDPOLYGONALFACE((200,171,158));
#376=IFCINDEXEDPOLYGONALFACE((43,197,198));
#377=IFCINDEXEDPOLYGONALFACE((94,199,40));
#378=IFCINDEXEDPOLYGONALFACE((198,200,43));
#379=IFCINDEXEDPOLYGONALFACE((201,199,170));
#380=IFCINDEXEDPOLYGONALFACE((94,200,199));
#381=IFCINDEXEDPOLYGONALFACE((171,200,198));
#382=IFCINDEXEDPOLYGONALFACE((203,170,153));
#383=IFCINDEXEDPOLYGONALFACE((62,40,201));
#384=IFCINDEXEDPOLYGONALFACE((13,202,14));
#385=IFCINDEXEDPOLYGONALFACE((203,62,201));
#386=IFCINDEXEDPOLYGONALFACE((62,203,202));
#387=IFCINDEXEDPOLYGONALFACE((170,203,201));
#388=IFCINDEXEDPOLYGONALFACE((160,184,222));
#389=IFCINDEXEDPOLYGONALFACE((217,204,178));
#390=IFCINDEXEDPOLYGONALFACE((216,205,141));
#391=IFCINDEXEDPOLYGONALFACE((223,178,222));
#392=IFCINDEXEDPOLYGONALFACE((192,206,151));
#393=IFCINDEXEDPOLYGONALFACE((142,174,207));
#394=IFCINDEXEDPOLYGONALFACE((174,154,207));
#395=IFCINDEXEDPOLYGONALFACE((163,207,154));
#396=IFCINDEXEDPOLYGONALFACE((176,208,155));
#397=IFCINDEXEDPOLYGONALFACE((209,208,141));
#398=IFCINDEXEDPOLYGONALFACE((205,209,141));
#399=IFCINDEXEDPOLYGONALFACE((164,209,149));
#400=IFCINDEXEDPOLYGONALFACE((204,210,148));
#401=IFCINDEXEDPOLYGONALFACE((139,179,211));
#402=IFCINDEXEDPOLYGONALFACE((179,156,211));
#403=IFCINDEXEDPOLYGONALFACE((165,211,156));
#404=IFCINDEXEDPOLYGONALFACE((180,212,157));
#405=IFCINDEXEDPOLYGONALFACE((213,212,140));
#406=IFCINDEXEDPOLYGONALFACE((188,213,140));
#407=IFCINDEXEDPOLYGONALFACE((166,213,150));
#408=IFCINDEXEDPOLYGONALFACE((192,214,142));
#409=IFCINDEXEDPOLYGONALFACE((215,214,169));
#410=IFCINDEXEDPOLYGONALFACE((215,169,189));
#411=IFCINDEXEDPOLYGONALFACE((175,215,140));
#412=IFCINDEXEDPOLYGONALFACE((217,216,177));
#413=IFCINDEXEDPOLYGONALFACE((205,216,178));
#414=IFCINDEXEDPOLYGONALFACE((183,217,177));
#415=IFCINDEXEDPOLYGONALFACE((204,217,139));
#416=IFCINDEXEDPOLYGONALFACE((140,218,175));
#417=IFCINDEXEDPOLYGONALFACE((182,218,180));
#418=IFCINDEXEDPOLYGONALFACE((220,143,162));
#419=IFCINDEXEDPOLYGONALFACE((158,219,185));
#420=IFCINDEXEDPOLYGONALFACE((143,220,219));
#421=IFCINDEXEDPOLYGONALFACE((138,220,162));
#422=IFCINDEXEDPOLYGONALFACE((60,193,221));
#423=IFCINDEXEDPOLYGONALFACE((151,221,193));
#424=IFCINDEXEDPOLYGONALFACE((160,222,204));
#425=IFCINDEXEDPOLYGONALFACE((223,222,138));
#426=IFCINDEXEDPOLYGONALFACE((162,223,138));
#427=IFCINDEXEDPOLYGONALFACE((205,178,223));
#428=IFCINDEXEDPOLYGONALFACE((130,129,128,127,126,125,37,36,35,34,33,32,31,30,29,28,27,26,25,135,134,133,132,131));
#429=IFCCARTESIANPOINTLIST3D(((-0.076199999999981324,-2.5042432163048784E-014,3.2257732062143551),(-0.073603547963208393,-0.01972201123683711,3.2257732062143551),(-0.065991135768355691,-0.038100000000025037,3.2257732062143551),(-0.053881536726396444,-0.053881536726440013,3.2257732062143551),(-0.038099999999981593,-0.065991135768399364,3.2257732062143551),(-0.019722011236793725,-0.073603547963252205,3.2257732062143551),(1.832414220359624E-014,-0.076200000000025303,3.2257732062143551),(0.019722011236830407,-0.073603547963252386,3.2257732062143551),(0.038100000000018334,-0.065991135768399711,3.2257732062143551),(0.053881536726433303,-0.053881536726440513,3.2257732062143551),(0.065991135768392689,-0.038100000000025676,3.2257732062143551),(0.073603547963245558,-0.019722011236837825,3.2257732062143551),(0.076200000000018683,-2.5288641156192311E-014,3.2257732062143551),(0.073603547963245683,0.019722011236786779,3.2257732062143551),(0.065991135768392925,0.038099999999974682,3.2257732062143551),(0.053881536726433643,0.053881536726389602,3.2257732062143551),(0.038100000000018751,0.065991135768348905,3.2257732062143551),(0.019722011236830862,0.07360354796320169,3.2257732062143551),(1.8789436673216644E-014,0.076199999999974719,3.2257732062143551),(-0.019722011236793284,0.07360354796320176,3.2257732062143551),(-0.038099999999981184,0.065991135768349016,3.2257732062143551),(-0.053881536726396125,0.053881536726389762,3.2257732062143551),(-0.065991135768355455,0.038099999999974883,3.2257732062143551),(-0.073603547963208268,0.019722011236787011,3.2257732062143551),(-0.076199999999981324,-2.5042432163048784E-014,-1.8678232451242376E-015),(-0.073603547963208518,-0.019722011236836652,-1.8678232448721129E-015),(-0.065991135768355955,-0.038100000000024593,-1.8678232453763622E-015),(-0.053881536726396798,-0.053881536726439659,-1.8678232451242376E-015),(-0.038099999999982002,-0.065991135768399128,-1.8678232451242376E-015),(-0.019722011236794179,-0.073603547963252081,-1.8678232451242376E-015),(1.7853257295703991E-014,-0.076200000000025303,-1.8678232451242376E-015),(0.019722011236829939,-0.073603547963252511,-1.8678232451242376E-015),(0.038100000000017918,-0.065991135768399947,-1.8678232448721129E-015),(0.05388153672643297,-0.053881536726440846,-1.8678232451242376E-015),(0.065991135768392453,-0.038100000000026085,-1.8678232451242376E-015),(0.073603547963245433,-0.019722011236838345,-1.8678232446199882E-015),(0.076200000000018683,-2.5781059142479365E-014,-1.8678232451242376E-015),(-0.076199999999981324,-2.5042432163048784E-014,1.2192016195413904),(-0.009946095832535572,-0.075548098438633582,1.612886603119617),(0.076200000000018683,-2.603365665885444E-014,2.0065799474572139),(-0.060453524480827171,-0.046387620954799119,1.8928523027378512),(0.046387620924955179,-0.060453524503766121,1.8212759403470689),(0.076200000000018683,-2.5934536799591184E-014,1.219193258757139),(-0.076199999999981324,-2.5042432163048784E-014,2.2224861334752415),(-0.046387620877467006,-0.060453524540176419,0.99010595585960193),(0.029160477555256057,-0.070399620373650162,0.95603439697151327),(0.060453524534894332,-0.046387620884386103,0.91042538181356514),(-0.029160477506530866,-0.070399620393817322,2.3680681366853258),(0.0099460958813434013,-0.075548098432212815,2.3680681361310132),(-0.070399620369962931,-0.029160477564058242,0.79043862653381036),(0.070399620385701717,-0.029160477526151675,2.4353345809532483),(-0.0099460958363138483,-0.075548098438136146,0.78935604544235183),(-0.070399620357044085,-0.029160477595247109,2.5043737040524934),(0.046387620908595786,-0.060453524516319128,2.5431471152056235),(0.076200000000018683,-2.5857796682325034E-014,0.60958639214362176),(0.046387620895176868,-0.060453524526615829,0.54602674448365252),(0.070399620379234376,-0.02916047754176521,0.54602674439670507),(-0.0099460958230988689,-0.075548098439875935,2.700524576514574),(-0.046387620866238238,-0.060453524548792548,2.7005245764239656),(-0.076199999999981324,-2.5042432163048784E-014,0.60959953036806325),(-0.060453524523069305,-0.0463876208997481,0.49981873017321427),(0.076200000000018683,-2.6110394198700112E-014,2.6161663396008374),(0.0099460958539928281,-0.075548098435813588,0.49942089490530528),(-0.029160477538075956,-0.070399620380750913,0.49942089502764564),(-0.076199999999981324,-2.5042432163048784E-014,2.7241296698447979),(0.029160477562342038,-0.070399620370715052,2.7633405310343835),(0.060453524538972396,-0.046387620879071466,2.763340531093553),(0.070103436081686246,-0.029865502666874048,1.61288660330752),(0.059641516042548699,-0.04742709736164584,2.2188032844040126),(0.060453524532853832,-0.04638762088704533,0.42443346327510822),(-0.0604535245132201,-0.046387620912583825,2.8057388293114189),(0.029160477551092228,-0.070399620375374866,0.4152610285927959),(-0.046387620883592461,-0.060453524535476186,0.41526102879137883),(0.030739531494144046,-0.069724609740931517,2.23879286450489),(0.0149652151819954,-0.074716011232940652,1.7700292837261467),(-0.056530277089263302,-0.051095672734700205,2.3492955660859853),(-0.043599582925036316,-0.062494130674523467,1.9697399653587775),(-0.029160477527041866,-0.070399620385321382,2.8290527031416808),(0.0099460958637106779,-0.075548098434534208,2.8290527028308565),(0.0079189283062530407,-0.075787403798286648,1.2157674652785182),(-0.050742907321155307,-0.056847140267542236,1.4943510917599643),(-0.066186637804226803,-0.037759356140849826,1.3455829972673459),(-0.030972966998723483,-0.069621227476239958,1.3715096427761169),(-0.072906398892123303,-0.022160708485538062,1.8522444012820762),(-0.070399620373380503,-0.029160477555807533,0.36035284091631548),(0.070399620381341871,-0.029160477536677294,2.865420365901945),(-0.0099460958413377064,-0.075548098437474745,0.35976373196714656),(-0.075075577607224636,-0.013042148862033663,0.36158538302193188),(0.075075577610229538,-0.013042148844951343,2.8641878237847385),(-0.074786611933951863,-0.014608308438639809,0.72408637032037981),(-0.073817731166033115,-0.018904564673577161,1.1649788273139756),(0.074786611940154207,-0.01460830840707841,2.50168683718171),(0.073817731177977741,-0.018904564627082211,2.0607943810389697),(0.076200000000018683,-2.5984095440512571E-014,1.6128763658722298),(0.074660303473948669,-0.015240704878103556,1.4160433025214443),(0.074369866316384453,-0.016600089881886885,0.9262628561665206),(0.070199820193405357,-0.029638239570151246,1.1937990203782507),(0.060835294923495528,-0.04588580272345591,1.3972478101016261),(0.046771044744743272,-0.060157371730237788,1.1680298037004737),(0.031606528803074248,-0.069335902222622911,1.4651625024191939),(-0.076199999999981324,-2.5042432163048784E-014,1.7208425971056853),(-0.0099460958073367654,-0.075548098441951053,2.2027063719772926),(-0.025119879881641157,-0.07194047285592875,1.9077964881440637),(0.067948534879671077,-0.034488209691290253,2.0676057888424668),(0.060733500829242205,-0.046020450639134694,1.8090851918771766),(-0.070399620367957008,-0.029160477568900993,2.9032767064553608),(-0.074495130127339923,-0.016028586566154808,2.7038252052331622),(-0.074595445077971501,-0.015555049778684013,2.3220669385105346),(-0.070910461565221669,-0.027895276313490463,2.1634306635102982),(-0.065087483658829728,-0.039623975961040871,2.3063460537495857),(-0.067796584051109499,-0.034785962556756589,1.8932039561209615),(0.07506612329946119,-0.013096454970470314,1.7515431141104498),(0.046387620898775406,-0.060453524523854572,2.9248333706040439),(-0.06172663667881545,-0.044679551523280424,0.94343563222554461),(-0.02708548015241655,-0.071223709289222226,0.93949919992818809),(-0.013608877732844474,-0.074974918785256278,1.2011213243127441),(0.074879002379111687,-0.014127101709568721,0.38157599578972262),(0.048784083892391146,-0.058536767580597802,2.1822115277937026),(-0.043006212162747734,-0.06290394038066538,2.3415469004115055),(0.0054433185253168221,-0.076005330625134385,0.85205929289115001),(0.06816811498546313,-0.034052137955390499,0.86764575470028615),(0.051086098928409734,-0.056538929033733053,1.4970667832597244),(0.032371374093088108,-0.068982129130159817,1.852874331219956),(-0.071986063810433182,-0.024988929890629893,1.4958948460927632),(0.073603547963245683,0.019722011236786779,-1.8678232431072401E-015),(0.065991135768392925,0.038099999999974682,-1.8678232451242376E-015),(0.05388153672643365,0.053881536726389588,-1.8678232451242376E-015),(0.038100000000018751,0.065991135768348905,-1.8678232441157388E-015),(0.019722011236830858,0.07360354796320169,-1.8678232451242376E-015),(1.8802509852163802E-014,0.076199999999974719,-1.8678232451242376E-015),(-0.019722011236793281,0.07360354796320176,-1.8678232451242376E-015),(-0.038099999999981191,0.065991135768349016,-1.8678232456284869E-015),(-0.053881536726396125,0.053881536726389762,-1.8678232446199882E-015),(-0.065991135768355455,0.038099999999974883,-1.8678232446199882E-015),(-0.073603547963208282,0.01972201123678698,-1.8678232451242376E-015),(-0.029160477612843776,0.070399620349730491,1.6128866037514444),(-0.076199999999981324,-2.5042432163048784E-014,2.0065743754093353),(0.046387620573073739,0.060453524773723677,1.612886608126656),(0.0099460956354782727,0.075548098464531005,2.1630210661024809),(-0.060453524600927212,0.046387620798231131,2.1630210617540047),(0.0099460957299147279,0.075548098452098214,1.062752141409083),(-0.060453524554520653,0.04638762085870933,1.0627521434184561),(0.060453524293011512,0.046387621199563356,0.85770507553714037),(0.060453524424940008,0.046387621027630797,2.3680681406813848),(-0.029160477596208479,0.070399620356621062,0.7893560456930484),(-0.029160477656620571,0.070399620331597551,2.436417161483917),(-0.076199999999981324,-2.5042432163048784E-014,2.6161737908118448),(0.029160477422825962,0.070399620428453921,2.6165996746984659),(0.029160477433670871,0.07039962042396182,0.60917353369587135),(-0.070399620400089805,0.029160477491274973,2.6165996723473461),(-0.070399620386036407,0.029160477525202889,0.60917353360729265),(0.070399620223357121,0.0291604779180356,0.52524863102668518),(0.070399620354798659,0.029160477600707679,2.7005245793553865),(-0.046387620914107523,0.060453524512010581,0.49942089517022825),(-0.0099460958978512815,0.075548098429984015,0.49942089571318898),(-0.0099460959346273515,0.07554809842514236,2.7263523117961976),(-0.046387620942743568,0.06045352449003738,2.7263523117695461),(0.069393529713805663,0.031479803586747034,1.6128866162771835),(0.04638762081417433,0.060453524588720692,2.7854625219501554),(0.044072838725920223,0.062161281249967254,2.2364802658874083),(0.04638762077450953,0.060453524619156554,0.4403106870636419),(0.044072838685456459,0.062161281278656375,0.98929294522348943),(-0.060453524542591529,0.046387620874255672,0.41526102907337864),(0.0099460957868149867,0.075548098444607151,0.4152610298290409),(0.0099460957647684971,0.075548098447509621,2.8105121781935125),(-0.060453524559088881,0.046387620852755905,2.8105121778359297),(0.060453524398155899,0.046387621062536535,0.39672050487483856),(0.060453524485337466,0.046387620948919302,2.8290527050804899),(-0.071252986329486845,0.027008367946359402,1.6128866039042375),(0.070956491358704882,0.027777982901270669,2.1531581831495532),(0.070956491279849598,0.027777983102699761,1.0726150448357932),(-0.029160477573067115,0.070399620366206533,0.3597637319167038),(-0.02916047759744202,0.07039962035611011,2.8660094746837177),(-0.045727674094875388,0.060954243673989356,0.99303074150702764),(-0.051132186118560997,0.056497252523747307,1.5861006007327232),(-0.010766810746916137,0.075435507463898419,0.9930307418617047),(-0.0037936748415168865,0.076105505919038807,1.5861006047063124),(0.022536743070881268,0.072791037990636229,1.6128866058736284),(-0.010766810821452422,0.075435507453259956,2.2327424669973124),(-0.045727674170103941,0.060954243617553139,2.2327424663136495),(-0.032453875962092905,0.068943353088114223,1.2011213246291155),(-0.025801956930002548,0.071698668178549196,2.0246518830693701),(-0.012443934387746016,0.075177047673802705,1.8781964696372642),(0.055366796812428891,0.05235415753052125,1.9592970975551147),(0.059675688657697963,0.047384092090377056,1.5415330791560438),(0.064393539629045621,0.040742018286320528,2.0487726105141686),(-0.074734307224089927,0.014873578040666505,2.3113732044642763),(-0.06952092033090132,0.031197462017611272,2.2008239288058959),(-0.073593333454940818,0.019760092889107069,1.9490926789991565),(-0.076199999999981324,-2.5042432163048784E-014,1.6128880999676352),(-0.074953043830780872,0.0137288462915697,1.4160433036211264),(-0.070297872039661632,0.029404917729713966,1.1460689068010432),(-0.074841696261820828,0.014323424892456237,1.0259605034096015),(-0.074736913510544664,0.014860476402653517,2.8306538256680924),(-0.074736913511276412,0.014860476398973393,0.39511938088059428),(0.074918147003810262,0.013918018879049282,0.3777194579621474),(0.074570113116872075,0.015676039989069239,0.78762049784546107),(0.074908021864835417,0.013972410683179596,1.1282098558153109),(0.074478946575972149,0.016103618131819163,1.8097299123630977),(0.073871205478660149,0.018694517943273772,1.4623453913574742),(0.075004138052328681,0.013446905779001447,2.1549721739020109),(0.074918147019716747,0.013918018793427561,2.8480537473895513),(0.074227366511962795,0.017226086633378063,2.5001275346549865),(0.027891988652576274,0.070911754801316354,2.1800999802920873),(0.027891988687285953,0.070911754787663858,1.0456732292681159),(-0.063912531764747357,0.041492508762614899,0.73900658615917736),(-0.054649040275516071,0.053102941509489812,0.77900394262454553),(0.0021445637445654136,0.076169815848154215,0.73900658528768903),(0.016605915700489814,0.074368565696435782,0.75777456045827973),(0.015853350127491093,0.074532618964665412,2.4867666223036635),(0.0010932567132744733,0.076192157009465675,2.4467692668267573),(-0.055376629011117881,0.052343757596873972,2.4867666198026246),(-0.064328672838172077,0.040844361310650376,2.4679986422664988),(-0.063027420202938542,0.042825042937021024,1.4888590810586131),(-0.065778330108565541,0.03846623568955216,1.8525017630402916),(0.0098340096044383842,0.075562770297920925,1.4231369026694825),(0.0091729559026779237,0.075645864923365391,1.7907108890704937),(-0.041142205229782583,0.064138591727801994,1.8548594161426504),(0.064103962001369974,0.041196141272299119,1.2067679751442779),(0.05396742651136345,0.053795509810205172,1.2179981407295195),(-0.075120093158672768,0.012783254821401011,0.70965635322828025),(0.035009934810149641,0.067681197275070104,1.8373958226035045),(0.035009934775487341,0.067681197293000123,1.5003786926215308)));
#430=IFCPOLYGONALFACESET(#429,.T.,(#37,#38,#39,#40,#41,#42,#43,#44,#45,#46,#47,#48,#49,#50,#51,#52,#53,#54,#55,#56,#57,#58,#59,#60,#61,#62,#63,#64,#65,#66,#67,#68,#69,#70,#71,#72,#73,#74,#75,#76,#77,#78,#79,#80,#81,#82,#83,#84,#85,#86,#87,#88,#89,#90,#91,#92,#93,#94,#95,#96,#97,#98,#99,#100,#101,#102,#103,#104,#105,#106,#107,#108,#109,#110,#111,#112,#113,#114,#115,#116,#117,#118,#119,#120,#121,#122,#123,#124,#125,#126,#127,#128,#129,#130,#131,#132,#133,#134,#135,#136,#137,#138,#139,#140,#141,#142,#143,#144,#145,#146,#147,#148,#149,#150,#151,#152,#153,#154,#155,#156,#157,#158,#159,#160,#161,#162,#163,#164,#165,#166,#167,#168,#169,#170,#171,#172,#173,#174,#175,#176,#177,#178,#179,#180,#181,#182,#183,#184,#185,#186,#187,#188,#189,#190,#191,#192,#193,#194,#195,#196,#197,#198,#199,#200,#201,#202,#203,#204,#205,#206,#207,#208,#209,#210,#211,#212,#213,#214,#215,#216,#217,#218,#219,#220,#221,#222,#223,#224,#225,#226,#227,#228,#229,#230,#231,#232,#233,#234,#235,#236,#237,#238,#239,#240,#241,#242,#243,#244,#245,#246,#247,#248,#249,#250,#251,#252,#253,#254,#255,#256,#257,#258,#259,#260,#261,#262,#263,#264,#265,#266,#267,#268,#269,#270,#271,#272,#273,#274,#275,#276,#277,#278,#279,#280,#281,#282,#283,#284,#285,#286,#287,#288,#289,#290,#291,#292,#293,#294,#295,#296,#297,#298,#299,#300,#301,#302,#303,#304,#305,#306,#307,#308,#309,#310,#311,#312,#313,#314,#315,#316,#317,#318,#319,#320,#321,#322,#323,#324,#325,#326,#327,#328,#329,#330,#331,#332,#333,#334,#335,#336,#337,#338,#339,#340,#341,#342,#343,#344,#345,#346,#347,#348,#349,#350,#351,#352,#353,#354,#355,#356,#357,#358,#359,#360,#361,#362,#363,#364,#365,#366,#367,#368,#369,#370,#371,#372,#373,#374,#375,#376,#377,#378,#379,#380,#381,#382,#383,#384,#385,#386,#387,#388,#389,#390,#391,#392,#393,#394,#395,#396,#397,#398,#399,#400,#401,#402,#403,#404,#405,#406,#407,#408,#409,#410,#411,#412,#413,#414,#415,#416,#417,#418,#419,#420,#421,#422,#423,#424,#425,#426,#427,#428),$);
#431=IFCINDEXEDCOLOURMAP(#430,1.,#36,(1,1,1,1,1,1,1,1,1,1,1,1,1,1,1,1,1,1,1,1,1,1,1,1,1,1,1,1,1,1,1,1,1,1,1,1,1,1,1,1,1,1,1,1,1,1,1,1,1,1,1,1,1,1,1,1,1,1,1,1,1,1,1,1,1,1,1,1,1,1,1,1,1,1,1,1,1,1,1,1,1,1,1,1,1,1,1,1,1,1,1,1,1,1,1,1,1,1,1,1,1,1,1,1,1,1,1,1,1,1,1,1,1,1,1,1,1,1,1,1,1,1,1,1,1,1,1,1,1,1,1,1,1,1,1,1,1,1,1,1,1,1,1,1,1,1,1,1,1,1,1,1,1,1,1,1,1,1,1,1,1,1,1,1,1,1,1,1,1,1,1,1,1,1,1,1,1,1,1,1,1,1,1,1,1,1,1,1,1,1,1,1,1,1,1,1,1,1,1,1,1,1,1,1,1,1,1,1,1,1,1,1,1,1,1,1,1,1,1,1,1,1,1,1,1,1,1,1,1,1,1,1,1,1,1,1,1,1,1,1,1,1,1,1,1,1,1,1,1,1,1,1,1,1,1,1,1,1,1,1,1,1,1,1,1,1,1,1,1,1,1,1,1,1,1,1,1,1,1,1,1,1,1,1,1,1,1,1,1,1,1,1,1,1,1,1,1,1,1,1,1,1,1,1,1,1,1,1,1,1,1,1,1,1,1,1,1,1,1,1,1,1,1,1,1,1,1,1,1,1,1,1,1,1,1,1,1,1,1,1,1,1,1,1,1,1,1,1,1,1,1,1,1,1,1,1,1,1,1,1,1,1,1,1,1,1,1,1,1,1,1,1,1,1,1,1,1,1,1,1,1,1,1,1,1,1,1,1,1,1,1,1));
#432=IFCCOLOURRGB($,0.99215686274509807,0.99215686274509807,0.);
#433=IFCSURFACESTYLERENDERING(#432,0.,$,$,$,$,IFCNORMALISEDRATIOMEASURE(0.5),IFCSPECULAREXPONENT(64.),.NOTDEFINED.);
#434=IFCSURFACESTYLE('PINTURA_EPOXICA_METALICA_AMARILLA',.BOTH.,(#433));
#435=IFCSTYLEDITEM(#430,(#434),$);
#436=IFCCOLOURRGBLIST(((0.,0.,0.)));
#437=IFCINDEXEDPOLYGONALFACE((8,9,10,11,12,13,14,15,16,17,18,19,20,21,22,23,24,1,2,3,4,5,6,7));
#438=IFCINDEXEDPOLYGONALFACE((36,37,38,39,40,41,42,43,44,45,46,47,48,25,26,27,28,29,30,31,32,33,34,35));
#439=IFCINDEXEDPOLYGONALFACE((48,2,1,25));
#440=IFCINDEXEDPOLYGONALFACE((47,3,2,48));
#441=IFCINDEXEDPOLYGONALFACE((5,4,46,45));
#442=IFCINDEXEDPOLYGONALFACE((47,46,4,3));
#443=IFCINDEXEDPOLYGONALFACE((6,5,45,44));
#444=IFCINDEXEDPOLYGONALFACE((7,6,44,43));
#445=IFCINDEXEDPOLYGONALFACE((42,8,7,43));
#446=IFCINDEXEDPOLYGONALFACE((41,9,8,42));
#447=IFCINDEXEDPOLYGONALFACE((11,10,40,39));
#448=IFCINDEXEDPOLYGONALFACE((41,40,10,9));
#449=IFCINDEXEDPOLYGONALFACE((12,11,39,38));
#450=IFCINDEXEDPOLYGONALFACE((13,12,38,37));
#451=IFCINDEXEDPOLYGONALFACE((36,14,13,37));
#452=IFCINDEXEDPOLYGONALFACE((35,15,14,36));
#453=IFCINDEXEDPOLYGONALFACE((17,16,34,33));
#454=IFCINDEXEDPOLYGONALFACE((35,34,16,15));
#455=IFCINDEXEDPOLYGONALFACE((18,17,33,32));
#456=IFCINDEXEDPOLYGONALFACE((19,18,32,31));
#457=IFCINDEXEDPOLYGONALFACE((20,19,31,30));
#458=IFCINDEXEDPOLYGONALFACE((23,27,26,24));
#459=IFCINDEXEDPOLYGONALFACE((27,23,22,28));
#460=IFCINDEXEDPOLYGONALFACE((24,26,25,1));
#461=IFCINDEXEDPOLYGONALFACE((30,29,21,20));
#462=IFCINDEXEDPOLYGONALFACE((21,29,28,22));
#463=IFCCARTESIANPOINTLIST3D(((-0.15239999999998122,-2.468424287865418E-014,0.050799999999998131),(-0.14720709592643536,-0.039444022473648824,0.050799999999998131),(-0.13198227153672998,-0.076200000000024679,0.050799999999998131),(-0.10776307345281147,-0.10776307345285463,0.050799999999998131),(-0.076199999999981727,-0.13198227153677333,0.050799999999998131),(-0.039444022473606025,-0.14720709592647901,0.050799999999998131),(1.8070345220166929E-014,-0.15240000000002518,0.050799999999998131),(0.039444022473642232,-0.14720709592647938,0.050799999999998131),(0.076200000000018114,-0.13198227153677403,0.050799999999998131),(0.10776307345284804,-0.10776307345285563,0.050799999999998131),(0.13198227153676681,-0.076200000000025955,0.050799999999998131),(0.14720709592647258,-0.039444022473650253,0.050799999999998131),(0.1524000000000188,-2.517666086494123E-014,0.050799999999998131),(0.14720709592647283,0.039444022473598954,0.050799999999998131),(0.13198227153676731,0.07619999999997476,0.050799999999998131),(0.10776307345284872,0.1077630734528046,0.050799999999998131),(0.076200000000018933,0.13198227153672321,0.050799999999998131),(0.039444022473643148,0.14720709592642878,0.050799999999998131),(1.9000934159407736E-014,0.15239999999997483,0.050799999999998131),(-0.039444022473605109,0.14720709592642892,0.050799999999998131),(-0.07619999999998095,0.13198227153672343,0.050799999999998131),(-0.10776307345281079,0.10776307345280492,0.050799999999998131),(-0.13198227153672948,0.076199999999975163,0.050799999999998131),(-0.14720709592643508,0.039444022473599419,0.050799999999998131),(-0.15239999999998122,-2.4751922074235329E-014,-1.8678232451242376E-015),(-0.14720709592643508,0.039444022473599419,-1.8678232451242376E-015),(-0.13198227153672948,0.076199999999975163,-1.8678232451242376E-015),(-0.10776307345281079,0.10776307345280492,-1.8678232451242376E-015),(-0.07619999999998095,0.13198227153672343,-1.8678232451242376E-015),(-0.039444022473605109,0.14720709592642892,-1.8678232451242376E-015),(1.9000934159407736E-014,0.15239999999997483,-1.8678232451242376E-015),(0.039444022473643148,0.14720709592642878,-1.8678232451242376E-015),(0.076200000000018933,0.13198227153672321,-1.8678232451242376E-015),(0.10776307345284872,0.1077630734528046,-1.8678232451242376E-015),(0.13198227153676731,0.07619999999997476,-1.8678232451242376E-015),(0.14720709592647283,0.039444022473598954,-1.8678232451242376E-015),(0.1524000000000188,-2.6026138446353036E-014,-1.8678232451242376E-015),(0.14720709592647258,-0.039444022473650253,-1.8678232451242376E-015),(0.13198227153676681,-0.076200000000025955,-1.8678232451242376E-015),(0.10776307345284804,-0.10776307345285563,-1.8678232451242376E-015),(0.076200000000018114,-0.13198227153677403,-1.8678232451242376E-015),(0.039444022473642232,-0.14720709592647938,-1.8678232451242376E-015),(1.8070345220166929E-014,-0.15240000000002518,-1.8678232451242376E-015),(-0.039444022473606025,-0.14720709592647901,-1.8678232451242376E-015),(-0.076199999999981727,-0.13198227153677333,-1.8678232451242376E-015),(-0.10776307345281147,-0.10776307345285463,-1.8678232451242376E-015),(-0.13198227153672998,-0.076200000000024679,-1.8678232451242376E-015),(-0.14720709592643536,-0.039444022473648824,-1.8678232451242376E-015)));
#464=IFCPOLYGONALFACESET(#463,.T.,(#437,#438,#439,#440,#441,#442,#443,#444,#445,#446,#447,#448,#449,#450,#451,#452,#453,#454,#455,#456,#457,#458,#459,#460,#461,#462),$);
#465=IFCINDEXEDCOLOURMAP(#464,1.,#436,(1,1,1,1,1,1,1,1,1,1,1,1,1,1,1,1,1,1,1,1,1,1,1,1,1,1));
#466=IFCCOLOURRGB($,0.,0.,0.);
#467=IFCSURFACESTYLERENDERING(#466,0.,$,$,$,$,IFCNORMALISEDRATIOMEASURE(0.5),IFCSPECULAREXPONENT(64.),.NOTDEFINED.);
#468=IFCSURFACESTYLE('PINTURA_EPOXICA_METALICA_NEGRO',.BOTH.,(#467));
#469=IFCSTYLEDITEM(#464,(#468),$);
#470=IFCCOLOURRGBLIST(((0.,0.,0.)));
#471=IFCINDEXEDPOLYGONALFACE((22,23,24,25,26,27,28,1,2,3,4,5,6,7,8,9,10,11,12,13,14,15,16,17,18,19,20,21));
#472=IFCINDEXEDPOLYGONALFACE((56,29,30,31,32,33,34,35,36,37,38,39,40,41,42,43,44,45,46,47,48,49,50,51,52,53,54,55));
#473=IFCINDEXEDPOLYGONALFACE((30,29,1,28));
#474=IFCINDEXEDPOLYGONALFACE((31,27,26,32));
#475=IFCINDEXEDPOLYGONALFACE((32,26,25,33));
#476=IFCINDEXEDPOLYGONALFACE((28,27,31,30));
#477=IFCINDEXEDPOLYGONALFACE((34,24,23,35));
#478=IFCINDEXEDPOLYGONALFACE((35,23,22,36));
#479=IFCINDEXEDPOLYGONALFACE((33,25,24,34));
#480=IFCINDEXEDPOLYGONALFACE((37,36,22,21));
#481=IFCINDEXEDPOLYGONALFACE((38,20,19,39));
#482=IFCINDEXEDPOLYGONALFACE((39,19,18,40));
#483=IFCINDEXEDPOLYGONALFACE((21,20,38,37));
#484=IFCINDEXEDPOLYGONALFACE((41,17,16,42));
#485=IFCINDEXEDPOLYGONALFACE((42,16,15,43));
#486=IFCINDEXEDPOLYGONALFACE((40,18,17,41));
#487=IFCINDEXEDPOLYGONALFACE((44,43,15,14));
#488=IFCINDEXEDPOLYGONALFACE((45,13,12,46));
#489=IFCINDEXEDPOLYGONALFACE((46,12,11,47));
#490=IFCINDEXEDPOLYGONALFACE((14,13,45,44));
#491=IFCINDEXEDPOLYGONALFACE((48,10,9,49));
#492=IFCINDEXEDPOLYGONALFACE((49,9,8,50));
#493=IFCINDEXEDPOLYGONALFACE((47,11,10,48));
#494=IFCINDEXEDPOLYGONALFACE((51,50,8,7));
#495=IFCINDEXEDPOLYGONALFACE((52,6,5,53));
#496=IFCINDEXEDPOLYGONALFACE((53,5,4,54));
#497=IFCINDEXEDPOLYGONALFACE((7,6,52,51));
#498=IFCINDEXEDPOLYGONALFACE((55,3,2,56));
#499=IFCINDEXEDPOLYGONALFACE((56,2,1,29));
#500=IFCINDEXEDPOLYGONALFACE((54,4,3,55));
#501=IFCCARTESIANPOINTLIST3D(((-0.33083238384579722,0.058924373983664291,4.7363066378183438),(-0.31012686023759539,0.058924373983664326,4.7335807039214695),(-0.2908323838457969,0.058924373983664444,4.7255886701210992),(-0.27426384135087301,0.058924373983664617,4.7128751803132678),(-0.26155035154304163,0.058924373983664846,4.6963066378183438),(-0.25355831774267129,0.058924373983665117,4.6770121614265445),(-0.25083238384579687,0.058924373983665401,4.6563066378183438),(-0.25083238384579687,0.058924373983678675,3.696306637818346),(-0.2535583177426714,0.05892437398367896,3.6756011142101443),(-0.2615503515430419,0.058924373983679224,3.6563066378183455),(-0.27426384135087334,0.058924373983679453,3.639738095323422),(-0.29083238384579729,0.058924373983679633,3.6270246055155906),(-0.31012686023759589,0.058924373983679744,3.6190325717152199),(-0.33083238384579722,0.058924373983679786,3.6163066378183455),(-0.73083238384579619,0.058924373983679786,3.616306637818345),(-0.75153790745399796,0.058924373983679744,3.6190325717152194),(-0.77083238384579644,0.058924373983679633,3.6270246055155901),(-0.78740092634072023,0.058924373983679453,3.6397380953234211),(-0.80011441614855172,0.058924373983679224,3.6563066378183455),(-0.80810644994892211,0.05892437398367896,3.6756011142101439),(-0.81083238384579659,0.058924373983678675,3.6963066378183451),(-0.81083238384579659,0.058924373983665401,4.6563066378183446),(-0.808106449948922,0.058924373983665117,4.6770121614265463),(-0.80011441614855139,0.058924373983664846,4.6963066378183447),(-0.78740092634072001,0.058924373983664617,4.7128751803132687),(-0.770832383845796,0.058924373983664444,4.7255886701211001),(-0.75153790745399751,0.058924373983664326,4.7335807039214703),(-0.73083238384579619,0.058924373983664291,4.7363066378183447),(-0.33083238384579727,-0.033200000000028422,4.7363066378183438),(-0.73083238384579574,-0.033200000000028422,4.7363066378183438),(-0.75153790745399751,-0.033200000000028387,4.7335807039214686),(-0.770832383845796,-0.033200000000028276,4.7255886701210992),(-0.78740092634072001,-0.033200000000028096,4.7128751803132678),(-0.80011441614855139,-0.033200000000027867,4.6963066378183438),(-0.808106449948922,-0.033200000000027603,4.6770121614265454),(-0.81083238384579659,-0.033200000000027319,4.6563066378183429),(-0.81083238384579659,-0.033200000000014045,3.6963066378183447),(-0.80810644994892211,-0.033200000000013753,3.6756011142101426),(-0.80011441614855172,-0.03320000000001349,3.6563066378183442),(-0.78740092634072023,-0.033200000000013261,3.6397380953234202),(-0.77083238384579644,-0.033200000000013087,3.6270246055155888),(-0.75153790745399796,-0.033200000000012976,3.6190325717152185),(-0.73083238384579619,-0.033200000000012941,3.6163066378183437),(-0.33083238384579777,-0.033200000000012941,3.6163066378183442),(-0.31012686023759589,-0.033200000000012976,3.619032571715219),(-0.29083238384579729,-0.033200000000013087,3.6270246055155893),(-0.27426384135087334,-0.033200000000013261,3.6397380953234206),(-0.2615503515430419,-0.03320000000001349,3.6563066378183442),(-0.2535583177426714,-0.033200000000013753,3.675601114210143),(-0.25083238384579659,-0.033200000000014045,3.6963066378183456),(-0.25083238384579687,-0.033200000000027319,4.656306637818342),(-0.25355831774267129,-0.033200000000027603,4.6770121614265436),(-0.26155035154304163,-0.033200000000027867,4.696306637818342),(-0.27426384135087301,-0.033200000000028096,4.7128751803132669),(-0.2908323838457969,-0.033200000000028276,4.7255886701210983),(-0.31012686023759539,-0.033200000000028387,4.7335807039214686)));
#502=IFCPOLYGONALFACESET(#501,.T.,(#471,#472,#473,#474,#475,#476,#477,#478,#479,#480,#481,#482,#483,#484,#485,#486,#487,#488,#489,#490,#491,#492,#493,#494,#495,#496,#497,#498,#499,#500),$);
#503=IFCINDEXEDCOLOURMAP(#502,1.,#470,(1,1,1,1,1,1,1,1,1,1,1,1,1,1,1,1,1,1,1,1,1,1,1,1,1,1,1,1,1,1));
#504=IFCSTYLEDITEM(#502,(#468),$);
#505=IFCCOLOURRGBLIST(((0.,0.,0.)));
#506=IFCINDEXEDPOLYGONALFACE((8,9,10,11,12,13,14,15,16,17,18,19,20,21,22,23,24,1,2,3,4,5,6,7));
#507=IFCINDEXEDPOLYGONALFACE((36,37,38,39,40,41,42,43,44,45,46,47,48,25,26,27,28,29,30,31,32,33,34,35));
#508=IFCINDEXEDPOLYGONALFACE((2,48,47,3));
#509=IFCINDEXEDPOLYGONALFACE((46,4,3,47));
#510=IFCINDEXEDPOLYGONALFACE((5,45,44,6));
#511=IFCINDEXEDPOLYGONALFACE((46,45,5,4));
#512=IFCINDEXEDPOLYGONALFACE((6,44,43,7));
#513=IFCINDEXEDPOLYGONALFACE((48,2,1,25));
#514=IFCINDEXEDPOLYGONALFACE((8,42,41,9));
#515=IFCINDEXEDPOLYGONALFACE((40,10,9,41));
#516=IFCINDEXEDPOLYGONALFACE((11,39,38,12));
#517=IFCINDEXEDPOLYGONALFACE((40,39,11,10));
#518=IFCINDEXEDPOLYGONALFACE((12,38,37,13));
#519=IFCINDEXEDPOLYGONALFACE((42,8,7,43));
#520=IFCINDEXEDPOLYGONALFACE((36,14,13,37));
#521=IFCINDEXEDPOLYGONALFACE((35,15,14,36));
#522=IFCINDEXEDPOLYGONALFACE((18,32,31,19));
#523=IFCINDEXEDPOLYGONALFACE((34,16,15,35));
#524=IFCINDEXEDPOLYGONALFACE((33,17,16,34));
#525=IFCINDEXEDPOLYGONALFACE((33,32,18,17));
#526=IFCINDEXEDPOLYGONALFACE((20,30,29,21));
#527=IFCINDEXEDPOLYGONALFACE((28,22,21,29));
#528=IFCINDEXEDPOLYGONALFACE((23,27,26,24));
#529=IFCINDEXEDPOLYGONALFACE((28,27,23,22));
#530=IFCINDEXEDPOLYGONALFACE((24,26,25,1));
#531=IFCINDEXEDPOLYGONALFACE((30,20,19,31));
#532=IFCCARTESIANPOINTLIST3D(((-0.049999999999978686,-2.5127086698749053E-014,4.808478229563165),(-0.048296291314432145,-0.012940952255151158,4.808478229563165),(-0.04330127018920072,-0.025000000000025124,4.808478229563165),(-0.035355339059306191,-0.035355339059352536,4.808478229563165),(-0.024999999999978852,-0.043301270189247114,4.808478229563165),(-0.012940952255104931,-0.04829629131447865,4.808478229563165),(2.1090529322975726E-014,-0.050000000000025288,4.808478229563165),(0.012940952255147121,-0.048296291314478768,4.808478229563165),(0.025000000000021092,-0.043301270189247357,4.808478229563165),(0.035355339059348498,-0.035355339059352862,4.808478229563165),(0.04330127018924311,-0.025000000000025543,4.808478229563165),(0.048296291314474653,-0.012940952255151628,4.808478229563165),(0.050000000000021326,-2.5288641156192311E-014,4.808478229563165),(0.048296291314474736,0.01294095225510074,4.808478229563165),(0.04330127018924327,0.024999999999974695,4.808478229563165),(0.03535533905934872,0.03535533905930207,4.808478229563165),(0.025000000000021363,0.043301270189196626,4.808478229563165),(0.012940952255147421,0.048296291314428114,4.808478229563165),(2.1386625803643256E-014,0.049999999999974717,4.808478229563165),(-0.012940952255104634,0.048296291314428155,4.808478229563165),(-0.024999999999978598,0.043301270189196703,4.808478229563165),(-0.035355339059305969,0.035355339059302174,4.808478229563165),(-0.043301270189200554,0.024999999999974824,4.808478229563165),(-0.048296291314432055,0.01294095225510089,4.808478229563165),(-0.049999999999978686,-2.5149291159241555E-014,4.7363066378183438),(-0.048296291314432055,0.01294095225510089,4.7363066378183438),(-0.043301270189200554,0.024999999999974824,4.7363066378183438),(-0.035355339059305969,0.035355339059302174,4.7363066378183438),(-0.024999999999978598,0.043301270189196703,4.7363066378183438),(-0.012940952255104634,0.048296291314428155,4.7363066378183438),(2.1386625803643256E-014,0.049999999999974717,4.7363066378183438),(0.012940952255147421,0.048296291314428114,4.7363066378183438),(0.025000000000021363,0.043301270189196626,4.7363066378183438),(0.03535533905934872,0.03535533905930207,4.7363066378183438),(0.04330127018924327,0.024999999999974695,4.7363066378183438),(0.048296291314474736,0.01294095225510074,4.7363066378183438),(0.050000000000021326,-2.5567341150093823E-014,4.7363066378183438),(0.048296291314474653,-0.012940952255151628,4.7363066378183438),(0.04330127018924311,-0.025000000000025543,4.7363066378183438),(0.035355339059348498,-0.035355339059352862,4.7363066378183438),(0.025000000000021092,-0.043301270189247357,4.7363066378183438),(0.012940952255147121,-0.048296291314478768,4.7363066378183438),(2.1090529322975726E-014,-0.050000000000025288,4.7363066378183438),(-0.012940952255104931,-0.04829629131447865,4.7363066378183438),(-0.024999999999978852,-0.043301270189247114,4.7363066378183438),(-0.035355339059306191,-0.035355339059352536,4.7363066378183438),(-0.04330127018920072,-0.025000000000025124,4.7363066378183438),(-0.048296291314432145,-0.012940952255151158,4.7363066378183438)));
#533=IFCPOLYGONALFACESET(#532,.T.,(#506,#507,#508,#509,#510,#511,#512,#513,#514,#515,#516,#517,#518,#519,#520,#521,#522,#523,#524,#525,#526,#527,#528,#529,#530,#531),$);
#534=IFCINDEXEDCOLOURMAP(#533,1.,#505,(1,1,1,1,1,1,1,1,1,1,1,1,1,1,1,1,1,1,1,1,1,1,1,1,1,1));
#535=IFCSTYLEDITEM(#533,(#468),$);
#536=IFCCOLOURRGBLIST(((0.,0.,0.)));
#537=IFCINDEXEDPOLYGONALFACEWITHVOIDS((22,23,24,25,26,27,1,2,3,4,5,6,7,8,9,10,11,12,13,14,15,16,17,18,19,20,21),((31,32,33,34,35,36,37,38,39,40,41,42,43,44,45,46,47,48,49,50,51,28,29,30)));
#538=IFCINDEXEDPOLYGONALFACEWITHVOIDS((75,76,77,78,52,53,54,55,56,57,58,59,60,61,62,63,64,65,66,67,68,69,70,71,72,73,74),((82,83,84,85,86,87,88,89,90,91,92,93,94,95,96,97,98,99,100,101,102,79,80,81)));
#539=IFCINDEXEDPOLYGONALFACE((29,28,79,102));
#540=IFCINDEXEDPOLYGONALFACE((30,29,102,101));
#541=IFCINDEXEDPOLYGONALFACE((32,31,100,99));
#542=IFCINDEXEDPOLYGONALFACE((101,100,31,30));
#543=IFCINDEXEDPOLYGONALFACE((32,99,98,33));
#544=IFCINDEXEDPOLYGONALFACE((98,97,34,33));
#545=IFCINDEXEDPOLYGONALFACE((36,35,96,95));
#546=IFCINDEXEDPOLYGONALFACE((36,95,94,37));
#547=IFCINDEXEDPOLYGONALFACE((39,38,93,92));
#548=IFCINDEXEDPOLYGONALFACE((93,38,37,94));
#549=IFCINDEXEDPOLYGONALFACE((40,39,92,91));
#550=IFCINDEXEDPOLYGONALFACE((34,97,96,35));
#551=IFCINDEXEDPOLYGONALFACE((40,91,90,41));
#552=IFCINDEXEDPOLYGONALFACE((41,90,89,42));
#553=IFCINDEXEDPOLYGONALFACE((86,45,44,87));
#554=IFCINDEXEDPOLYGONALFACE((89,88,43,42));
#555=IFCINDEXEDPOLYGONALFACE((88,87,44,43));
#556=IFCINDEXEDPOLYGONALFACE((85,46,45,86));
#557=IFCINDEXEDPOLYGONALFACE((48,47,84,83));
#558=IFCINDEXEDPOLYGONALFACE((48,83,82,49));
#559=IFCINDEXEDPOLYGONALFACE((51,50,81,80));
#560=IFCINDEXEDPOLYGONALFACE((81,50,49,82));
#561=IFCINDEXEDPOLYGONALFACE((28,51,80,79));
#562=IFCINDEXEDPOLYGONALFACE((46,85,84,47));
#563=IFCINDEXEDPOLYGONALFACE((74,6,5,75));
#564=IFCINDEXEDPOLYGONALFACE((5,4,76,75));
#565=IFCINDEXEDPOLYGONALFACE((76,4,3,77));
#566=IFCINDEXEDPOLYGONALFACE((3,2,78,77));
#567=IFCINDEXEDPOLYGONALFACE((74,73,7,6));
#568=IFCINDEXEDPOLYGONALFACE((9,8,72,71));
#569=IFCINDEXEDPOLYGONALFACE((70,10,9,71));
#570=IFCINDEXEDPOLYGONALFACE((11,69,68,12));
#571=IFCINDEXEDPOLYGONALFACE((70,69,11,10));
#572=IFCINDEXEDPOLYGONALFACE((73,72,8,7));
#573=IFCINDEXEDPOLYGONALFACE((12,68,67,13));
#574=IFCINDEXEDPOLYGONALFACE((52,78,2,1));
#575=IFCINDEXEDPOLYGONALFACE((65,64,16,15));
#576=IFCINDEXEDPOLYGONALFACE((66,65,15,14));
#577=IFCINDEXEDPOLYGONALFACE((62,61,19,18));
#578=IFCINDEXEDPOLYGONALFACE((63,62,18,17));
#579=IFCINDEXEDPOLYGONALFACE((64,63,17,16));
#580=IFCINDEXEDPOLYGONALFACE((59,58,22,21));
#581=IFCINDEXEDPOLYGONALFACE((60,59,21,20));
#582=IFCINDEXEDPOLYGONALFACE((56,55,25,24));
#583=IFCINDEXEDPOLYGONALFACE((57,56,24,23));
#584=IFCINDEXEDPOLYGONALFACE((58,57,23,22));
#585=IFCINDEXEDPOLYGONALFACE((61,60,20,19));
#586=IFCINDEXEDPOLYGONALFACE((13,67,66,14));
#587=IFCINDEXEDPOLYGONALFACE((26,25,55,54));
#588=IFCINDEXEDPOLYGONALFACE((27,26,54,53));
#589=IFCINDEXEDPOLYGONALFACE((1,27,53,52));
#590=IFCCARTESIANPOINTLIST3D(((-0.084999999999936057,-9.2581216578689608E-014,4.5912927595791277),(-0.082210795372663875,-0.02159595156939112,4.5912927595791277),(-0.074026232372089398,-0.041774596596397116,4.5912927595791277),(-0.060983450315704561,-0.059211644020371448,4.5912927595791277),(-0.043938425393254543,-0.072762729291645567,4.5912927595791277),(-0.024009794366755061,-0.081538517122144244,4.5912927595791277),(-0.0025054402920724303,-0.084963067087754779,4.5912927595791269),(0.019163341680402776,-0.08281163164470294,4.5912927595791269),(0.039574465269612093,-0.075225405938707288,4.5912927595791269),(0.057388382231723767,-0.062702261401360593,4.5912927595791269),(0.071435994693312729,-0.04606407127246448,4.5912927595791269),(0.08079538110896739,-0.02640277242018256,4.5912927595791269),(0.084852300445770773,-0.0050087033324434623,4.5912927595791269),(0.083340503805212712,0.01671407866144221,4.5912927595791269),(0.07635920789753646,0.037339943348425615,4.5912927595791269),(0.064366583613331391,0.055515249382002613,4.5912927595791269),(0.048149687026636107,0.070047181522386329,4.5912927595791269),(0.028772806208029605,0.079982033125596402,4.5912927595791269),(0.00750761376083817,0.084667796331328413,4.5912927595791269),(-0.014250290946149272,0.08379695225921234,4.5912927595791277),(-0.035072972654380155,0.077426652963732301,4.5912927595791277),(-0.053593873242141161,0.065974970639525093,4.5912927595791277),(-0.068597496671299774,0.050193460235502009,4.5912927595791277),(-0.079099179979633408,0.031117836147998262,4.5912927595791277),(-0.084409715080606768,0.0099999999999068646,4.5912927595791277),(-0.24999999999993605,0.0099999999999072688,4.5912927595791277),(-0.24999999999993605,-9.2728179794264898E-014,4.5912927595791277),(-0.07620000000000364,-9.3102068382818896E-014,4.5912927595791277),(-0.073603547963228405,0.019722011236736458,4.5912927595791277),(-0.065991135768368944,0.038099999999940681,4.5912927595791277),(-0.053881536726398963,0.053881536726369653,4.5912927595791277),(-0.038099999999970102,0.065991135768339745,4.5912927595791277),(-0.019722011236765941,0.073603547963199345,4.5912927595791277),(6.3601524047385289E-014,0.076199999999974732,4.5912927595791269),(0.019722011236893162,0.073603547963199525,4.5912927595791269),(0.038100000000097389,0.065991135768340092,4.5912927595791269),(0.053881536726526354,0.053881536726370152,4.5912927595791269),(0.065991135768496481,0.038099999999941327,4.5912927595791269),(0.073603547963356108,0.019722011236737173,4.5912927595791269),(0.076200000000131524,-9.285585938961497E-014,4.5912927595791269),(0.073603547963356233,-0.01972201123692241,4.5912927595791269),(0.065991135768496717,-0.038100000000126616,4.5912927595791269),(0.053881536726526694,-0.053881536726555525,4.5912927595791269),(0.038100000000097806,-0.065991135768525569,4.5912927595791269),(0.019722011236893617,-0.073603547963385113,4.5912927595791269),(6.4058358617558043E-014,-0.076200000000160431,4.5912927595791269),(-0.019722011236765501,-0.073603547963385169,4.5912927595791277),(-0.0380999999999697,-0.065991135768525694,4.5912927595791277),(-0.053881536726398623,-0.053881536726555684,4.5912927595791277),(-0.065991135768368708,-0.038100000000126817,4.5912927595791277),(-0.073603547963228266,-0.019722011236922642,4.5912927595791277),(-0.084999999999936279,-9.3130501733731286E-014,4.5234782295631657),(-0.24999999999993627,-9.2728957845622532E-014,4.5234782295631666),(-0.24999999999993633,0.0099999999999072688,4.5234782295631666),(-0.08440971508060692,0.0099999999999074614,4.5234782295631657),(-0.07909917997963363,0.031117836147998262,4.5234782295631657),(-0.068597496671299996,0.050193460235502009,4.5234782295631657),(-0.053593873242141377,0.065974970639525093,4.5234782295631657),(-0.035072972654380377,0.077426652963732301,4.5234782295631657),(-0.014250290946149491,0.08379695225921234,4.5234782295631657),(0.0075076137608379497,0.084667796331328413,4.5234782295631648),(0.028772806208029376,0.079982033125596402,4.5234782295631648),(0.048149687026635885,0.070047181522386329,4.5234782295631648),(0.064366583613331169,0.055515249382002613,4.5234782295631648),(0.076359207897536252,0.037339943348425615,4.5234782295631648),(0.08334050380521249,0.01671407866144221,4.5234782295631648),(0.084852300445770551,-0.0050087033324434623,4.5234782295631648),(0.080795381108967168,-0.02640277242018256,4.5234782295631648),(0.071435994693312507,-0.04606407127246448,4.5234782295631648),(0.057388382231723552,-0.062702261401360593,4.5234782295631648),(0.039574465269611871,-0.075225405938707288,4.5234782295631648),(0.019163341680402558,-0.08281163164470294,4.5234782295631648),(-0.0025054402920726502,-0.084963067087754779,4.5234782295631648),(-0.024009794366755297,-0.081538517122144244,4.5234782295631657),(-0.043938425393254765,-0.072762729291645567,4.5234782295631657),(-0.060983450315704776,-0.059211644020371448,4.5234782295631657),(-0.07402623237208962,-0.041774596596397116,4.5234782295631657),(-0.082210795372664097,-0.02159595156939112,4.5234782295631657),(-0.076200000000003862,-9.3068228784854986E-014,4.5234782295631657),(-0.073603547963228488,-0.019722011236922642,4.5234782295631657),(-0.06599113576836893,-0.038100000000126817,4.5234782295631657),(-0.053881536726398845,-0.053881536726555684,4.5234782295631657),(-0.038099999999969936,-0.065991135768525694,4.5234782295631657),(-0.019722011236765723,-0.073603547963385169,4.5234782295631657),(6.3838401231919313E-014,-0.076200000000160431,4.5234782295631648),(0.019722011236893398,-0.073603547963385113,4.5234782295631648),(0.038100000000097584,-0.065991135768525569,4.5234782295631648),(0.053881536726526472,-0.053881536726555525,4.5234782295631648),(0.065991135768496509,-0.038100000000126616,4.5234782295631648),(0.073603547963356011,-0.01972201123692241,4.5234782295631648),(0.076200000000131302,-9.243112059890829E-014,4.5234782295631648),(0.073603547963355886,0.019722011236737173,4.5234782295631648),(0.065991135768496259,0.038099999999941327,4.5234782295631648),(0.053881536726526132,0.053881536726370152,4.5234782295631648),(0.038100000000097174,0.065991135768340092,4.5234782295631648),(0.01972201123689294,0.073603547963199525,4.5234782295631648),(6.3381566661746547E-014,0.076199999999974732,4.5234782295631648),(-0.01972201123676616,0.073603547963199345,4.5234782295631657),(-0.038099999999970324,0.065991135768339745,4.5234782295631657),(-0.053881536726399185,0.053881536726369653,4.5234782295631657),(-0.065991135768369166,0.038099999999940681,4.5234782295631657),(-0.073603547963228627,0.019722011236736458,4.5234782295631657)));
#591=IFCPOLYGONALFACESET(#590,.T.,(#537,#538,#539,#540,#541,#542,#543,#544,#545,#546,#547,#548,#549,#550,#551,#552,#553,#554,#555,#556,#557,#558,#559,#560,#561,#562,#563,#564,#565,#566,#567,#568,#569,#570,#571,#572,#573,#574,#575,#576,#577,#578,#579,#580,#581,#582,#583,#584,#585,#586,#587,#588,#589),$);
#592=IFCINDEXEDCOLOURMAP(#591,1.,#536,(1,1,1,1,1,1,1,1,1,1,1,1,1,1,1,1,1,1,1,1,1,1,1,1,1,1,1,1,1,1,1,1,1,1,1,1,1,1,1,1,1,1,1,1,1,1,1,1,1,1,1,1,1));
#593=IFCSTYLEDITEM(#591,(#468),$);
#594=IFCCOLOURRGBLIST(((0.,0.,0.)));
#595=IFCINDEXEDPOLYGONALFACEWITHVOIDS((22,23,24,25,26,27,1,2,3,4,5,6,7,8,9,10,11,12,13,14,15,16,17,18,19,20,21),((31,32,33,34,35,36,37,38,39,40,41,42,43,44,45,46,47,48,49,50,51,28,29,30)));
#596=IFCINDEXEDPOLYGONALFACEWITHVOIDS((75,76,77,78,52,53,54,55,56,57,58,59,60,61,62,63,64,65,66,67,68,69,70,71,72,73,74),((82,83,84,85,86,87,88,89,90,91,92,93,94,95,96,97,98,99,100,101,102,79,80,81)));
#597=IFCINDEXEDPOLYGONALFACE((29,28,79,102));
#598=IFCINDEXEDPOLYGONALFACE((30,29,102,101));
#599=IFCINDEXEDPOLYGONALFACE((32,31,100,99));
#600=IFCINDEXEDPOLYGONALFACE((101,100,31,30));
#601=IFCINDEXEDPOLYGONALFACE((32,99,98,33));
#602=IFCINDEXEDPOLYGONALFACE((98,97,34,33));
#603=IFCINDEXEDPOLYGONALFACE((36,35,96,95));
#604=IFCINDEXEDPOLYGONALFACE((36,95,94,37));
#605=IFCINDEXEDPOLYGONALFACE((39,38,93,92));
#606=IFCINDEXEDPOLYGONALFACE((93,38,37,94));
#607=IFCINDEXEDPOLYGONALFACE((40,39,92,91));
#608=IFCINDEXEDPOLYGONALFACE((34,97,96,35));
#609=IFCINDEXEDPOLYGONALFACE((40,91,90,41));
#610=IFCINDEXEDPOLYGONALFACE((41,90,89,42));
#611=IFCINDEXEDPOLYGONALFACE((86,45,44,87));
#612=IFCINDEXEDPOLYGONALFACE((89,88,43,42));
#613=IFCINDEXEDPOLYGONALFACE((88,87,44,43));
#614=IFCINDEXEDPOLYGONALFACE((85,46,45,86));
#615=IFCINDEXEDPOLYGONALFACE((48,47,84,83));
#616=IFCINDEXEDPOLYGONALFACE((48,83,82,49));
#617=IFCINDEXEDPOLYGONALFACE((51,50,81,80));
#618=IFCINDEXEDPOLYGONALFACE((81,50,49,82));
#619=IFCINDEXEDPOLYGONALFACE((28,51,80,79));
#620=IFCINDEXEDPOLYGONALFACE((46,85,84,47));
#621=IFCINDEXEDPOLYGONALFACE((74,6,5,75));
#622=IFCINDEXEDPOLYGONALFACE((5,4,76,75));
#623=IFCINDEXEDPOLYGONALFACE((76,4,3,77));
#624=IFCINDEXEDPOLYGONALFACE((3,2,78,77));
#625=IFCINDEXEDPOLYGONALFACE((74,73,7,6));
#626=IFCINDEXEDPOLYGONALFACE((9,8,72,71));
#627=IFCINDEXEDPOLYGONALFACE((70,10,9,71));
#628=IFCINDEXEDPOLYGONALFACE((11,69,68,12));
#629=IFCINDEXEDPOLYGONALFACE((70,69,11,10));
#630=IFCINDEXEDPOLYGONALFACE((73,72,8,7));
#631=IFCINDEXEDPOLYGONALFACE((12,68,67,13));
#632=IFCINDEXEDPOLYGONALFACE((52,78,2,1));
#633=IFCINDEXEDPOLYGONALFACE((65,64,16,15));
#634=IFCINDEXEDPOLYGONALFACE((66,65,15,14));
#635=IFCINDEXEDPOLYGONALFACE((62,61,19,18));
#636=IFCINDEXEDPOLYGONALFACE((63,62,18,17));
#637=IFCINDEXEDPOLYGONALFACE((64,63,17,16));
#638=IFCINDEXEDPOLYGONALFACE((59,58,22,21));
#639=IFCINDEXEDPOLYGONALFACE((60,59,21,20));
#640=IFCINDEXEDPOLYGONALFACE((56,55,25,24));
#641=IFCINDEXEDPOLYGONALFACE((57,56,24,23));
#642=IFCINDEXEDPOLYGONALFACE((58,57,23,22));
#643=IFCINDEXEDPOLYGONALFACE((61,60,20,19));
#644=IFCINDEXEDPOLYGONALFACE((13,67,66,14));
#645=IFCINDEXEDPOLYGONALFACE((26,25,55,54));
#646=IFCINDEXEDPOLYGONALFACE((27,26,54,53));
#647=IFCINDEXEDPOLYGONALFACE((1,27,53,52));
#648=IFCCARTESIANPOINTLIST3D(((-0.08499999999993714,-9.2581216578689608E-014,3.9129010929124606),(-0.082210795372664958,-0.02159595156939112,3.9129010929124606),(-0.074026232372090481,-0.041774596596397116,3.9129010929124606),(-0.060983450315705644,-0.059211644020371448,3.9129010929124606),(-0.043938425393255626,-0.072762729291645567,3.9129010929124606),(-0.024009794366756144,-0.081538517122144244,3.9129010929124606),(-0.0025054402920735132,-0.084963067087754779,3.9129010929124601),(0.019163341680401694,-0.08281163164470294,3.9129010929124601),(0.03957446526961101,-0.075225405938707288,3.9129010929124601),(0.057388382231722684,-0.062702261401360593,3.9129010929124601),(0.071435994693311647,-0.04606407127246448,3.9129010929124601),(0.080795381108966308,-0.02640277242018256,3.9129010929124601),(0.084852300445769691,-0.0050087033324434623,3.9129010929124601),(0.08334050380521163,0.01671407866144221,3.9129010929124601),(0.076359207897535378,0.037339943348425615,3.9129010929124601),(0.064366583613330308,0.055515249382002613,3.9129010929124601),(0.048149687026635024,0.070047181522386329,3.9129010929124601),(0.028772806208028523,0.079982033125596402,3.9129010929124601),(0.0075076137608370876,0.084667796331328413,3.9129010929124601),(-0.014250290946150355,0.08379695225921234,3.9129010929124606),(-0.035072972654381238,0.077426652963732301,3.9129010929124606),(-0.053593873242142244,0.065974970639525093,3.9129010929124606),(-0.068597496671300856,0.050193460235502009,3.9129010929124606),(-0.07909917997963449,0.031117836147998262,3.9129010929124606),(-0.08440971508060785,0.0099999999999068646,3.9129010929124606),(-0.24999999999993713,0.0099999999999072688,3.912901092912461),(-0.24999999999993713,-9.2728179794264898E-014,3.912901092912461),(-0.076200000000004722,-9.3102068382818896E-014,3.9129010929124606),(-0.073603547963229488,0.019722011236736458,3.9129010929124606),(-0.065991135768370027,0.038099999999940681,3.9129010929124606),(-0.053881536726400045,0.053881536726369653,3.9129010929124606),(-0.038099999999971185,0.065991135768339745,3.9129010929124606),(-0.019722011236767024,0.073603547963199345,3.9129010929124606),(6.2518656918086896E-014,0.076199999999974732,3.9129010929124601),(0.019722011236892076,0.073603547963199525,3.9129010929124601),(0.038100000000096307,0.065991135768340092,3.9129010929124601),(0.053881536726525271,0.053881536726370152,3.9129010929124601),(0.065991135768495399,0.038099999999941327,3.9129010929124601),(0.073603547963355026,0.019722011236737173,3.9129010929124601),(0.076200000000130441,-9.285585938961497E-014,3.9129010929124601),(0.073603547963355151,-0.01972201123692241,3.9129010929124601),(0.065991135768495635,-0.038100000000126616,3.9129010929124601),(0.053881536726525611,-0.053881536726555525,3.9129010929124601),(0.038100000000096723,-0.065991135768525569,3.9129010929124601),(0.019722011236892534,-0.073603547963385113,3.9129010929124601),(6.2975491488259649E-014,-0.076200000000160431,3.9129010929124601),(-0.019722011236766583,-0.073603547963385169,3.9129010929124606),(-0.038099999999970782,-0.065991135768525694,3.9129010929124606),(-0.053881536726399705,-0.053881536726555684,3.9129010929124606),(-0.065991135768369791,-0.038100000000126817,3.9129010929124606),(-0.073603547963229349,-0.019722011236922642,3.9129010929124606),(-0.084999999999937362,-9.3130501733731286E-014,3.845086562896499),(-0.24999999999993736,-9.2728957845622532E-014,3.8450865628964994),(-0.24999999999993741,0.0099999999999072688,3.8450865628964994),(-0.084409715080608003,0.0099999999999074614,3.845086562896499),(-0.079099179979634712,0.031117836147998262,3.845086562896499),(-0.068597496671301078,0.050193460235502009,3.845086562896499),(-0.053593873242142459,0.065974970639525093,3.845086562896499),(-0.03507297265438146,0.077426652963732301,3.845086562896499),(-0.014250290946150575,0.08379695225921234,3.845086562896499),(0.0075076137608368673,0.084667796331328413,3.8450865628964985),(0.028772806208028294,0.079982033125596402,3.8450865628964985),(0.048149687026634802,0.070047181522386329,3.8450865628964985),(0.064366583613330086,0.055515249382002613,3.8450865628964985),(0.07635920789753517,0.037339943348425615,3.8450865628964985),(0.083340503805211408,0.01671407866144221,3.8450865628964985),(0.084852300445769469,-0.0050087033324434623,3.8450865628964985),(0.080795381108966086,-0.02640277242018256,3.8450865628964985),(0.071435994693311425,-0.04606407127246448,3.8450865628964985),(0.057388382231722469,-0.062702261401360593,3.8450865628964985),(0.039574465269610788,-0.075225405938707288,3.8450865628964985),(0.019163341680401472,-0.08281163164470294,3.8450865628964985),(-0.0025054402920737331,-0.084963067087754779,3.8450865628964985),(-0.02400979436675638,-0.081538517122144244,3.845086562896499),(-0.043938425393255848,-0.072762729291645567,3.845086562896499),(-0.060983450315705859,-0.059211644020371448,3.845086562896499),(-0.074026232372090703,-0.041774596596397116,3.845086562896499),(-0.08221079537266518,-0.02159595156939112,3.845086562896499),(-0.076200000000004944,-9.3068228784854986E-014,3.845086562896499),(-0.073603547963229571,-0.019722011236922642,3.845086562896499),(-0.065991135768370013,-0.038100000000126817,3.845086562896499),(-0.053881536726399927,-0.053881536726555684,3.845086562896499),(-0.038099999999971018,-0.065991135768525694,3.845086562896499),(-0.019722011236766805,-0.073603547963385169,3.845086562896499),(6.2755534102620919E-014,-0.076200000000160431,3.8450865628964985),(0.019722011236892316,-0.073603547963385113,3.8450865628964985),(0.038100000000096501,-0.065991135768525569,3.8450865628964985),(0.053881536726525389,-0.053881536726555525,3.8450865628964985),(0.065991135768495426,-0.038100000000126616,3.8450865628964985),(0.073603547963354929,-0.01972201123692241,3.8450865628964985),(0.076200000000130219,-9.243112059890829E-014,3.8450865628964985),(0.073603547963354804,0.019722011236737173,3.8450865628964985),(0.065991135768495177,0.038099999999941327,3.8450865628964985),(0.053881536726525049,0.053881536726370152,3.8450865628964985),(0.038100000000096092,0.065991135768340092,3.8450865628964985),(0.019722011236891858,0.073603547963199525,3.8450865628964985),(6.2298699532448153E-014,0.076199999999974732,3.8450865628964985),(-0.019722011236767242,0.073603547963199345,3.845086562896499),(-0.038099999999971407,0.065991135768339745,3.845086562896499),(-0.053881536726400267,0.053881536726369653,3.845086562896499),(-0.065991135768370249,0.038099999999940681,3.845086562896499),(-0.07360354796322971,0.019722011236736458,3.845086562896499)));
#649=IFCPOLYGONALFACESET(#648,.T.,(#595,#596,#597,#598,#599,#600,#601,#602,#603,#604,#605,#606,#607,#608,#609,#610,#611,#612,#613,#614,#615,#616,#617,#618,#619,#620,#621,#622,#623,#624,#625,#626,#627,#628,#629,#630,#631,#632,#633,#634,#635,#636,#637,#638,#639,#640,#641,#642,#643,#644,#645,#646,#647),$);
#650=IFCINDEXEDCOLOURMAP(#649,1.,#594,(1,1,1,1,1,1,1,1,1,1,1,1,1,1,1,1,1,1,1,1,1,1,1,1,1,1,1,1,1,1,1,1,1,1,1,1,1,1,1,1,1,1,1,1,1,1,1,1,1,1,1,1,1));
#651=IFCSTYLEDITEM(#649,(#468),$);
#652=IFCCOLOURRGBLIST(((0.,0.,0.)));
#653=IFCINDEXEDPOLYGONALFACE((15,16,17,18,19,20,21,22,23,24,25,26,27,28,1,2,3,4,5,6,7,8,9,10,11,12,13,14));
#654=IFCINDEXEDPOLYGONALFACE((30,31,32,33,34,35,36,37,38,39,40,41,42,43,44,45,46,47,48,49,50,51,52,53,54,55,56,29));
#655=IFCINDEXEDPOLYGONALFACE((2,56,55,3));
#656=IFCINDEXEDPOLYGONALFACE((3,55,54,4));
#657=IFCINDEXEDPOLYGONALFACE((29,56,2,1));
#658=IFCINDEXEDPOLYGONALFACE((5,53,52,6));
#659=IFCINDEXEDPOLYGONALFACE((6,52,51,7));
#660=IFCINDEXEDPOLYGONALFACE((4,54,53,5));
#661=IFCINDEXEDPOLYGONALFACE((8,7,51,50));
#662=IFCINDEXEDPOLYGONALFACE((9,49,48,10));
#663=IFCINDEXEDPOLYGONALFACE((10,48,47,11));
#664=IFCINDEXEDPOLYGONALFACE((50,49,9,8));
#665=IFCINDEXEDPOLYGONALFACE((12,46,45,13));
#666=IFCINDEXEDPOLYGONALFACE((13,45,44,14));
#667=IFCINDEXEDPOLYGONALFACE((11,47,46,12));
#668=IFCINDEXEDPOLYGONALFACE((15,14,44,43));
#669=IFCINDEXEDPOLYGONALFACE((16,42,41,17));
#670=IFCINDEXEDPOLYGONALFACE((17,41,40,18));
#671=IFCINDEXEDPOLYGONALFACE((43,42,16,15));
#672=IFCINDEXEDPOLYGONALFACE((19,39,38,20));
#673=IFCINDEXEDPOLYGONALFACE((20,38,37,21));
#674=IFCINDEXEDPOLYGONALFACE((18,40,39,19));
#675=IFCINDEXEDPOLYGONALFACE((22,21,37,36));
#676=IFCINDEXEDPOLYGONALFACE((23,35,34,24));
#677=IFCINDEXEDPOLYGONALFACE((24,34,33,25));
#678=IFCINDEXEDPOLYGONALFACE((36,35,23,22));
#679=IFCINDEXEDPOLYGONALFACE((26,32,31,27));
#680=IFCINDEXEDPOLYGONALFACE((27,31,30,28));
#681=IFCINDEXEDPOLYGONALFACE((25,33,32,26));
#682=IFCINDEXEDPOLYGONALFACE((1,28,30,29));
#683=IFCCARTESIANPOINTLIST3D(((-0.077266827753690301,0.058924373983668302,4.4418274337119028),(-0.088913684783303693,0.058924373983668329,4.4402940958949113),(-0.099766827753690224,0.058924373983668385,4.4357985768822026),(-0.10908663290708483,0.058924373983668489,4.428647238865298),(-0.11623797092398988,0.058924373983668614,4.4193274337119028),(-0.12073348993669818,0.058924373983668767,4.4084742907415162),(-0.1222668277536901,0.058924373983668926,4.3968274337119029),(-0.1222668277536901,0.058924373983672111,4.166827433711906),(-0.12073348993669825,0.058924373983672271,4.1551805766822927),(-0.11623797092399002,0.058924373983672423,4.144327433711906),(-0.10908663290708502,0.058924373983672548,4.1350076285585118),(-0.099766827753690432,0.058924373983672652,4.1278562905416063),(-0.08891368478330397,0.058924373983672708,4.1233607715288976),(-0.077266827753690606,0.058924373983672729,4.1218274337119052),(0.092733172246309933,0.058924373983672729,4.1218274337119052),(0.10438002927592327,0.058924373983672708,4.1233607715288967),(0.11523317224630976,0.058924373983672652,4.1278562905416054),(0.12455297739970433,0.058924373983672548,4.13500762855851),(0.13170431541660943,0.058924373983672423,4.1443274337119043),(0.13619983442931777,0.058924373983672271,4.1551805766822918),(0.13773317224630974,0.058924373983672111,4.1668274337119042),(0.13773317224630974,0.058924373983668926,4.3968274337119038),(0.13619983442931782,0.058924373983668767,4.4084742907415171),(0.13170431541660957,0.058924373983668614,4.4193274337119037),(0.12455297739970453,0.058924373983668489,4.428647238865298),(0.11523317224631,0.058924373983668385,4.4357985768822035),(0.10438002927592355,0.058924373983668329,4.4402940958949113),(0.092733172246310225,0.058924373983668302,4.4418274337119037),(-0.077266827753690578,0.14595334602473647,4.4418274337119055),(0.092733172246310225,0.14595334602473647,4.4418274337119046),(0.10438002927592355,0.14595334602473647,4.4402940958949131),(0.11523317224631,0.14595334602473656,4.4357985768822044),(0.12455297739970453,0.14595334602473664,4.4286472388652989),(0.13170431541660957,0.14595334602473678,4.4193274337119046),(0.13619983442931782,0.14595334602473692,4.408474290741518),(0.13773317224630974,0.14595334602473709,4.3968274337119047),(0.13773317224630974,0.14595334602474028,4.1668274337119051),(0.13619983442931777,0.14595334602474042,4.1551805766822927),(0.13170431541660943,0.14595334602474058,4.144327433711906),(0.12455297739970433,0.14595334602474072,4.1350076285585118),(0.11523317224630976,0.1459533460247408,4.1278562905416063),(0.10438002927592327,0.14595334602474086,4.1233607715288976),(0.092733172246310197,0.14595334602474089,4.1218274337119052),(-0.077266827753690606,0.14595334602474089,4.121827433711907),(-0.08891368478330397,0.14595334602474086,4.1233607715288985),(-0.099766827753690432,0.1459533460247408,4.1278562905416072),(-0.10908663290708502,0.14595334602474072,4.1350076285585127),(-0.11623797092399002,0.14595334602474058,4.1443274337119069),(-0.12073348993669825,0.14595334602474042,4.1551805766822936),(-0.12226682775369026,0.14595334602474028,4.1668274337119069),(-0.1222668277536901,0.14595334602473709,4.3968274337119038),(-0.12073348993669818,0.14595334602473692,4.408474290741518),(-0.11623797092398988,0.14595334602473678,4.4193274337119037),(-0.10908663290708483,0.14595334602473664,4.4286472388652989),(-0.099766827753690224,0.14595334602473656,4.4357985768822035),(-0.088913684783303693,0.14595334602473647,4.4402940958949122)));
#684=IFCPOLYGONALFACESET(#683,.T.,(#653,#654,#655,#656,#657,#658,#659,#660,#661,#662,#663,#664,#665,#666,#667,#668,#669,#670,#671,#672,#673,#674,#675,#676,#677,#678,#679,#680,#681,#682),$);
#685=IFCINDEXEDCOLOURMAP(#684,1.,#652,(1,1,1,1,1,1,1,1,1,1,1,1,1,1,1,1,1,1,1,1,1,1,1,1,1,1,1,1,1,1));
#686=IFCSTYLEDITEM(#684,(#468),$);
#687=IFCCOLOURRGBLIST(((0.,0.,0.)));
#688=IFCINDEXEDPOLYGONALFACE((22,23,24,25,26,1,2,3,4,5,6,7,8,9,10,11,12,13,14,15,16,17,18,19,20,21));
#689=IFCINDEXEDPOLYGONALFACE((48,49,50,51,52,27,28,29,30,31,32,33,34,35,36,37,38,39,40,41,42,43,44,45,46,47));
#690=IFCINDEXEDPOLYGONALFACE((2,52,51,3));
#691=IFCINDEXEDPOLYGONALFACE((50,4,3,51));
#692=IFCINDEXEDPOLYGONALFACE((5,49,48,6));
#693=IFCINDEXEDPOLYGONALFACE((50,49,5,4));
#694=IFCINDEXEDPOLYGONALFACE((6,48,47,7));
#695=IFCINDEXEDPOLYGONALFACE((52,2,1,27));
#696=IFCINDEXEDPOLYGONALFACE((8,46,45,9));
#697=IFCINDEXEDPOLYGONALFACE((44,10,9,45));
#698=IFCINDEXEDPOLYGONALFACE((11,43,42,12));
#699=IFCINDEXEDPOLYGONALFACE((44,43,11,10));
#700=IFCINDEXEDPOLYGONALFACE((12,42,41,13));
#701=IFCINDEXEDPOLYGONALFACE((46,8,7,47));
#702=IFCINDEXEDPOLYGONALFACE((14,13,41,40));
#703=IFCINDEXEDPOLYGONALFACE((15,39,38,16));
#704=IFCINDEXEDPOLYGONALFACE((37,17,16,38));
#705=IFCINDEXEDPOLYGONALFACE((18,36,35,19));
#706=IFCINDEXEDPOLYGONALFACE((37,36,18,17));
#707=IFCINDEXEDPOLYGONALFACE((19,35,34,20));
#708=IFCINDEXEDPOLYGONALFACE((39,15,14,40));
#709=IFCINDEXEDPOLYGONALFACE((21,33,32,22));
#710=IFCINDEXEDPOLYGONALFACE((31,23,22,32));
#711=IFCINDEXEDPOLYGONALFACE((24,30,29,25));
#712=IFCINDEXEDPOLYGONALFACE((31,30,24,23));
#713=IFCINDEXEDPOLYGONALFACE((25,29,28,26));
#714=IFCINDEXEDPOLYGONALFACE((33,21,20,34));
#715=IFCINDEXEDPOLYGONALFACE((1,26,28,27));
#716=IFCCARTESIANPOINTLIST3D(((0.057436403612690812,-0.052087979618795091,1.243241983898425),(0.05743640361269068,-0.050384270933248598,1.256182936153551),(0.057436403612690562,-0.045389249808017181,1.2682419838984251),(0.057436403612690451,-0.037443318678122693,1.2785973229577523),(0.057436403612690375,-0.027087979618795381,1.2865432540876471),(0.057436403612690326,-0.015028931873921462,1.2915382752128788),(0.057436403612690305,-0.0020879796187954496,1.2932419838984253),(0.057436403612690326,0.010852972636330588,1.291538275212879),(0.057436403612690375,0.022912020381204646,1.2865432540876474),(0.057436403612690458,0.033267359440531996,1.278597322957753),(0.057436403612690569,0.041213290570426685,1.2682419838984256),(0.057436403612690694,0.046208311695658241,1.2561829361535517),(0.057436403612690826,0.047912020381204921,1.2432419838984257),(0.057436403612691755,0.047912020381204949,1.1532419838984251),(0.05743640361269188,0.046208311695658373,1.1403010316432991),(0.057436403612692005,0.041213290570426907,1.1282419838984252),(0.057436403612692109,0.033267359440532371,1.1178866448390978),(0.057436403612692193,0.022912020381205028,1.1099407137092032),(0.057436403612692241,0.010852972636331096,1.1049456925839718),(0.057436403612692262,-0.0020879796187948827,1.1032419838984253),(0.057436403612692241,-0.015028931873920912,1.1049456925839718),(0.057436403612692186,-0.027087979618794888,1.1099407137092032),(0.057436403612692102,-0.037443318678122291,1.1178866448390976),(0.057436403612691998,-0.045389249808016889,1.128241983898425),(0.057436403612691873,-0.050384270933248411,1.1403010316432989),(0.057436403612691735,-0.052087979618795084,1.1532419838984249),(0.13869395027758324,-0.052087979618795091,1.2432419838984259),(0.13869395027758419,-0.052087979618795091,1.1532419838984258),(0.13869395027758433,-0.050384270933248418,1.1403010316432998),(0.13869395027758444,-0.045389249808016903,1.1282419838984257),(0.13869395027758455,-0.037443318678122305,1.1178866448390985),(0.13869395027758463,-0.027087979618794899,1.1099407137092039),(0.13869395027758469,-0.015028931873920926,1.1049456925839725),(0.13869395027758469,-0.0020879796187948914,1.103241983898426),(0.13869395027758469,0.010852972636331087,1.1049456925839727),(0.13869395027758463,0.022912020381205017,1.1099407137092041),(0.13869395027758455,0.033267359440532364,1.1178866448390987),(0.13869395027758447,0.0412132905704269,1.1282419838984261),(0.13869395027758433,0.046208311695658366,1.1403010316433),(0.13869395027758419,0.047912020381204928,1.153241983898426),(0.13869395027758327,0.047912020381204908,1.2432419838984263),(0.13869395027758313,0.046208311695658234,1.2561829361535526),(0.13869395027758299,0.041213290570426678,1.2682419838984265),(0.13869395027758291,0.033267359440531989,1.2785973229577536),(0.13869395027758283,0.022912020381204636,1.2865432540876482),(0.13869395027758277,0.010852972636330572,1.2915382752128797),(0.13869395027758274,-0.0020879796187954582,1.2932419838984262),(0.13869395027758277,-0.01502893187392147,1.2915382752128794),(0.13869395027758283,-0.027087979618795388,1.286543254087648),(0.13869395027758291,-0.0374433186781227,1.2785973229577532),(0.13869395027758299,-0.045389249808017187,1.2682419838984258),(0.13869395027758311,-0.050384270933248605,1.2561829361535519)));
#717=IFCPOLYGONALFACESET(#716,.T.,(#688,#689,#690,#691,#692,#693,#694,#695,#696,#697,#698,#699,#700,#701,#702,#703,#704,#705,#706,#707,#708,#709,#710,#711,#712,#713,#714,#715),$);
#718=IFCINDEXEDCOLOURMAP(#717,1.,#687,(1,1,1,1,1,1,1,1,1,1,1,1,1,1,1,1,1,1,1,1,1,1,1,1,1,1,1,1));
#719=IFCSTYLEDITEM(#717,(#468),$);
#720=IFCCOLOURRGBLIST(((0.5490196078431373,0.5490196078431373,0.5490196078431373)));
#721=IFCINDEXEDPOLYGONALFACE((10,11,12,13,14,15,16,17,18,19,20,21,22,23,24,1,2,3,4,5,6,7,8,9));
#722=IFCINDEXEDPOLYGONALFACE((30,31,32,33,34,35,36,37,38,39,40,41,42,43,44,45,46,47,48,25,26,27,28,29));
#723=IFCINDEXEDPOLYGONALFACE((48,2,1,25));
#724=IFCINDEXEDPOLYGONALFACE((47,3,2,48));
#725=IFCINDEXEDPOLYGONALFACE((5,4,46,45));
#726=IFCINDEXEDPOLYGONALFACE((47,46,4,3));
#727=IFCINDEXEDPOLYGONALFACE((6,5,45,44));
#728=IFCINDEXEDPOLYGONALFACE((7,6,44,43));
#729=IFCINDEXEDPOLYGONALFACE((42,8,7,43));
#730=IFCINDEXEDPOLYGONALFACE((41,9,8,42));
#731=IFCINDEXEDPOLYGONALFACE((11,10,40,39));
#732=IFCINDEXEDPOLYGONALFACE((41,40,10,9));
#733=IFCINDEXEDPOLYGONALFACE((12,11,39,38));
#734=IFCINDEXEDPOLYGONALFACE((13,12,38,37));
#735=IFCINDEXEDPOLYGONALFACE((36,14,13,37));
#736=IFCINDEXEDPOLYGONALFACE((35,15,14,36));
#737=IFCINDEXEDPOLYGONALFACE((17,16,34,33));
#738=IFCINDEXEDPOLYGONALFACE((35,34,16,15));
#739=IFCINDEXEDPOLYGONALFACE((18,17,33,32));
#740=IFCINDEXEDPOLYGONALFACE((19,18,32,31));
#741=IFCINDEXEDPOLYGONALFACE((30,20,19,31));
#742=IFCINDEXEDPOLYGONALFACE((29,21,20,30));
#743=IFCINDEXEDPOLYGONALFACE((23,22,28,27));
#744=IFCINDEXEDPOLYGONALFACE((29,28,22,21));
#745=IFCINDEXEDPOLYGONALFACE((24,23,27,26));
#746=IFCINDEXEDPOLYGONALFACE((1,24,26,25));
#747=IFCCARTESIANPOINTLIST3D(((0.14451736325859896,-0.037087979618794988,1.2432419838984261),(0.14451736325859899,-0.035895383538912411,1.234183317319838),(0.14451736325859901,-0.032398868751250427,1.2257419838984263),(0.14451736325859901,-0.026836716960324272,1.2184932465568972),(0.14451736325859904,-0.019587979618795156,1.2129310947659711),(0.14451736325859904,-0.011146646197383439,1.2094345799783088),(0.14451736325859904,-0.0020879796187952509,1.2082419838984262),(0.14451736325859904,0.0069706869597929415,1.2094345799783088),(0.14451736325859904,0.015412020381204698,1.2129310947659708),(0.14451736325859901,0.022660757722733859,1.2184932465568969),(0.14451736325859901,0.028222909513660067,1.225741983898426),(0.14451736325859901,0.031719424301322144,1.2341833173198378),(0.14451736325859899,0.032912020381204804,1.2432419838984261),(0.14451736325859896,0.031719424301322199,1.2523006504770142),(0.14451736325859896,0.028222909513660181,1.260741983898426),(0.14451736325859896,0.022660757722734015,1.2679907212399553),(0.14451736325859893,0.015412020381204889,1.2735528730308814),(0.14451736325859893,0.0069706869597931523,1.2770493878185434),(0.14451736325859893,-0.0020879796187950436,1.278241983898426),(0.14451736325859893,-0.011146646197383236,1.2770493878185434),(0.14451736325859893,-0.019587979618794979,1.2735528730308816),(0.14451736325859893,-0.026836716960324119,1.2679907212399553),(0.14451736325859896,-0.032398868751250309,1.2607419838984262),(0.14451736325859896,-0.035895383538912348,1.2523006504770144),(0.13869395027758324,-0.037087979618794988,1.2432419838984261),(0.13869395027758324,-0.035895383538912348,1.2523006504770144),(0.13869395027758322,-0.032398868751250309,1.2607419838984262),(0.13869395027758322,-0.026836716960324119,1.2679907212399553),(0.13869395027758322,-0.019587979618794979,1.2735528730308816),(0.13869395027758319,-0.011146646197383236,1.2770493878185434),(0.13869395027758319,-0.0020879796187950393,1.278241983898426),(0.13869395027758322,0.0069706869597931523,1.2770493878185434),(0.13869395027758322,0.015412020381204889,1.2735528730308814),(0.13869395027758322,0.022660757722734015,1.2679907212399553),(0.13869395027758322,0.028222909513660181,1.260741983898426),(0.13869395027758324,0.031719424301322199,1.2523006504770142),(0.13869395027758324,0.032912020381204804,1.2432419838984259),(0.13869395027758327,0.031719424301322144,1.2341833173198378),(0.1386939502775833,0.028222909513660067,1.225741983898426),(0.1386939502775833,0.022660757722733859,1.2184932465568969),(0.1386939502775833,0.015412020381204698,1.2129310947659708),(0.1386939502775833,0.006970686959792945,1.2094345799783088),(0.1386939502775833,-0.0020879796187952509,1.2082419838984262),(0.1386939502775833,-0.011146646197383439,1.2094345799783088),(0.1386939502775833,-0.019587979618795156,1.2129310947659711),(0.1386939502775833,-0.026836716960324272,1.2184932465568972),(0.13869395027758327,-0.032398868751250427,1.2257419838984263),(0.13869395027758324,-0.035895383538912411,1.234183317319838)));
#748=IFCPOLYGONALFACESET(#747,.T.,(#721,#722,#723,#724,#725,#726,#727,#728,#729,#730,#731,#732,#733,#734,#735,#736,#737,#738,#739,#740,#741,#742,#743,#744,#745,#746),$);
#749=IFCINDEXEDCOLOURMAP(#748,1.,#720,(1,1,1,1,1,1,1,1,1,1,1,1,1,1,1,1,1,1,1,1,1,1,1,1,1,1));
#750=IFCCOLOURRGB($,0.5490196078431373,0.5490196078431373,0.5490196078431373);
#751=IFCSURFACESTYLERENDERING(#750,0.,$,$,$,$,IFCNORMALISEDRATIOMEASURE(0.5),IFCSPECULAREXPONENT(64.),.NOTDEFINED.);
#752=IFCSURFACESTYLE('ACERO _INOXIDABLE _GENERICO',.BOTH.,(#751));
#753=IFCSTYLEDITEM(#748,(#752),$);
#754=IFCCOLOURRGBLIST(((0.,0.,0.)));
#755=IFCINDEXEDPOLYGONALFACE((1,2,3,4,5,6,7,8,9,10,11,12,13,14,15,16,17,18,19,20,21,22,23,24,25,26));
#756=IFCINDEXEDPOLYGONALFACE((39,40,41,42,43,44,45,46,47,48,49,50,51,52,27,28,29,30,31,32,33,34,35,36,37,38));
#757=IFCINDEXEDPOLYGONALFACE((2,1,27,52));
#758=IFCINDEXEDPOLYGONALFACE((15,14,40,39));
#759=IFCINDEXEDPOLYGONALFACE((3,2,52,51));
#760=IFCINDEXEDPOLYGONALFACE((4,3,51,50));
#761=IFCINDEXEDPOLYGONALFACE((6,5,49,48));
#762=IFCINDEXEDPOLYGONALFACE((7,6,48,47));
#763=IFCINDEXEDPOLYGONALFACE((50,49,5,4));
#764=IFCINDEXEDPOLYGONALFACE((47,46,8,7));
#765=IFCINDEXEDPOLYGONALFACE((10,9,45,44));
#766=IFCINDEXEDPOLYGONALFACE((10,44,43,11));
#767=IFCINDEXEDPOLYGONALFACE((13,12,42,41));
#768=IFCINDEXEDPOLYGONALFACE((42,12,11,43));
#769=IFCINDEXEDPOLYGONALFACE((14,13,41,40));
#770=IFCINDEXEDPOLYGONALFACE((8,46,45,9));
#771=IFCINDEXEDPOLYGONALFACE((16,38,37,17));
#772=IFCINDEXEDPOLYGONALFACE((36,18,17,37));
#773=IFCINDEXEDPOLYGONALFACE((19,35,34,20));
#774=IFCINDEXEDPOLYGONALFACE((36,35,19,18));
#775=IFCINDEXEDPOLYGONALFACE((20,34,33,21));
#776=IFCINDEXEDPOLYGONALFACE((38,16,15,39));
#777=IFCINDEXEDPOLYGONALFACE((22,32,31,23));
#778=IFCINDEXEDPOLYGONALFACE((30,24,23,31));
#779=IFCINDEXEDPOLYGONALFACE((25,29,28,26));
#780=IFCINDEXEDPOLYGONALFACE((30,29,25,24));
#781=IFCINDEXEDPOLYGONALFACE((26,28,27,1));
#782=IFCINDEXEDPOLYGONALFACE((32,22,21,33));
#783=IFCCARTESIANPOINTLIST3D(((-0.38077042959335,0.24567439271859842,4.5297109024847337),(-0.38712467380645893,0.24567439271859842,4.5297109024847337),(-0.39311115210367298,0.24567439271859892,4.5656312324527395),(-0.40798385138033783,0.24567439271859937,4.5988714316645272),(-0.43077659570642785,0.24567439271859978,4.6272721153446597),(-0.46000869885697188,0.24567439271860009,4.6489882884147331),(-0.49378115420763802,0.24567439271860025,4.6626092020037957),(-0.52989999999999327,0.24567439271860031,4.6672499999999939),(-0.56601884579234851,0.24567439271860025,4.6626092020037957),(-0.59979130114301471,0.24567439271860009,4.648988288414734),(-0.62902340429355874,0.24567439271859978,4.6272721153446605),(-0.65181614861964887,0.24567439271859937,4.5988714316645281),(-0.66668884789631377,0.24567439271859892,4.5656312324527395),(-0.6726753261935281,0.24567439271859842,4.5297109024847337),(-0.67902957040663703,0.24567439271859842,4.5297109024847328),(-0.67282533094159536,0.24567439271859892,4.5672754708625751),(-0.65731706299049997,0.24567439271859942,4.6020473418204366),(-0.63351431024889993,0.24567439271859984,4.6317629664424329),(-0.60296656354599487,0.24567439271860014,4.6544879429248915),(-0.56766239344262337,0.24567439271860034,4.6687429405771317),(-0.52989999999999404,0.24567439271860042,4.6735999999999942),(-0.49213760655736466,0.24567439271860034,4.6687429405771317),(-0.45683343645399299,0.24567439271860014,4.6544879429248924),(-0.42628568975108783,0.24567439271859984,4.6317629664424338),(-0.40248293700948751,0.24567439271859942,4.6020473418204375),(-0.38697466905839201,0.24567439271859892,4.567275470862576),(-0.38077042959335,0.05820000000000853,4.5297109024847364),(-0.38697466905839201,0.058200000000009043,4.5672754708625787),(-0.40248293700948751,0.058200000000009529,4.6020473418204402),(-0.42628568975108783,0.058200000000009938,4.6317629664424365),(-0.45683343645399299,0.058200000000010257,4.6544879429248951),(-0.49213760655736466,0.058200000000010452,4.6687429405771343),(-0.52989999999999404,0.058200000000010514,4.6735999999999969),(-0.56766239344262337,0.058200000000010452,4.6687429405771343),(-0.60296656354599487,0.058200000000010257,4.6544879429248942),(-0.63351431024889993,0.058200000000009938,4.6317629664424356),(-0.65731706299049997,0.058200000000009529,4.6020473418204393),(-0.67282533094159536,0.058200000000009043,4.5672754708625778),(-0.67902957040663703,0.05820000000000853,4.5297109024847364),(-0.6726753261935281,0.05820000000000853,4.5297109024847364),(-0.66668884789631377,0.058200000000009029,4.5656312324527422),(-0.65181614861964887,0.058200000000009487,4.5988714316645307),(-0.62902340429355874,0.058200000000009876,4.6272721153446632),(-0.59979130114301471,0.058200000000010181,4.6489882884147367),(-0.56601884579234851,0.058200000000010362,4.6626092020037984),(-0.52989999999999327,0.058200000000010431,4.6672499999999966),(-0.49378115420763802,0.058200000000010362,4.6626092020037984),(-0.46000869885697188,0.058200000000010181,4.6489882884147358),(-0.43077659570642785,0.058200000000009876,4.6272721153446623),(-0.40798385138033783,0.058200000000009487,4.5988714316645298),(-0.39311115210367298,0.058200000000009029,4.5656312324527422),(-0.38712467380645893,0.05820000000000853,4.5297109024847355)));
#784=IFCPOLYGONALFACESET(#783,.T.,(#755,#756,#757,#758,#759,#760,#761,#762,#763,#764,#765,#766,#767,#768,#769,#770,#771,#772,#773,#774,#775,#776,#777,#778,#779,#780,#781,#782),$);
#785=IFCINDEXEDCOLOURMAP(#784,1.,#754,(1,1,1,1,1,1,1,1,1,1,1,1,1,1,1,1,1,1,1,1,1,1,1,1,1,1,1,1));
#786=IFCSTYLEDITEM(#784,(#468),$);
#787=IFCCOLOURRGBLIST(((1.,0.,0.)));
#788=IFCINDEXEDPOLYGONALFACE((23,12,24));
#789=IFCINDEXEDPOLYGONALFACE((54,7,55));
#790=IFCINDEXEDPOLYGONALFACE((13,31,29));
#791=IFCINDEXEDPOLYGONALFACE((56,57,34));
#792=IFCINDEXEDPOLYGONALFACE((35,47,50));
#793=IFCINDEXEDPOLYGONALFACE((50,47,49));
#794=IFCINDEXEDPOLYGONALFACE((66,26,3));
#795=IFCINDEXEDPOLYGONALFACE((19,40,12,10,41,42,21,11));
#796=IFCINDEXEDPOLYGONALFACE((25,13,29,24));
#797=IFCINDEXEDPOLYGONALFACE((31,13,67,30));
#798=IFCINDEXEDPOLYGONALFACE((23,10,12));
#799=IFCINDEXEDPOLYGONALFACE((8,28,68));
#800=IFCINDEXEDPOLYGONALFACE((18,27,26));
#801=IFCINDEXEDPOLYGONALFACE((24,9,23));
#802=IFCINDEXEDPOLYGONALFACE((34,49,54));
#803=IFCINDEXEDPOLYGONALFACE((61,62,38));
#804=IFCINDEXEDPOLYGONALFACE((32,58,57));
#805=IFCINDEXEDPOLYGONALFACE((77,65,76));
#806=IFCINDEXEDPOLYGONALFACE((28,9,29));
#807=IFCINDEXEDPOLYGONALFACE((30,32,68));
#808=IFCINDEXEDPOLYGONALFACE((18,2,27));
#809=IFCINDEXEDPOLYGONALFACE((22,44,45,2,18,43,20,1));
#810=IFCINDEXEDPOLYGONALFACE((61,5,60));
#811=IFCINDEXEDPOLYGONALFACE((3,26,27));
#812=IFCINDEXEDPOLYGONALFACE((66,3,64));
#813=IFCINDEXEDPOLYGONALFACE((24,29,9));
#814=IFCINDEXEDPOLYGONALFACE((48,47,35));
#815=IFCINDEXEDPOLYGONALFACE((28,29,31));
#816=IFCINDEXEDPOLYGONALFACE((28,31,68));
#817=IFCINDEXEDPOLYGONALFACE((52,33,71));
#818=IFCINDEXEDPOLYGONALFACE((70,69,15));
#819=IFCINDEXEDPOLYGONALFACE((62,37,73));
#820=IFCINDEXEDPOLYGONALFACE((49,47,46));
#821=IFCINDEXEDPOLYGONALFACE((53,73,48));
#822=IFCINDEXEDPOLYGONALFACE((70,75,53));
#823=IFCINDEXEDPOLYGONALFACE((60,48,37));
#824=IFCINDEXEDPOLYGONALFACE((66,65,17));
#825=IFCINDEXEDPOLYGONALFACE((74,5,61));
#826=IFCINDEXEDPOLYGONALFACE((63,62,16));
#827=IFCINDEXEDPOLYGONALFACE((46,47,6));
#828=IFCINDEXEDPOLYGONALFACE((54,49,7));
#829=IFCINDEXEDPOLYGONALFACE((35,53,48));
#830=IFCINDEXEDPOLYGONALFACE((48,60,59));
#831=IFCINDEXEDPOLYGONALFACE((6,47,48));
#832=IFCINDEXEDPOLYGONALFACE((7,49,46));
#833=IFCINDEXEDPOLYGONALFACE((49,34,50));
#834=IFCINDEXEDPOLYGONALFACE((57,51,34));
#835=IFCINDEXEDPOLYGONALFACE((74,76,4));
#836=IFCINDEXEDPOLYGONALFACE((52,51,33));
#837=IFCINDEXEDPOLYGONALFACE((52,34,51));
#838=IFCINDEXEDPOLYGONALFACE((50,34,52));
#839=IFCINDEXEDPOLYGONALFACE((71,33,69));
#840=IFCINDEXEDPOLYGONALFACE((53,36,73));
#841=IFCINDEXEDPOLYGONALFACE((55,32,56));
#842=IFCINDEXEDPOLYGONALFACE((56,34,54));
#843=IFCINDEXEDPOLYGONALFACE((55,56,54));
#844=IFCINDEXEDPOLYGONALFACE((68,55,8));
#845=IFCINDEXEDPOLYGONALFACE((57,56,32));
#846=IFCINDEXEDPOLYGONALFACE((59,60,5));
#847=IFCINDEXEDPOLYGONALFACE((57,14,51));
#848=IFCINDEXEDPOLYGONALFACE((58,32,30));
#849=IFCINDEXEDPOLYGONALFACE((58,14,57));
#850=IFCINDEXEDPOLYGONALFACE((59,6,48));
#851=IFCINDEXEDPOLYGONALFACE((61,60,37));
#852=IFCINDEXEDPOLYGONALFACE((62,61,37));
#853=IFCINDEXEDPOLYGONALFACE((61,38,74));
#854=IFCINDEXEDPOLYGONALFACE((73,36,72));
#855=IFCINDEXEDPOLYGONALFACE((62,63,38));
#856=IFCINDEXEDPOLYGONALFACE((65,64,4));
#857=IFCINDEXEDPOLYGONALFACE((77,63,39));
#858=IFCINDEXEDPOLYGONALFACE((76,65,4));
#859=IFCINDEXEDPOLYGONALFACE((65,39,78,17));
#860=IFCINDEXEDPOLYGONALFACE((65,66,64));
#861=IFCINDEXEDPOLYGONALFACE((66,17,91,26));
#862=IFCINDEXEDPOLYGONALFACE((30,68,31));
#863=IFCINDEXEDPOLYGONALFACE((55,68,32));
#864=IFCINDEXEDPOLYGONALFACE((35,50,71));
#865=IFCINDEXEDPOLYGONALFACE((50,52,71));
#866=IFCINDEXEDPOLYGONALFACE((53,35,70));
#867=IFCINDEXEDPOLYGONALFACE((69,70,71));
#868=IFCINDEXEDPOLYGONALFACE((35,71,70));
#869=IFCINDEXEDPOLYGONALFACE((62,73,72));
#870=IFCINDEXEDPOLYGONALFACE((16,62,72));
#871=IFCINDEXEDPOLYGONALFACE((73,37,48));
#872=IFCINDEXEDPOLYGONALFACE((76,74,38));
#873=IFCINDEXEDPOLYGONALFACE((75,70,15));
#874=IFCINDEXEDPOLYGONALFACE((75,36,53));
#875=IFCINDEXEDPOLYGONALFACE((77,76,38));
#876=IFCINDEXEDPOLYGONALFACE((63,77,38));
#877=IFCINDEXEDPOLYGONALFACE((65,77,39));
#878=IFCINDEXEDPOLYGONALFACE((90,18,26));
#879=IFCINDEXEDPOLYGONALFACE((112,84,113));
#880=IFCINDEXEDPOLYGONALFACE((17,95,94));
#881=IFCINDEXEDPOLYGONALFACE((114,115,97));
#882=IFCINDEXEDPOLYGONALFACE((98,106,109));
#883=IFCINDEXEDPOLYGONALFACE((109,106,108));
#884=IFCINDEXEDPOLYGONALFACE((88,1,20,43,18,87,101,102));
#885=IFCINDEXEDPOLYGONALFACE((91,17,94,26));
#886=IFCINDEXEDPOLYGONALFACE((95,17,78,39));
#887=IFCINDEXEDPOLYGONALFACE((19,11,89,103,104,79,12,40));
#888=IFCINDEXEDPOLYGONALFACE((85,93,123));
#889=IFCINDEXEDPOLYGONALFACE((26,86,90));
#890=IFCINDEXEDPOLYGONALFACE((97,108,112));
#891=IFCINDEXEDPOLYGONALFACE((118,119,100));
#892=IFCINDEXEDPOLYGONALFACE((96,63,115));
#893=IFCINDEXEDPOLYGONALFACE((129,121,128));
#894=IFCINDEXEDPOLYGONALFACE((93,86,94));
#895=IFCINDEXEDPOLYGONALFACE((39,96,123));
#896=IFCINDEXEDPOLYGONALFACE((12,79,92));
#897=IFCINDEXEDPOLYGONALFACE((82,117,118));
#898=IFCINDEXEDPOLYGONALFACE((80,24,92));
#899=IFCINDEXEDPOLYGONALFACE((122,80,120));
#900=IFCINDEXEDPOLYGONALFACE((93,95,123));
#901=IFCINDEXEDPOLYGONALFACE((12,92,24));
#902=IFCINDEXEDPOLYGONALFACE((122,24,80));
#903=IFCINDEXEDPOLYGONALFACE((26,94,86));
#904=IFCINDEXEDPOLYGONALFACE((107,106,98));
#905=IFCINDEXEDPOLYGONALFACE((93,94,95));
#906=IFCINDEXEDPOLYGONALFACE((90,87,18));
#907=IFCINDEXEDPOLYGONALFACE((110,36,125));
#908=IFCINDEXEDPOLYGONALFACE((124,75,15));
#909=IFCINDEXEDPOLYGONALFACE((51,14,119));
#910=IFCINDEXEDPOLYGONALFACE((108,106,105));
#911=IFCINDEXEDPOLYGONALFACE((111,126,107));
#912=IFCINDEXEDPOLYGONALFACE((124,69,111));
#913=IFCINDEXEDPOLYGONALFACE((117,107,99));
#914=IFCINDEXEDPOLYGONALFACE((122,121,13));
#915=IFCINDEXEDPOLYGONALFACE((127,82,118));
#916=IFCINDEXEDPOLYGONALFACE((58,119,14));
#917=IFCINDEXEDPOLYGONALFACE((105,106,83));
#918=IFCINDEXEDPOLYGONALFACE((112,108,84));
#919=IFCINDEXEDPOLYGONALFACE((98,111,107));
#920=IFCINDEXEDPOLYGONALFACE((107,117,116));
#921=IFCINDEXEDPOLYGONALFACE((83,106,107));
#922=IFCINDEXEDPOLYGONALFACE((84,108,105));
#923=IFCINDEXEDPOLYGONALFACE((108,97,109));
#924=IFCINDEXEDPOLYGONALFACE((115,72,97));
#925=IFCINDEXEDPOLYGONALFACE((127,128,81));
#926=IFCINDEXEDPOLYGONALFACE((110,72,36));
#927=IFCINDEXEDPOLYGONALFACE((110,97,72));
#928=IFCINDEXEDPOLYGONALFACE((109,97,110));
#929=IFCINDEXEDPOLYGONALFACE((125,36,75));
#930=IFCINDEXEDPOLYGONALFACE((126,111,33));
#931=IFCINDEXEDPOLYGONALFACE((113,96,114));
#932=IFCINDEXEDPOLYGONALFACE((114,97,112));
#933=IFCINDEXEDPOLYGONALFACE((113,114,112));
#934=IFCINDEXEDPOLYGONALFACE((123,113,85));
#935=IFCINDEXEDPOLYGONALFACE((115,114,96));
#936=IFCINDEXEDPOLYGONALFACE((116,117,82));
#937=IFCINDEXEDPOLYGONALFACE((115,16,72));
#938=IFCINDEXEDPOLYGONALFACE((63,96,39));
#939=IFCINDEXEDPOLYGONALFACE((63,16,115));
#940=IFCINDEXEDPOLYGONALFACE((116,83,107));
#941=IFCINDEXEDPOLYGONALFACE((118,117,99));
#942=IFCINDEXEDPOLYGONALFACE((119,118,99));
#943=IFCINDEXEDPOLYGONALFACE((118,100,127));
#944=IFCINDEXEDPOLYGONALFACE((99,126,119));
#945=IFCINDEXEDPOLYGONALFACE((119,58,100));
#946=IFCINDEXEDPOLYGONALFACE((121,120,81));
#947=IFCINDEXEDPOLYGONALFACE((129,58,30));
#948=IFCINDEXEDPOLYGONALFACE((128,121,81));
#949=IFCINDEXEDPOLYGONALFACE((121,30,67,13));
#950=IFCINDEXEDPOLYGONALFACE((121,122,120));
#951=IFCINDEXEDPOLYGONALFACE((122,13,25,24));
#952=IFCINDEXEDPOLYGONALFACE((39,123,95));
#953=IFCINDEXEDPOLYGONALFACE((113,123,96));
#954=IFCINDEXEDPOLYGONALFACE((98,109,125));
#955=IFCINDEXEDPOLYGONALFACE((109,110,125));
#956=IFCINDEXEDPOLYGONALFACE((111,98,124));
#957=IFCINDEXEDPOLYGONALFACE((75,124,125));
#958=IFCINDEXEDPOLYGONALFACE((98,125,124));
#959=IFCINDEXEDPOLYGONALFACE((126,33,51));
#960=IFCINDEXEDPOLYGONALFACE((107,126,99));
#961=IFCINDEXEDPOLYGONALFACE((119,126,51));
#962=IFCINDEXEDPOLYGONALFACE((128,127,100));
#963=IFCINDEXEDPOLYGONALFACE((69,124,15));
#964=IFCINDEXEDPOLYGONALFACE((69,33,111));
#965=IFCINDEXEDPOLYGONALFACE((129,128,100));
#966=IFCINDEXEDPOLYGONALFACE((58,129,100));
#967=IFCINDEXEDPOLYGONALFACE((121,129,30));
#968=IFCINDEXEDPOLYGONALFACE((45,44,22,1,88,102,101,87,90,86,93,85,113,84,105,83,116,82,127,81,120,80,92,79,104,103,89,11,21,42,41,10,23,9,28,8,55,7,46,6,59,5,74,4,64,3,27,2));
#969=IFCCARTESIANPOINTLIST3D(((-0.4028999999999176,0.058200000000008995,4.5234782295631657),(-0.40911582243043337,0.058200000000009001,4.484233071277548),(-0.42715484171429963,0.058200000000009029,4.4488295025220221),(-0.45525127295877388,0.058200000000009078,4.4207330712775486),(-0.49065484171429952,0.058200000000009126,4.4026940519936826),(-0.52989999999991755,0.058200000000009196,4.3964782295631677),(-0.56914515828553547,0.058200000000009265,4.4026940519936835),(-0.604548727041061,0.058200000000009314,4.4207330712775494),(-0.63264515828553491,0.058200000000009369,4.448829502522023),(-0.65068417756940089,0.05820000000000939,4.4842330712775489),(-0.65689999999991622,0.058200000000009397,4.5234782295631675),(-0.63095242080252745,0.083438277872463218,4.5234782295631675),(-0.60011415278777258,0.10239213663584179,4.5234782295631666),(-0.56587769233850738,0.11414425610757321,4.5234782295631666),(-0.52989999999991688,0.11812586258758928,4.5234782295631666),(-0.49392230766132633,0.11414425610757309,4.5234782295631666),(-0.45968584721206107,0.10239213663584158,4.5234782295631666),(-0.42884757919730632,0.083438277872462885,4.5234782295631666),(-0.64671648920368807,0.068105135012303877,4.5234782295631675),(-0.41308351077876987,0.068105134995402591,4.5234782295631666),(-0.65416530010189011,0.05820000000000939,4.5062120139398232),(-0.40563469994426937,0.058200000000009001,4.5062120136473336),(-0.6416646679274679,0.058200000000009376,4.4665312868997864),(-0.61553328679514996,0.092915207254152504,4.5234782295631666),(-0.60782371979146121,0.097653671944997147,4.5234782295631675),(-0.44426671320468369,0.092915207254152241,4.5234782295631666),(-0.41813533207236653,0.058200000000009022,4.4665312868997846),(-0.6185969426632979,0.058200000000009341,4.4347812868997867),(-0.62123543484241472,0.081852437191573299,4.4757418921406016),(-0.58299592256313992,0.10826819637170751,4.5234782295631666),(-0.60748978882289673,0.091607606453557769,4.4787221746069825),(-0.58943811708261573,0.091288129055364264,4.4559017660427322),(-0.54788884616921207,0.11613505934758124,4.5234782295631666),(-0.56630285856769613,0.098731328617917724,4.4550608189458831),(-0.53740658512742567,0.10364320943836557,4.4563977971074156),(-0.51191115383062158,0.11613505934758118,4.5234782295631666),(-0.4939664302998284,0.098946198327185278,4.4552692205353237),(-0.47156474961952904,0.090161274510326475,4.4526444107082348),(-0.47680407743669367,0.10826819637170733,4.5234782295631666),(-0.63883445500310765,0.075771706442383555,4.5234782295631675),(-0.65242473883564545,0.05820000000000939,4.495222542608686),(-0.65329501946876778,0.058200000000009397,4.5007172782742542),(-0.42096554498803807,0.075771706433932731,4.5234782295631657),(-0.40737526118735135,0.058200000000009001,4.4952225424624404),(-0.40824554180889244,0.058200000000009001,4.4897278068699942),(-0.54952257914272651,0.05820000000000923,4.3995861407784256),(-0.53993460491614265,0.082259578595118399,4.4214212982038372),(-0.51596942617424324,0.090066383540326422,4.4326361659558868),(-0.55636386295996931,0.083077469328181205,4.4254740078322232),(-0.5522323426970781,0.10146210097389673,4.4548690867491505),(-0.55688326925385967,0.11513965772757723,4.5234782295631666),(-0.56015791888473776,0.11069003088615377,4.4850580033078726),(-0.51848883081314967,0.11124553066030665,4.4777989985880113),(-0.56954316069641164,0.08106911119120204,4.4273030195381322),(-0.58684694266329829,0.058200000000009293,4.4117135616356169),(-0.5781491501393502,0.09337941821495982,4.4513459097002661),(-0.5811615118463157,0.10462097670932463,4.4830554997855643),(-0.57443680745082371,0.11120622623964035,4.5234782295631666),(-0.51027742085710859,0.058200000000009161,4.3995861407784247),(-0.50016094537561728,0.079813620999743276,4.4222094517106054),(-0.48573320853912738,0.081978195133613443,4.4305377226722129),(-0.48237271322227754,0.098078607055871014,4.4607381538258482),(-0.48536319254901,0.11120622623964022,4.5234782295631666),(-0.4412030573365367,0.05820000000000905,4.4347812868997849),(-0.45241792609651577,0.087647898914934783,4.4678260886596561),(-0.43902737396240787,0.081099522617259168,4.472924670045475),(-0.59155503767545625,0.10533016650377466,4.5234782295631666),(-0.60151549758375689,0.083407882834397373,4.4521290535259208),(-0.53889442308456448,0.11713046096758527,4.5234782295631666),(-0.53357173600583407,0.11446446130400365,4.4891563928460334),(-0.54743278861340527,0.11280038388061317,4.4858388483413387),(-0.50291673074597398,0.11513965772757713,4.5234782295631666),(-0.49965163184101979,0.1108285474511258,4.4856212606222368),(-0.4729530573365367,0.058200000000009106,4.4117135616356151),(-0.52090557691526918,0.11713046096758524,4.5234782295631666),(-0.46016750656312155,0.081334024253583687,4.4467252639072621),(-0.46655493044591684,0.099444069579529309,4.4812158868933079),(-0.4682449623243774,0.10533016650377446,4.5234782295631666),(-0.65068417756940045,0.05820000000000939,4.5627233878487861),(-0.63264515828553403,0.058200000000009369,4.598126956604311),(-0.60454872704105977,0.058200000000009314,4.6262233878487846),(-0.56914515828553403,0.058200000000009265,4.6442624071326506),(-0.52989999999991588,0.058200000000009196,4.6504782295631664),(-0.4906548417142978,0.058200000000009126,4.6442624071326506),(-0.45525127295877238,0.058200000000009078,4.6262233878487837),(-0.42715484171429857,0.058200000000009029,4.5981269566043093),(-0.40911582243043276,0.058200000000009001,4.5627233878487843),(-0.40563469989733159,0.058200000000009001,4.5407444451826455),(-0.65416530009748353,0.05820000000000939,4.5407444452143331),(-0.4181353320723657,0.058200000000009022,4.5804251722265468),(-0.45197628020837227,0.097653671944996898,4.5234782295631666),(-0.64166466792746724,0.058200000000009376,4.5804251722265485),(-0.44120305733653553,0.05820000000000905,4.6121751722265465),(-0.43856456522613008,0.081852437223864413,4.5712145670304336),(-0.45231021137066219,0.091607606710176911,4.5682342840638297),(-0.47036188314371663,0.091288129086437145,4.5910546932198404),(-0.49349714264039402,0.098731328909131999,4.5918956402055358),(-0.52239341517072391,0.10364321131995231,4.590558657843304),(-0.56583356960837194,0.098946198079336412,4.5916872391674666),(-0.58823525200849669,0.090161275439455138,4.5943120452857702),(-0.40737526116388217,0.058200000000009001,4.5517339165157154),(-0.40650498053060685,0.058200000000008995,4.54623918084918),(-0.65242473883344199,0.05820000000000939,4.5517339165315587),(-0.65155445820142133,0.058200000000009397,4.5572286521901724),(-0.51027742085710681,0.058200000000009161,4.6473703183479085),(-0.51986539538307608,0.082259580301144122,4.6255351588010107),(-0.54383057341090801,0.090066386503897505,4.614320288781669),(-0.50343613722414082,0.083077468685763434,4.6214824521926712),(-0.50756765840039142,0.10146209933983037,4.5920873762563801),(-0.49964208141069932,0.11069003113913015,4.5618984550168342),(-0.54131116939423263,0.11124553141165364,4.5691574578932768),(-0.4902568387880053,0.08106911162759263,4.6196534387973092),(-0.47295305733653514,0.058200000000009106,4.6352428974907172),(-0.48165085050585177,0.093379420368172456,4.5956105456848659),(-0.47863848774577783,0.10462097706115203,4.5639009575091558),(-0.54952257914272495,0.05820000000000923,4.6473703183479085),(-0.55963905519882984,0.079813620586663428,4.6247470077618633),(-0.57406679349010581,0.081978195702206297,4.6164187347042525),(-0.57742728769980722,0.098078608841839526,4.5862183004887731),(-0.6185969426632969,0.058200000000009341,4.6121751722265483),(-0.6073820759537133,0.087647898911465905,4.5791303676203574),(-0.62077262520184429,0.081099525695308858,4.5740317828190973),(-0.45828450249049479,0.083407882705700417,4.594827405909272),(-0.52622826419243196,0.11446446178602475,4.5578000640421594),(-0.51236721186721446,0.11280038345587266,4.5611176128055728),(-0.56014836821606162,0.11082854732167154,4.5613351989960487),(-0.58684694266329696,0.058200000000009293,4.6352428974907181),(-0.59963249506494831,0.081334024361115781,4.600231193560794),(-0.59324507226467149,0.099444069263540463,4.5657405692605426)));
#970=IFCPOLYGONALFACESET(#969,.T.,(#788,#789,#790,#791,#792,#793,#794,#795,#796,#797,#798,#799,#800,#801,#802,#803,#804,#805,#806,#807,#808,#809,#810,#811,#812,#813,#814,#815,#816,#817,#818,#819,#820,#821,#822,#823,#824,#825,#826,#827,#828,#829,#830,#831,#832,#833,#834,#835,#836,#837,#838,#839,#840,#841,#842,#843,#844,#845,#846,#847,#848,#849,#850,#851,#852,#853,#854,#855,#856,#857,#858,#859,#860,#861,#862,#863,#864,#865,#866,#867,#868,#869,#870,#871,#872,#873,#874,#875,#876,#877,#878,#879,#880,#881,#882,#883,#884,#885,#886,#887,#888,#889,#890,#891,#892,#893,#894,#895,#896,#897,#898,#899,#900,#901,#902,#903,#904,#905,#906,#907,#908,#909,#910,#911,#912,#913,#914,#915,#916,#917,#918,#919,#920,#921,#922,#923,#924,#925,#926,#927,#928,#929,#930,#931,#932,#933,#934,#935,#936,#937,#938,#939,#940,#941,#942,#943,#944,#945,#946,#947,#948,#949,#950,#951,#952,#953,#954,#955,#956,#957,#958,#959,#960,#961,#962,#963,#964,#965,#966,#967,#968),$);
#971=IFCINDEXEDCOLOURMAP(#970,1.,#787,(1,1,1,1,1,1,1,1,1,1,1,1,1,1,1,1,1,1,1,1,1,1,1,1,1,1,1,1,1,1,1,1,1,1,1,1,1,1,1,1,1,1,1,1,1,1,1,1,1,1,1,1,1,1,1,1,1,1,1,1,1,1,1,1,1,1,1,1,1,1,1,1,1,1,1,1,1,1,1,1,1,1,1,1,1,1,1,1,1,1,1,1,1,1,1,1,1,1,1,1,1,1,1,1,1,1,1,1,1,1,1,1,1,1,1,1,1,1,1,1,1,1,1,1,1,1,1,1,1,1,1,1,1,1,1,1,1,1,1,1,1,1,1,1,1,1,1,1,1,1,1,1,1,1,1,1,1,1,1,1,1,1,1,1,1,1,1,1,1,1,1,1,1,1,1,1,1,1,1,1,1));
#972=IFCCOLOURRGB($,1.,0.,0.);
#973=IFCSURFACESTYLERENDERING(#972,0.,$,$,$,$,IFCNORMALISEDRATIOMEASURE(0.5),IFCSPECULAREXPONENT(64.),.NOTDEFINED.);
#974=IFCSURFACESTYLE('POLICARBONATO _ALTA_RESISTENCIA_ROJO',.BOTH.,(#973));
#975=IFCSTYLEDITEM(#970,(#974),$);
#976=IFCCOLOURRGBLIST(((0.89803921568627454,0.74901960784313726,0.)));
#977=IFCINDEXEDPOLYGONALFACE((23,12,24));
#978=IFCINDEXEDPOLYGONALFACE((54,7,55));
#979=IFCINDEXEDPOLYGONALFACE((13,31,29));
#980=IFCINDEXEDPOLYGONALFACE((56,57,34));
#981=IFCINDEXEDPOLYGONALFACE((35,47,50));
#982=IFCINDEXEDPOLYGONALFACE((50,47,49));
#983=IFCINDEXEDPOLYGONALFACE((66,26,3));
#984=IFCINDEXEDPOLYGONALFACE((19,40,12,10,41,42,21,11));
#985=IFCINDEXEDPOLYGONALFACE((25,13,29,24));
#986=IFCINDEXEDPOLYGONALFACE((31,13,67,30));
#987=IFCINDEXEDPOLYGONALFACE((23,10,12));
#988=IFCINDEXEDPOLYGONALFACE((8,28,68));
#989=IFCINDEXEDPOLYGONALFACE((18,27,26));
#990=IFCINDEXEDPOLYGONALFACE((24,9,23));
#991=IFCINDEXEDPOLYGONALFACE((34,49,54));
#992=IFCINDEXEDPOLYGONALFACE((61,62,38));
#993=IFCINDEXEDPOLYGONALFACE((32,58,57));
#994=IFCINDEXEDPOLYGONALFACE((77,65,76));
#995=IFCINDEXEDPOLYGONALFACE((28,9,29));
#996=IFCINDEXEDPOLYGONALFACE((30,32,68));
#997=IFCINDEXEDPOLYGONALFACE((18,2,27));
#998=IFCINDEXEDPOLYGONALFACE((22,44,45,2,18,43,20,1));
#999=IFCINDEXEDPOLYGONALFACE((61,5,60));
#1000=IFCINDEXEDPOLYGONALFACE((3,26,27));
#1001=IFCINDEXEDPOLYGONALFACE((66,3,64));
#1002=IFCINDEXEDPOLYGONALFACE((24,29,9));
#1003=IFCINDEXEDPOLYGONALFACE((48,47,35));
#1004=IFCINDEXEDPOLYGONALFACE((28,29,31));
#1005=IFCINDEXEDPOLYGONALFACE((28,31,68));
#1006=IFCINDEXEDPOLYGONALFACE((52,33,71));
#1007=IFCINDEXEDPOLYGONALFACE((70,69,15));
#1008=IFCINDEXEDPOLYGONALFACE((62,37,73));
#1009=IFCINDEXEDPOLYGONALFACE((49,47,46));
#1010=IFCINDEXEDPOLYGONALFACE((53,73,48));
#1011=IFCINDEXEDPOLYGONALFACE((70,75,53));
#1012=IFCINDEXEDPOLYGONALFACE((60,48,37));
#1013=IFCINDEXEDPOLYGONALFACE((66,65,17));
#1014=IFCINDEXEDPOLYGONALFACE((74,5,61));
#1015=IFCINDEXEDPOLYGONALFACE((63,62,16));
#1016=IFCINDEXEDPOLYGONALFACE((46,47,6));
#1017=IFCINDEXEDPOLYGONALFACE((54,49,7));
#1018=IFCINDEXEDPOLYGONALFACE((35,53,48));
#1019=IFCINDEXEDPOLYGONALFACE((48,60,59));
#1020=IFCINDEXEDPOLYGONALFACE((6,47,48));
#1021=IFCINDEXEDPOLYGONALFACE((7,49,46));
#1022=IFCINDEXEDPOLYGONALFACE((49,34,50));
#1023=IFCINDEXEDPOLYGONALFACE((57,51,34));
#1024=IFCINDEXEDPOLYGONALFACE((74,76,4));
#1025=IFCINDEXEDPOLYGONALFACE((52,51,33));
#1026=IFCINDEXEDPOLYGONALFACE((52,34,51));
#1027=IFCINDEXEDPOLYGONALFACE((50,34,52));
#1028=IFCINDEXEDPOLYGONALFACE((71,33,69));
#1029=IFCINDEXEDPOLYGONALFACE((73,36,72));
#1030=IFCINDEXEDPOLYGONALFACE((55,32,56));
#1031=IFCINDEXEDPOLYGONALFACE((56,34,54));
#1032=IFCINDEXEDPOLYGONALFACE((55,56,54));
#1033=IFCINDEXEDPOLYGONALFACE((68,55,8));
#1034=IFCINDEXEDPOLYGONALFACE((57,56,32));
#1035=IFCINDEXEDPOLYGONALFACE((59,60,5));
#1036=IFCINDEXEDPOLYGONALFACE((57,14,51));
#1037=IFCINDEXEDPOLYGONALFACE((58,32,30));
#1038=IFCINDEXEDPOLYGONALFACE((58,14,57));
#1039=IFCINDEXEDPOLYGONALFACE((59,6,48));
#1040=IFCINDEXEDPOLYGONALFACE((61,60,37));
#1041=IFCINDEXEDPOLYGONALFACE((62,61,37));
#1042=IFCINDEXEDPOLYGONALFACE((61,38,74));
#1043=IFCINDEXEDPOLYGONALFACE((72,62,73));
#1044=IFCINDEXEDPOLYGONALFACE((62,63,38));
#1045=IFCINDEXEDPOLYGONALFACE((65,64,4));
#1046=IFCINDEXEDPOLYGONALFACE((77,63,39));
#1047=IFCINDEXEDPOLYGONALFACE((76,65,4));
#1048=IFCINDEXEDPOLYGONALFACE((65,39,78,17));
#1049=IFCINDEXEDPOLYGONALFACE((65,66,64));
#1050=IFCINDEXEDPOLYGONALFACE((66,17,91,26));
#1051=IFCINDEXEDPOLYGONALFACE((30,68,31));
#1052=IFCINDEXEDPOLYGONALFACE((55,68,32));
#1053=IFCINDEXEDPOLYGONALFACE((35,50,71));
#1054=IFCINDEXEDPOLYGONALFACE((50,52,71));
#1055=IFCINDEXEDPOLYGONALFACE((53,35,70));
#1056=IFCINDEXEDPOLYGONALFACE((69,70,71));
#1057=IFCINDEXEDPOLYGONALFACE((35,71,70));
#1058=IFCINDEXEDPOLYGONALFACE((48,73,37));
#1059=IFCINDEXEDPOLYGONALFACE((16,62,72));
#1060=IFCINDEXEDPOLYGONALFACE((53,36,73));
#1061=IFCINDEXEDPOLYGONALFACE((76,74,38));
#1062=IFCINDEXEDPOLYGONALFACE((75,70,15));
#1063=IFCINDEXEDPOLYGONALFACE((75,36,53));
#1064=IFCINDEXEDPOLYGONALFACE((77,76,38));
#1065=IFCINDEXEDPOLYGONALFACE((63,77,38));
#1066=IFCINDEXEDPOLYGONALFACE((65,77,39));
#1067=IFCINDEXEDPOLYGONALFACE((90,18,26));
#1068=IFCINDEXEDPOLYGONALFACE((112,84,113));
#1069=IFCINDEXEDPOLYGONALFACE((17,95,94));
#1070=IFCINDEXEDPOLYGONALFACE((114,115,97));
#1071=IFCINDEXEDPOLYGONALFACE((98,106,109));
#1072=IFCINDEXEDPOLYGONALFACE((109,106,108));
#1073=IFCINDEXEDPOLYGONALFACE((88,1,20,43,18,87,101,102));
#1074=IFCINDEXEDPOLYGONALFACE((91,17,94,26));
#1075=IFCINDEXEDPOLYGONALFACE((95,17,78,39));
#1076=IFCINDEXEDPOLYGONALFACE((19,11,89,103,104,79,12,40));
#1077=IFCINDEXEDPOLYGONALFACE((85,93,123));
#1078=IFCINDEXEDPOLYGONALFACE((26,86,90));
#1079=IFCINDEXEDPOLYGONALFACE((97,108,112));
#1080=IFCINDEXEDPOLYGONALFACE((118,119,100));
#1081=IFCINDEXEDPOLYGONALFACE((96,63,115));
#1082=IFCINDEXEDPOLYGONALFACE((129,121,128));
#1083=IFCINDEXEDPOLYGONALFACE((93,86,94));
#1084=IFCINDEXEDPOLYGONALFACE((39,96,123));
#1085=IFCINDEXEDPOLYGONALFACE((12,79,92));
#1086=IFCINDEXEDPOLYGONALFACE((82,117,118));
#1087=IFCINDEXEDPOLYGONALFACE((80,24,92));
#1088=IFCINDEXEDPOLYGONALFACE((122,80,120));
#1089=IFCINDEXEDPOLYGONALFACE((93,95,123));
#1090=IFCINDEXEDPOLYGONALFACE((12,92,24));
#1091=IFCINDEXEDPOLYGONALFACE((122,24,80));
#1092=IFCINDEXEDPOLYGONALFACE((26,94,86));
#1093=IFCINDEXEDPOLYGONALFACE((107,106,98));
#1094=IFCINDEXEDPOLYGONALFACE((93,94,95));
#1095=IFCINDEXEDPOLYGONALFACE((90,87,18));
#1096=IFCINDEXEDPOLYGONALFACE((110,36,125));
#1097=IFCINDEXEDPOLYGONALFACE((124,75,15));
#1098=IFCINDEXEDPOLYGONALFACE((119,99,126));
#1099=IFCINDEXEDPOLYGONALFACE((108,106,105));
#1100=IFCINDEXEDPOLYGONALFACE((111,126,107));
#1101=IFCINDEXEDPOLYGONALFACE((124,69,111));
#1102=IFCINDEXEDPOLYGONALFACE((117,107,99));
#1103=IFCINDEXEDPOLYGONALFACE((122,121,13));
#1104=IFCINDEXEDPOLYGONALFACE((127,82,118));
#1105=IFCINDEXEDPOLYGONALFACE((58,119,14));
#1106=IFCINDEXEDPOLYGONALFACE((105,106,83));
#1107=IFCINDEXEDPOLYGONALFACE((112,108,84));
#1108=IFCINDEXEDPOLYGONALFACE((98,111,107));
#1109=IFCINDEXEDPOLYGONALFACE((107,117,116));
#1110=IFCINDEXEDPOLYGONALFACE((83,106,107));
#1111=IFCINDEXEDPOLYGONALFACE((84,108,105));
#1112=IFCINDEXEDPOLYGONALFACE((108,97,109));
#1113=IFCINDEXEDPOLYGONALFACE((115,72,97));
#1114=IFCINDEXEDPOLYGONALFACE((127,128,81));
#1115=IFCINDEXEDPOLYGONALFACE((110,72,36));
#1116=IFCINDEXEDPOLYGONALFACE((110,97,72));
#1117=IFCINDEXEDPOLYGONALFACE((109,97,110));
#1118=IFCINDEXEDPOLYGONALFACE((125,36,75));
#1119=IFCINDEXEDPOLYGONALFACE((126,111,33));
#1120=IFCINDEXEDPOLYGONALFACE((113,96,114));
#1121=IFCINDEXEDPOLYGONALFACE((114,97,112));
#1122=IFCINDEXEDPOLYGONALFACE((113,114,112));
#1123=IFCINDEXEDPOLYGONALFACE((123,113,85));
#1124=IFCINDEXEDPOLYGONALFACE((115,114,96));
#1125=IFCINDEXEDPOLYGONALFACE((116,117,82));
#1126=IFCINDEXEDPOLYGONALFACE((115,16,72));
#1127=IFCINDEXEDPOLYGONALFACE((63,96,39));
#1128=IFCINDEXEDPOLYGONALFACE((63,16,115));
#1129=IFCINDEXEDPOLYGONALFACE((116,83,107));
#1130=IFCINDEXEDPOLYGONALFACE((118,117,99));
#1131=IFCINDEXEDPOLYGONALFACE((119,118,99));
#1132=IFCINDEXEDPOLYGONALFACE((118,100,127));
#1133=IFCINDEXEDPOLYGONALFACE((126,33,51));
#1134=IFCINDEXEDPOLYGONALFACE((119,58,100));
#1135=IFCINDEXEDPOLYGONALFACE((121,120,81));
#1136=IFCINDEXEDPOLYGONALFACE((129,58,30));
#1137=IFCINDEXEDPOLYGONALFACE((128,121,81));
#1138=IFCINDEXEDPOLYGONALFACE((121,30,67,13));
#1139=IFCINDEXEDPOLYGONALFACE((121,122,120));
#1140=IFCINDEXEDPOLYGONALFACE((122,13,25,24));
#1141=IFCINDEXEDPOLYGONALFACE((39,123,95));
#1142=IFCINDEXEDPOLYGONALFACE((113,123,96));
#1143=IFCINDEXEDPOLYGONALFACE((98,109,125));
#1144=IFCINDEXEDPOLYGONALFACE((109,110,125));
#1145=IFCINDEXEDPOLYGONALFACE((111,98,124));
#1146=IFCINDEXEDPOLYGONALFACE((75,124,125));
#1147=IFCINDEXEDPOLYGONALFACE((98,125,124));
#1148=IFCINDEXEDPOLYGONALFACE((107,126,99));
#1149=IFCINDEXEDPOLYGONALFACE((14,119,51));
#1150=IFCINDEXEDPOLYGONALFACE((119,126,51));
#1151=IFCINDEXEDPOLYGONALFACE((128,127,100));
#1152=IFCINDEXEDPOLYGONALFACE((69,124,15));
#1153=IFCINDEXEDPOLYGONALFACE((69,33,111));
#1154=IFCINDEXEDPOLYGONALFACE((129,128,100));
#1155=IFCINDEXEDPOLYGONALFACE((58,129,100));
#1156=IFCINDEXEDPOLYGONALFACE((121,129,30));
#1157=IFCINDEXEDPOLYGONALFACE((45,44,22,1,88,102,101,87,90,86,93,85,113,84,105,83,116,82,127,81,120,80,92,79,104,103,89,11,21,42,41,10,23,9,28,8,55,7,46,6,59,5,74,4,64,3,27,2));
#1158=IFCCARTESIANPOINTLIST3D(((-0.40289999999992365,0.058200000000009043,4.1858698962298329),(-0.40911582243043926,0.05820000000000905,4.146624737944216),(-0.42715484171430512,0.058200000000009078,4.1112211691886911),(-0.45525127295877876,0.058200000000009126,4.0831247379442175),(-0.49065484171430357,0.058200000000009189,4.0650857186603524),(-0.52989999999992077,0.058200000000009244,4.0588698962298375),(-0.56914515828553791,0.058200000000009307,4.0650857186603533),(-0.60454872704106255,0.058200000000009369,4.0831247379442193),(-0.6326451582855358,0.058200000000009418,4.111221169188692),(-0.65068417756940133,0.058200000000009446,4.1466247379442169),(-0.65689999999991644,0.058200000000009453,4.1858698962298346),(-0.63096073063864389,0.083456137921358906,4.1858698962298346),(-0.60012388190808907,0.10242471609864369,4.1858698962298337),(-0.56588386131156154,0.11418648413105495,4.1858698962298337),(-0.52989999999991999,0.11817144621411207,4.1858698962298346),(-0.49391613868827849,0.11418648413105482,4.1858698962298337),(-0.45967611809175096,0.10242471609864347,4.1858698962298329),(-0.42883926936119626,0.083456137921358586,4.1858698962298329),(-0.64671687318707338,0.068114946010005298,4.1858698962298346),(-0.41308312679535664,0.068114945993053344,4.1858698962298329),(-0.65416492117223934,0.058200000000009453,4.1686012881388326),(-0.40563507887401884,0.058200000000009043,4.1686012878457595),(-0.64166466792746846,0.058200000000009425,4.1289229535664544),(-0.61554230627336648,0.092940427010001284,4.1858698962298346),(-0.60783309409072783,0.097682571554322473,4.1858698962298346),(-0.44425769372647361,0.09294042701000102,4.1858698962298329),(-0.41813533207237219,0.058200000000009071,4.1289229535664536),(-0.61859694266329923,0.05820000000000939,4.0971729535664556),(-0.62124014937017835,0.081874395977537109,4.1381395540998192),(-0.58300387160982536,0.10830560011484931,4.1858698962298337),(-0.60749147104536172,0.091646102893161413,4.1411420265044878),(-0.58944163876220423,0.091316122726740806,4.1182922875739374),(-0.54789193065574071,0.11617896517258353,4.1858698962298346),(-0.56627804464965903,0.098770584108854254,4.1174484056776155),(-0.53741353766285482,0.10372832519515014,4.1188958857245934),(-0.51190806934409927,0.11617896517258346,4.1858698962298346),(-0.4939661689447804,0.098973911788793181,4.1176453210241997),(-0.47155524571116836,0.090196711296515908,4.1150557406113206),(-0.47679612839001467,0.10830560011484915,4.1858698962298329),(-0.63883880191285869,0.075785541965682102,4.1858698962298346),(-0.65242454937082028,0.058200000000009453,4.1576130130415239),(-0.65329473527152981,0.058200000000009453,4.1631071505901787),(-0.42096119807827653,0.075785541957205979,4.1858698962298329),(-0.40737545065222913,0.05820000000000905,4.1576130128949877),(-0.40824563654133417,0.05820000000000905,4.1521188754196015),(-0.54952257914272928,0.058200000000009272,4.0619778074450954),(-0.5399346972028144,0.082321816184997523,4.0838619089414454),(-0.51598326260913085,0.090170929389448054,4.0951388852962642),(-0.55636728662069668,0.083078094210626771,4.0878356779427243),(-0.55221358442450763,0.10144773283409422,4.1171449372392761),(-0.55688789598365118,0.11518272465181922,4.1858698962298346),(-0.56016001445990571,0.11073657972608526,4.1474706567269832),(-0.51850009641927852,0.11131256864716653,4.1402739175148895),(-0.56956748437286042,0.081098160587596752,4.08971344663696),(-0.58684694266330029,0.058200000000009341,4.0741052283022858),(-0.57814077502737715,0.093468053616349064,4.1138427233350372),(-0.58118178671648246,0.10466632830922898,4.1454986083003957),(-0.57444386646069334,0.11124604212295214,4.1858698962298329),(-0.51027742085711214,0.058200000000009224,4.0619778074450945),(-0.50016062073153311,0.079829056421291747,4.0845937396878522),(-0.48571762551829811,0.081994603322569679,4.0929274409425425),(-0.48236780387529765,0.098108574086069156,4.123122998278391),(-0.48535613353914664,0.11124604212295199,4.1858698962298346),(-0.44120305733654192,0.058200000000009106,4.0971729535664547),(-0.45241479742403623,0.087668129327238109,4.1302046184526562),(-0.43902592409983882,0.081119879578947618,4.1353135847037095),(-0.59156387675895716,0.10536515810674651,4.1858698962298346),(-0.60152479338360521,0.083421937642537886,4.1145114100050506),(-0.53889596532783035,0.1171752056933478,4.1858698962298337),(-0.53357505670300853,0.11452013254650333,4.1516042030666567),(-0.54742922547870621,0.11282895406042109,4.1481682287665977),(-0.50291210401618891,0.11518272465181914,4.1858698962298346),(-0.49964898005187247,0.11086735073011099,4.1480022239817815),(-0.47295305733654114,0.058200000000009154,4.0741052283022849),(-0.52090403467200963,0.11717520569334776,4.1858698962298337),(-0.4601618149393239,0.081336524679127539,4.1090885642936836),(-0.46652707090483514,0.09946008390280428,4.1435824850334697),(-0.46823612324088287,0.10536515810674631,4.1858698962298329),(-0.65068417756940078,0.058200000000009446,4.2251150545154514),(-0.63264515828553491,0.058200000000009418,4.2605186232709764),(-0.60454872704106122,0.058200000000009369,4.28861505451545),(-0.56914515828553636,0.058200000000009307,4.3066540737993151),(-0.5298999999999191,0.058200000000009244,4.31286989622983),(-0.49065484171430196,0.058200000000009189,4.3066540737993142),(-0.45525127295877732,0.058200000000009126,4.2886150545154491),(-0.42715484171430412,0.058200000000009078,4.2605186232709746),(-0.40911582243043876,0.05820000000000905,4.2251150545154506),(-0.40563507882698763,0.05820000000000905,4.2031385043169642),(-0.65416492116782943,0.058200000000009446,4.2031385043486793),(-0.41813533207237141,0.058200000000009071,4.2428168388932122),(-0.45196690590911237,0.097682571554322251,4.1858698962298329),(-0.64166466792746779,0.058200000000009425,4.2428168388932148),(-0.44120305733654069,0.058200000000009106,4.2745668388932119),(-0.43855985069841402,0.0818743960097537,4.2336002384049118),(-0.45230852914816017,0.091646103149558969,4.2305977655004829),(-0.47035836146443205,0.091316122757755067,4.2534475050224048),(-0.49352195656103892,0.098770584400405773,4.254291386807731),(-0.5223864626351773,0.10372832707193821,4.252843902564714),(-0.56583383096337225,0.098973911541352849,4.2540944720105971),(-0.58824475591810599,0.090196712224564046,4.2566840487171653),(-0.40737545062871316,0.05820000000000905,4.2141267794162074),(-0.40650526472785042,0.05820000000000905,4.2086326418665854),(-0.65242454936861505,0.058200000000009446,4.2141267794320658),(-0.65155436346900797,0.058200000000009446,4.2196209169737582),(-0.51027742085711048,0.058200000000009224,4.3097619850145721),(-0.519865303097377,0.082321817887846011,4.2878778814008713),(-0.5438167369788347,0.09017093234309248,4.2766009027843603),(-0.50343271356578012,0.083078093573057024,4.2839041154086601),(-0.50758641668298454,0.10144773121307454,4.2545948590646416),(-0.49963998583561076,0.11073657997812959,4.2242691349350219),(-0.5412999037891939,0.11131256939475691,4.2314658723086245),(-0.49023251511077165,0.081098161028281796,4.2820263450259519),(-0.47295305733653964,0.058200000000009154,4.2976345641573817),(-0.48165922561930807,0.093468055768956435,4.2578970653811457),(-0.47861821287649792,0.10466632865941673,4.2262411823330632),(-0.54952257914272773,0.058200000000009272,4.309761985014573),(-0.55963937984357559,0.079829056008500751,4.2871460531169241),(-0.57408237651440408,0.081994603893051743,4.2788123497633643),(-0.57743219704742477,0.098108575873087786,4.2486167893698275),(-0.61859694266329801,0.05820000000000939,4.2745668388932136),(-0.60738520462594803,0.087668129326007815,4.2415351711562037),(-0.62077407506626425,0.081119882659727388,4.2364262014907412),(-0.45827520669076394,0.083421937514144701,4.2572283827628041),(-0.5262249434950711,0.11452013302726674,4.2201355871580795),(-0.51237077500216854,0.11282895364032379,4.2235715656896966),(-0.56015102000524075,0.11086735060074915,4.2237375689689953),(-0.58684694266329873,0.058200000000009341,4.2976345641573825),(-0.59963818668731572,0.08133652478906496,4.2626512265056773),(-0.59327293180739438,0.099460083585048251,4.2281573044565164)));
#1159=IFCPOLYGONALFACESET(#1158,.T.,(#977,#978,#979,#980,#981,#982,#983,#984,#985,#986,#987,#988,#989,#990,#991,#992,#993,#994,#995,#996,#997,#998,#999,#1000,#1001,#1002,#1003,#1004,#1005,#1006,#1007,#1008,#1009,#1010,#1011,#1012,#1013,#1014,#1015,#1016,#1017,#1018,#1019,#1020,#1021,#1022,#1023,#1024,#1025,#1026,#1027,#1028,#1029,#1030,#1031,#1032,#1033,#1034,#1035,#1036,#1037,#1038,#1039,#1040,#1041,#1042,#1043,#1044,#1045,#1046,#1047,#1048,#1049,#1050,#1051,#1052,#1053,#1054,#1055,#1056,#1057,#1058,#1059,#1060,#1061,#1062,#1063,#1064,#1065,#1066,#1067,#1068,#1069,#1070,#1071,#1072,#1073,#1074,#1075,#1076,#1077,#1078,#1079,#1080,#1081,#1082,#1083,#1084,#1085,#1086,#1087,#1088,#1089,#1090,#1091,#1092,#1093,#1094,#1095,#1096,#1097,#1098,#1099,#1100,#1101,#1102,#1103,#1104,#1105,#1106,#1107,#1108,#1109,#1110,#1111,#1112,#1113,#1114,#1115,#1116,#1117,#1118,#1119,#1120,#1121,#1122,#1123,#1124,#1125,#1126,#1127,#1128,#1129,#1130,#1131,#1132,#1133,#1134,#1135,#1136,#1137,#1138,#1139,#1140,#1141,#1142,#1143,#1144,#1145,#1146,#1147,#1148,#1149,#1150,#1151,#1152,#1153,#1154,#1155,#1156,#1157),$);
#1160=IFCINDEXEDCOLOURMAP(#1159,1.,#976,(1,1,1,1,1,1,1,1,1,1,1,1,1,1,1,1,1,1,1,1,1,1,1,1,1,1,1,1,1,1,1,1,1,1,1,1,1,1,1,1,1,1,1,1,1,1,1,1,1,1,1,1,1,1,1,1,1,1,1,1,1,1,1,1,1,1,1,1,1,1,1,1,1,1,1,1,1,1,1,1,1,1,1,1,1,1,1,1,1,1,1,1,1,1,1,1,1,1,1,1,1,1,1,1,1,1,1,1,1,1,1,1,1,1,1,1,1,1,1,1,1,1,1,1,1,1,1,1,1,1,1,1,1,1,1,1,1,1,1,1,1,1,1,1,1,1,1,1,1,1,1,1,1,1,1,1,1,1,1,1,1,1,1,1,1,1,1,1,1,1,1,1,1,1,1,1,1,1,1,1,1));
#1161=IFCCOLOURRGB($,0.89803921568627454,0.74901960784313726,0.);
#1162=IFCSURFACESTYLERENDERING(#1161,0.,$,$,$,$,IFCNORMALISEDRATIOMEASURE(0.5),IFCSPECULAREXPONENT(64.),.NOTDEFINED.);
#1163=IFCSURFACESTYLE('POLICARBONATO _ALTA_RESISTENCIA_AMARILLO',.BOTH.,(#1162));
#1164=IFCSTYLEDITEM(#1159,(#1163),$);
#1165=IFCCOLOURRGBLIST(((0.,0.50980392156862742,0.)));
#1166=IFCINDEXEDPOLYGONALFACE((23,12,24));
#1167=IFCINDEXEDPOLYGONALFACE((54,7,55));
#1168=IFCINDEXEDPOLYGONALFACE((13,31,29));
#1169=IFCINDEXEDPOLYGONALFACE((56,57,34));
#1170=IFCINDEXEDPOLYGONALFACE((35,47,50));
#1171=IFCINDEXEDPOLYGONALFACE((50,47,49));
#1172=IFCINDEXEDPOLYGONALFACE((61,26,3));
#1173=IFCINDEXEDPOLYGONALFACE((19,40,12,10,41,42,21,11));
#1174=IFCINDEXEDPOLYGONALFACE((25,13,29,24));
#1175=IFCINDEXEDPOLYGONALFACE((31,13,67,30));
#1176=IFCINDEXEDPOLYGONALFACE((23,10,12));
#1177=IFCINDEXEDPOLYGONALFACE((8,28,68));
#1178=IFCINDEXEDPOLYGONALFACE((18,27,26));
#1179=IFCINDEXEDPOLYGONALFACE((24,9,23));
#1180=IFCINDEXEDPOLYGONALFACE((34,49,54));
#1181=IFCINDEXEDPOLYGONALFACE((64,65,38));
#1182=IFCINDEXEDPOLYGONALFACE((32,58,57));
#1183=IFCINDEXEDPOLYGONALFACE((77,60,76));
#1184=IFCINDEXEDPOLYGONALFACE((28,9,29));
#1185=IFCINDEXEDPOLYGONALFACE((30,32,68));
#1186=IFCINDEXEDPOLYGONALFACE((18,2,27));
#1187=IFCINDEXEDPOLYGONALFACE((22,44,45,2,18,43,20,1));
#1188=IFCINDEXEDPOLYGONALFACE((64,5,63));
#1189=IFCINDEXEDPOLYGONALFACE((3,26,27));
#1190=IFCINDEXEDPOLYGONALFACE((61,3,59));
#1191=IFCINDEXEDPOLYGONALFACE((24,29,9));
#1192=IFCINDEXEDPOLYGONALFACE((48,47,35));
#1193=IFCINDEXEDPOLYGONALFACE((28,29,31));
#1194=IFCINDEXEDPOLYGONALFACE((28,31,68));
#1195=IFCINDEXEDPOLYGONALFACE((34,52,51));
#1196=IFCINDEXEDPOLYGONALFACE((69,71,70));
#1197=IFCINDEXEDPOLYGONALFACE((72,16,65));
#1198=IFCINDEXEDPOLYGONALFACE((49,47,46));
#1199=IFCINDEXEDPOLYGONALFACE((53,73,48));
#1200=IFCINDEXEDPOLYGONALFACE((71,75,53));
#1201=IFCINDEXEDPOLYGONALFACE((63,48,37));
#1202=IFCINDEXEDPOLYGONALFACE((61,60,17));
#1203=IFCINDEXEDPOLYGONALFACE((74,5,64));
#1204=IFCINDEXEDPOLYGONALFACE((66,65,16));
#1205=IFCINDEXEDPOLYGONALFACE((46,47,6));
#1206=IFCINDEXEDPOLYGONALFACE((54,49,7));
#1207=IFCINDEXEDPOLYGONALFACE((35,53,48));
#1208=IFCINDEXEDPOLYGONALFACE((48,63,62));
#1209=IFCINDEXEDPOLYGONALFACE((6,47,48));
#1210=IFCINDEXEDPOLYGONALFACE((7,49,46));
#1211=IFCINDEXEDPOLYGONALFACE((49,34,50));
#1212=IFCINDEXEDPOLYGONALFACE((34,51,50));
#1213=IFCINDEXEDPOLYGONALFACE((71,69,15));
#1214=IFCINDEXEDPOLYGONALFACE((33,70,51));
#1215=IFCINDEXEDPOLYGONALFACE((33,69,70));
#1216=IFCINDEXEDPOLYGONALFACE((34,57,52));
#1217=IFCINDEXEDPOLYGONALFACE((52,33,51));
#1218=IFCINDEXEDPOLYGONALFACE((53,36,73));
#1219=IFCINDEXEDPOLYGONALFACE((55,32,56));
#1220=IFCINDEXEDPOLYGONALFACE((56,34,54));
#1221=IFCINDEXEDPOLYGONALFACE((55,56,54));
#1222=IFCINDEXEDPOLYGONALFACE((68,55,8));
#1223=IFCINDEXEDPOLYGONALFACE((57,56,32));
#1224=IFCINDEXEDPOLYGONALFACE((60,59,4));
#1225=IFCINDEXEDPOLYGONALFACE((57,14,52));
#1226=IFCINDEXEDPOLYGONALFACE((58,32,30));
#1227=IFCINDEXEDPOLYGONALFACE((58,14,57));
#1228=IFCINDEXEDPOLYGONALFACE((76,60,4));
#1229=IFCINDEXEDPOLYGONALFACE((60,39,78,17));
#1230=IFCINDEXEDPOLYGONALFACE((60,61,59));
#1231=IFCINDEXEDPOLYGONALFACE((61,17,91,26));
#1232=IFCINDEXEDPOLYGONALFACE((62,63,5));
#1233=IFCINDEXEDPOLYGONALFACE((62,6,48));
#1234=IFCINDEXEDPOLYGONALFACE((64,63,37));
#1235=IFCINDEXEDPOLYGONALFACE((65,64,37));
#1236=IFCINDEXEDPOLYGONALFACE((64,38,74));
#1237=IFCINDEXEDPOLYGONALFACE((37,73,65));
#1238=IFCINDEXEDPOLYGONALFACE((65,66,38));
#1239=IFCINDEXEDPOLYGONALFACE((30,68,31));
#1240=IFCINDEXEDPOLYGONALFACE((77,66,39));
#1241=IFCINDEXEDPOLYGONALFACE((55,68,32));
#1242=IFCINDEXEDPOLYGONALFACE((70,71,35));
#1243=IFCINDEXEDPOLYGONALFACE((51,70,50));
#1244=IFCINDEXEDPOLYGONALFACE((35,50,70));
#1245=IFCINDEXEDPOLYGONALFACE((74,76,4));
#1246=IFCINDEXEDPOLYGONALFACE((53,35,71));
#1247=IFCINDEXEDPOLYGONALFACE((73,36,72));
#1248=IFCINDEXEDPOLYGONALFACE((65,73,72));
#1249=IFCINDEXEDPOLYGONALFACE((73,37,48));
#1250=IFCINDEXEDPOLYGONALFACE((76,74,38));
#1251=IFCINDEXEDPOLYGONALFACE((75,71,15));
#1252=IFCINDEXEDPOLYGONALFACE((75,36,53));
#1253=IFCINDEXEDPOLYGONALFACE((77,76,38));
#1254=IFCINDEXEDPOLYGONALFACE((66,77,38));
#1255=IFCINDEXEDPOLYGONALFACE((60,77,39));
#1256=IFCINDEXEDPOLYGONALFACE((90,18,26));
#1257=IFCINDEXEDPOLYGONALFACE((112,84,113));
#1258=IFCINDEXEDPOLYGONALFACE((17,95,94));
#1259=IFCINDEXEDPOLYGONALFACE((114,115,97));
#1260=IFCINDEXEDPOLYGONALFACE((98,106,109));
#1261=IFCINDEXEDPOLYGONALFACE((109,106,108));
#1262=IFCINDEXEDPOLYGONALFACE((88,1,20,43,18,87,101,102));
#1263=IFCINDEXEDPOLYGONALFACE((91,17,94,26));
#1264=IFCINDEXEDPOLYGONALFACE((95,17,78,39));
#1265=IFCINDEXEDPOLYGONALFACE((19,11,89,103,104,79,12,40));
#1266=IFCINDEXEDPOLYGONALFACE((85,93,123));
#1267=IFCINDEXEDPOLYGONALFACE((26,86,90));
#1268=IFCINDEXEDPOLYGONALFACE((97,108,112));
#1269=IFCINDEXEDPOLYGONALFACE((121,122,100));
#1270=IFCINDEXEDPOLYGONALFACE((96,66,115));
#1271=IFCINDEXEDPOLYGONALFACE((129,117,128));
#1272=IFCINDEXEDPOLYGONALFACE((93,86,94));
#1273=IFCINDEXEDPOLYGONALFACE((39,96,123));
#1274=IFCINDEXEDPOLYGONALFACE((12,79,92));
#1275=IFCINDEXEDPOLYGONALFACE((82,120,121));
#1276=IFCINDEXEDPOLYGONALFACE((80,24,92));
#1277=IFCINDEXEDPOLYGONALFACE((118,80,116));
#1278=IFCINDEXEDPOLYGONALFACE((93,95,123));
#1279=IFCINDEXEDPOLYGONALFACE((12,92,24));
#1280=IFCINDEXEDPOLYGONALFACE((118,24,80));
#1281=IFCINDEXEDPOLYGONALFACE((26,94,86));
#1282=IFCINDEXEDPOLYGONALFACE((107,106,98));
#1283=IFCINDEXEDPOLYGONALFACE((93,94,95));
#1284=IFCINDEXEDPOLYGONALFACE((90,87,18));
#1285=IFCINDEXEDPOLYGONALFACE((97,72,110));
#1286=IFCINDEXEDPOLYGONALFACE((75,125,124));
#1287=IFCINDEXEDPOLYGONALFACE((52,14,122));
#1288=IFCINDEXEDPOLYGONALFACE((108,106,105));
#1289=IFCINDEXEDPOLYGONALFACE((111,126,107));
#1290=IFCINDEXEDPOLYGONALFACE((125,69,111));
#1291=IFCINDEXEDPOLYGONALFACE((120,107,99));
#1292=IFCINDEXEDPOLYGONALFACE((118,117,13));
#1293=IFCINDEXEDPOLYGONALFACE((127,82,121));
#1294=IFCINDEXEDPOLYGONALFACE((58,122,14));
#1295=IFCINDEXEDPOLYGONALFACE((105,106,83));
#1296=IFCINDEXEDPOLYGONALFACE((112,108,84));
#1297=IFCINDEXEDPOLYGONALFACE((98,111,107));
#1298=IFCINDEXEDPOLYGONALFACE((107,120,119));
#1299=IFCINDEXEDPOLYGONALFACE((83,106,107));
#1300=IFCINDEXEDPOLYGONALFACE((84,108,105));
#1301=IFCINDEXEDPOLYGONALFACE((108,97,109));
#1302=IFCINDEXEDPOLYGONALFACE((97,110,109));
#1303=IFCINDEXEDPOLYGONALFACE((125,75,15));
#1304=IFCINDEXEDPOLYGONALFACE((36,124,110));
#1305=IFCINDEXEDPOLYGONALFACE((36,75,124));
#1306=IFCINDEXEDPOLYGONALFACE((97,115,72));
#1307=IFCINDEXEDPOLYGONALFACE((72,36,110));
#1308=IFCINDEXEDPOLYGONALFACE((126,33,52));
#1309=IFCINDEXEDPOLYGONALFACE((113,96,114));
#1310=IFCINDEXEDPOLYGONALFACE((114,97,112));
#1311=IFCINDEXEDPOLYGONALFACE((113,114,112));
#1312=IFCINDEXEDPOLYGONALFACE((123,113,85));
#1313=IFCINDEXEDPOLYGONALFACE((115,114,96));
#1314=IFCINDEXEDPOLYGONALFACE((117,116,81));
#1315=IFCINDEXEDPOLYGONALFACE((115,16,72));
#1316=IFCINDEXEDPOLYGONALFACE((66,96,39));
#1317=IFCINDEXEDPOLYGONALFACE((66,16,115));
#1318=IFCINDEXEDPOLYGONALFACE((128,117,81));
#1319=IFCINDEXEDPOLYGONALFACE((117,30,67,13));
#1320=IFCINDEXEDPOLYGONALFACE((117,118,116));
#1321=IFCINDEXEDPOLYGONALFACE((118,13,25,24));
#1322=IFCINDEXEDPOLYGONALFACE((119,120,82));
#1323=IFCINDEXEDPOLYGONALFACE((119,83,107));
#1324=IFCINDEXEDPOLYGONALFACE((121,120,99));
#1325=IFCINDEXEDPOLYGONALFACE((122,121,99));
#1326=IFCINDEXEDPOLYGONALFACE((121,100,127));
#1327=IFCINDEXEDPOLYGONALFACE((99,126,122));
#1328=IFCINDEXEDPOLYGONALFACE((122,58,100));
#1329=IFCINDEXEDPOLYGONALFACE((39,123,95));
#1330=IFCINDEXEDPOLYGONALFACE((129,58,30));
#1331=IFCINDEXEDPOLYGONALFACE((113,123,96));
#1332=IFCINDEXEDPOLYGONALFACE((124,125,98));
#1333=IFCINDEXEDPOLYGONALFACE((110,124,109));
#1334=IFCINDEXEDPOLYGONALFACE((98,109,124));
#1335=IFCINDEXEDPOLYGONALFACE((127,128,81));
#1336=IFCINDEXEDPOLYGONALFACE((111,98,125));
#1337=IFCINDEXEDPOLYGONALFACE((52,122,126));
#1338=IFCINDEXEDPOLYGONALFACE((107,126,99));
#1339=IFCINDEXEDPOLYGONALFACE((111,33,126));
#1340=IFCINDEXEDPOLYGONALFACE((128,127,100));
#1341=IFCINDEXEDPOLYGONALFACE((69,125,15));
#1342=IFCINDEXEDPOLYGONALFACE((69,33,111));
#1343=IFCINDEXEDPOLYGONALFACE((129,128,100));
#1344=IFCINDEXEDPOLYGONALFACE((58,129,100));
#1345=IFCINDEXEDPOLYGONALFACE((117,129,30));
#1346=IFCINDEXEDPOLYGONALFACE((45,44,22,1,88,102,101,87,90,86,93,85,113,84,105,83,119,82,127,81,116,80,92,79,104,103,89,11,21,42,41,10,23,9,28,8,55,7,46,6,62,5,74,4,59,3,27,2));
#1347=IFCCARTESIANPOINTLIST3D(((-0.4028955668916776,0.058200000000008488,3.845086562896499),(-0.40911149780807377,0.058200000000008495,3.8058407196579886),(-0.42715083193022774,0.058200000000008523,3.770436532997532),(-0.45524775354683167,0.058200000000008571,3.7423396113809289),(-0.4906519402072882,0.058200000000008627,3.7243002772587754),(-0.52989778344579874,0.058200000000008689,3.7180843463423798),(-0.56914362668430907,0.058200000000008752,3.7243002772587754),(-0.60454781334476548,0.058200000000008807,3.7423396113809297),(-0.63264473496136919,0.058200000000008856,3.7704365329975333),(-0.65068406908352272,0.058200000000008884,3.80584071965799),(-0.65689999999991844,0.05820000000000889,3.8450865628965003),(-0.63096831794604191,0.083473712553839591,3.8450865628965003),(-0.60013227502476463,0.10245662954133523,3.8450865628964999),(-0.5658881965463507,0.11422760102041193,3.8450865628964999),(-0.52989778344579797,0.11821543818466197,3.8450865628964999),(-0.49390737034524518,0.11422760102041181,3.8450865628964999),(-0.45966329186683136,0.10245662954133501,3.8450865628964994),(-0.42882724894555407,0.083473712553839272,3.8450865628964994),(-0.64671709691365165,0.068124530349838217,3.8450865628965003),(-0.41307846996050052,0.068124530332836566,3.8450865628964994),(-0.65416450794692171,0.05820000000000889,3.82781534580351),(-0.40563105899118368,0.058200000000008495,3.8278153455098614),(-0.6416644020224459,0.05820000000000887,3.7881386263277621),(-0.61555029648540327,0.092965171047587405,3.8450865628965003),(-0.60784128575508389,0.09771090029446132,3.8450865628964999),(-0.44424527040619266,0.092965171047587128,3.8450865628964994),(-0.41813116486915075,0.058200000000008509,3.7881386263277603),(-0.61859627415306739,0.058200000000008835,3.7563880721892313),(-0.62124403864232769,0.081895876330340192,3.7973609464794293),(-0.58301023578555766,0.10834211528087358,3.8450865628964999),(-0.60749208714827407,0.091683903985885204,3.8003855081365265),(-0.58944372025696812,0.091343497365179951,3.7775064017795348),(-0.54789298999607428,0.11622151960253696,3.8450865628964999),(-0.56625173625392045,0.098809142673246184,3.7766599571952826),(-0.5374182736721137,0.1038120269511611,3.7782166120639773),(-0.51190257689552154,0.11622151960253689,3.8450865628964994),(-0.49396325134027663,0.09900105750422919,3.7768455528523717),(-0.47154276952671798,0.090231473232744802,3.7742904627664857),(-0.47678533110603832,0.10834211528087342,3.8450865628964999),(-0.63884270742984683,0.075799121451838911,3.8450865628965003),(-0.65242428851522227,0.05820000000000889,3.8168280327307502),(-0.65329439823107194,0.058200000000008884,3.8223216892671301),(-0.42095285945302729,0.075799121443337933,3.8450865628964994),(-0.40737127839962872,0.058200000000008495,3.8168280325839254),(-0.40824138810385124,0.058200000000008495,3.8113343761209566),(-0.5495207050650539,0.058200000000008717,3.7211923118005772),(-0.5399327465569661,0.082383178898040199,3.7431251861195727),(-0.51599449144904808,0.090273770960487415,3.7544634243663926),(-0.55636877419398167,0.083078747973283198,3.7470213190362625),(-0.55219286108116028,0.10143358671828551,3.7762471059306177),(-0.55949479799818924,0.11056374053095737,3.8053212169482924),(-0.55689059327121249,0.11522456031147445,3.8450865628965003),(-0.51850874515867795,0.1113781691169204,3.7995718363181896),(-0.56958989529368065,0.081126920266632721,3.7489472372201122),(-0.58684572001453728,0.058200000000008779,3.7333199443198524),(-0.57813089666247575,0.093555506125453006,3.7731622235808588),(-0.58120034125868703,0.10471075913994528,3.8047653691601218),(-0.57444921616595412,0.11128485815064275,3.8450865628964999),(-0.4411992927385297,0.058200000000008544,3.7563880721892304),(-0.45240821047428065,0.087688080774813451,3.7894077179973675),(-0.43902073271456843,0.081139915715760055,3.7945268295399348),(-0.51027486182654347,0.058200000000008661,3.7211923118005772),(-0.50015756428470415,0.07984415695652225,3.7438013817640523),(-0.485699240472036,0.082010833773733444,3.7521408561114749),(-0.48236006201716153,0.098138210017250663,3.7823325365762361),(-0.48534635072564175,0.11128485815064262,3.8450865628965003),(-0.59157125540516109,0.10539937241110441,3.8450865628964994),(-0.60153277304586783,0.083435729410592324,3.7737176044279619),(-0.53889538672093618,0.11721847889359946,3.8450865628964999),(-0.5469019152715654,0.11275278404371247,3.8066531979744815),(-0.53264620058155365,0.1144539819981691,3.8102285636534816),(-0.50290497362038333,0.11522456031147435,3.8450865628964999),(-0.49964376459214999,0.11090521036466358,3.8072077835923777),(-0.47294984687705999,0.058200000000008599,3.7333199443198519),(-0.52090018017065975,0.11721847889359943,3.8450865628964999),(-0.46015285766055508,0.081339068256036942,3.7682762578551161),(-0.46649651321387126,0.099475729893673509,3.8027738927798618),(-0.46822431148643479,0.1053993724111042,3.8450865628964994),(-0.65068406908352217,0.058200000000008884,3.8843324061350115),(-0.63264473496136819,0.058200000000008856,3.9197365927954677),(-0.60454781334476426,0.058200000000008807,3.9478335144120713),(-0.56914362668430762,0.058200000000008752,3.9658728485342247),(-0.52989778344579708,0.058200000000008689,3.9720887794506203),(-0.49065194020728659,0.058200000000008627,3.9658728485342238),(-0.45524775354683017,0.058200000000008571,3.94783351441207),(-0.42715083193022674,0.058200000000008523,3.9197365927954659),(-0.40911149780807327,0.058200000000008495,3.8843324061350097),(-0.4056310589440601,0.058200000000008488,3.862357779985611),(-0.65416450794250836,0.058200000000008884,3.8623577800173541),(-0.41813116486915003,0.058200000000008509,3.9020344994652381),(-0.45195428113651204,0.09771090029446107,3.8450865628964994),(-0.64166440202244523,0.05820000000000887,3.9020344994652394),(-0.44119929273852843,0.058200000000008544,3.933785053603768),(-0.43855152831806421,0.081895876362487227,3.892812179358982),(-0.45230347993696396,0.091683904242062839,3.8897876172025816),(-0.47035184686172316,0.091343497396141615,3.9126667241505606),(-0.49354383185113171,0.098809142965126023,3.9135131686239841),(-0.52237729351755413,0.10381202882318466,3.9119565095637725),(-0.56583231545957524,0.099001057257191452,3.9133275735144704),(-0.58825279899556204,0.090231474159736966,3.9158826598963836),(-0.40737127837606668,0.058200000000008495,3.8733450930603106),(-0.40650116866006336,0.058200000000008495,3.8678514365229608),(-0.65242428851301526,0.058200000000008884,3.8733450930761832),(-0.65155417879826871,0.058200000000008884,3.8788387496055976),(-0.5102748618265418,0.058200000000008661,3.9689808139924221),(-0.51986282063594014,0.082383180597753694,3.947047937560098),(-0.54380107503342445,0.090273773904373009,3.9357096970570304),(-0.50342679288657022,0.08307874734047771,3.9431518076417649),(-0.50760270692798548,0.1014335851100283,3.9139260236727158),(-0.50030077082037216,0.11056374029910147,3.8848519111928006),(-0.54128682194260602,0.11137816986080552,3.890601286847343),(-0.49020567108088831,0.081126920711578329,3.9412258877702864),(-0.47294984687705838,0.058200000000008599,3.9568531814731469),(-0.48166467087743176,0.093555508277518504,3.9170108984661551),(-0.47859522522689152,0.10471075948851739,3.8854077548119252),(-0.61859627415306628,0.058200000000008835,3.9337850536037693),(-0.60738735846723535,0.08768808077578566,3.900765404940373),(-0.62077483334507733,0.08113991879912108,3.8956462899845712),(-0.54952070506505235,0.058200000000008717,3.9689808139924225),(-0.55963800318281509,0.079844156544031791,3.9463717443730357),(-0.57409632845589287,0.082010834346101263,3.9380322679238451),(-0.57743550579794434,0.098138211805294626,3.9078405844054211),(-0.45826279392036839,0.0834357292824984,3.9164555216725718),(-0.51289365518251617,0.11275278303878385,3.8835199335501907),(-0.52714936973137805,0.11445398206390789,3.8799445621063442),(-0.56015180235674467,0.11090521023539585,3.8829653426909139),(-0.58684572001453594,0.058200000000008779,3.9568531814731478),(-0.59964271085646026,0.081339068368323442,3.9218968662755795),(-0.59329905639176272,0.09947572957418524,3.8873992300461491)));
#1348=IFCPOLYGONALFACESET(#1347,.T.,(#1166,#1167,#1168,#1169,#1170,#1171,#1172,#1173,#1174,#1175,#1176,#1177,#1178,#1179,#1180,#1181,#1182,#1183,#1184,#1185,#1186,#1187,#1188,#1189,#1190,#1191,#1192,#1193,#1194,#1195,#1196,#1197,#1198,#1199,#1200,#1201,#1202,#1203,#1204,#1205,#1206,#1207,#1208,#1209,#1210,#1211,#1212,#1213,#1214,#1215,#1216,#1217,#1218,#1219,#1220,#1221,#1222,#1223,#1224,#1225,#1226,#1227,#1228,#1229,#1230,#1231,#1232,#1233,#1234,#1235,#1236,#1237,#1238,#1239,#1240,#1241,#1242,#1243,#1244,#1245,#1246,#1247,#1248,#1249,#1250,#1251,#1252,#1253,#1254,#1255,#1256,#1257,#1258,#1259,#1260,#1261,#1262,#1263,#1264,#1265,#1266,#1267,#1268,#1269,#1270,#1271,#1272,#1273,#1274,#1275,#1276,#1277,#1278,#1279,#1280,#1281,#1282,#1283,#1284,#1285,#1286,#1287,#1288,#1289,#1290,#1291,#1292,#1293,#1294,#1295,#1296,#1297,#1298,#1299,#1300,#1301,#1302,#1303,#1304,#1305,#1306,#1307,#1308,#1309,#1310,#1311,#1312,#1313,#1314,#1315,#1316,#1317,#1318,#1319,#1320,#1321,#1322,#1323,#1324,#1325,#1326,#1327,#1328,#1329,#1330,#1331,#1332,#1333,#1334,#1335,#1336,#1337,#1338,#1339,#1340,#1341,#1342,#1343,#1344,#1345,#1346),$);
#1349=IFCINDEXEDCOLOURMAP(#1348,1.,#1165,(1,1,1,1,1,1,1,1,1,1,1,1,1,1,1,1,1,1,1,1,1,1,1,1,1,1,1,1,1,1,1,1,1,1,1,1,1,1,1,1,1,1,1,1,1,1,1,1,1,1,1,1,1,1,1,1,1,1,1,1,1,1,1,1,1,1,1,1,1,1,1,1,1,1,1,1,1,1,1,1,1,1,1,1,1,1,1,1,1,1,1,1,1,1,1,1,1,1,1,1,1,1,1,1,1,1,1,1,1,1,1,1,1,1,1,1,1,1,1,1,1,1,1,1,1,1,1,1,1,1,1,1,1,1,1,1,1,1,1,1,1,1,1,1,1,1,1,1,1,1,1,1,1,1,1,1,1,1,1,1,1,1,1,1,1,1,1,1,1,1,1,1,1,1,1,1,1,1,1,1,1));
#1350=IFCCOLOURRGB($,0.,0.50980392156862742,0.);
#1351=IFCSURFACESTYLERENDERING(#1350,0.,$,$,$,$,IFCNORMALISEDRATIOMEASURE(0.5),IFCSPECULAREXPONENT(64.),.NOTDEFINED.);
#1352=IFCSURFACESTYLE('POLICARBONATO _ALTA_RESISTENCIA_VERDE',.BOTH.,(#1351));
#1353=IFCSTYLEDITEM(#1348,(#1352),$);
#1354=IFCCOLOURRGBLIST(((0.,0.,0.)));
#1355=IFCINDEXEDPOLYGONALFACE((12,13,14,15,16,17,18,19,20,21,22,23,24,25,26,27,1,2,3,4,5,6,7,8,9,10,11));
#1356=IFCINDEXEDPOLYGONALFACE((54,28,29,30,31,32,33,34,35,36,37,38,39,40,41,42,43,44,45,46,47,48,49,50,51,52,53));
#1357=IFCINDEXEDPOLYGONALFACE((2,1,64,28,54));
#1358=IFCINDEXEDPOLYGONALFACE((3,2,54,53));
#1359=IFCINDEXEDPOLYGONALFACE((4,3,53,52,56));
#1360=IFCINDEXEDPOLYGONALFACE((24,23,60));
#1361=IFCINDEXEDPOLYGONALFACE((61,41,40));
#1362=IFCINDEXEDPOLYGONALFACE((8,55,9));
#1363=IFCINDEXEDPOLYGONALFACE((26,59,27));
#1364=IFCINDEXEDPOLYGONALFACE((56,5,4));
#1365=IFCINDEXEDPOLYGONALFACE((56,52,51));
#1366=IFCINDEXEDPOLYGONALFACE((20,58,21));
#1367=IFCINDEXEDPOLYGONALFACE((55,48,47));
#1368=IFCINDEXEDPOLYGONALFACE((62,5,56));
#1369=IFCINDEXEDPOLYGONALFACE((11,10,63));
#1370=IFCINDEXEDPOLYGONALFACE((62,55,7));
#1371=IFCINDEXEDPOLYGONALFACE((57,14,13));
#1372=IFCINDEXEDPOLYGONALFACE((16,15,61));
#1373=IFCINDEXEDPOLYGONALFACE((63,57,12));
#1374=IFCINDEXEDPOLYGONALFACE((6,62,7));
#1375=IFCINDEXEDPOLYGONALFACE((12,11,63));
#1376=IFCINDEXEDPOLYGONALFACE((57,13,12));
#1377=IFCINDEXEDPOLYGONALFACE((55,63,10));
#1378=IFCINDEXEDPOLYGONALFACE((59,64,27));
#1379=IFCINDEXEDPOLYGONALFACE((15,57,61));
#1380=IFCINDEXEDPOLYGONALFACE((62,50,49));
#1381=IFCINDEXEDPOLYGONALFACE((62,56,51));
#1382=IFCINDEXEDPOLYGONALFACE((9,55,10));
#1383=IFCINDEXEDPOLYGONALFACE((58,37,36));
#1384=IFCINDEXEDPOLYGONALFACE((62,6,5));
#1385=IFCINDEXEDPOLYGONALFACE((14,57,15));
#1386=IFCINDEXEDPOLYGONALFACE((57,43,42));
#1387=IFCINDEXEDPOLYGONALFACE((8,7,55));
#1388=IFCINDEXEDPOLYGONALFACE((62,51,50));
#1389=IFCINDEXEDPOLYGONALFACE((49,48,55));
#1390=IFCINDEXEDPOLYGONALFACE((46,55,47));
#1391=IFCINDEXEDPOLYGONALFACE((60,34,33));
#1392=IFCINDEXEDPOLYGONALFACE((59,31,30));
#1393=IFCINDEXEDPOLYGONALFACE((55,62,49));
#1394=IFCINDEXEDPOLYGONALFACE((46,63,55));
#1395=IFCINDEXEDPOLYGONALFACE((57,63,44));
#1396=IFCINDEXEDPOLYGONALFACE((44,63,45));
#1397=IFCINDEXEDPOLYGONALFACE((45,63,46));
#1398=IFCINDEXEDPOLYGONALFACE((43,57,44));
#1399=IFCINDEXEDPOLYGONALFACE((18,17,61));
#1400=IFCINDEXEDPOLYGONALFACE((57,42,41));
#1401=IFCINDEXEDPOLYGONALFACE((61,57,41));
#1402=IFCINDEXEDPOLYGONALFACE((20,19,58));
#1403=IFCINDEXEDPOLYGONALFACE((21,60,22));
#1404=IFCINDEXEDPOLYGONALFACE((61,58,18));
#1405=IFCINDEXEDPOLYGONALFACE((19,18,58));
#1406=IFCINDEXEDPOLYGONALFACE((60,21,58));
#1407=IFCINDEXEDPOLYGONALFACE((59,26,25));
#1408=IFCINDEXEDPOLYGONALFACE((64,29,28));
#1409=IFCINDEXEDPOLYGONALFACE((64,1,27));
#1410=IFCINDEXEDPOLYGONALFACE((60,59,24));
#1411=IFCINDEXEDPOLYGONALFACE((59,25,24));
#1412=IFCINDEXEDPOLYGONALFACE((23,22,60));
#1413=IFCINDEXEDPOLYGONALFACE((40,39,61));
#1414=IFCINDEXEDPOLYGONALFACE((61,38,58));
#1415=IFCINDEXEDPOLYGONALFACE((61,39,38));
#1416=IFCINDEXEDPOLYGONALFACE((58,38,37));
#1417=IFCINDEXEDPOLYGONALFACE((35,58,36));
#1418=IFCINDEXEDPOLYGONALFACE((35,60,58));
#1419=IFCINDEXEDPOLYGONALFACE((35,34,60));
#1420=IFCINDEXEDPOLYGONALFACE((59,60,32));
#1421=IFCINDEXEDPOLYGONALFACE((60,33,32));
#1422=IFCINDEXEDPOLYGONALFACE((32,31,59));
#1423=IFCINDEXEDPOLYGONALFACE((29,59,30));
#1424=IFCINDEXEDPOLYGONALFACE((29,64,59));
#1425=IFCINDEXEDPOLYGONALFACE((17,16,61));
#1426=IFCCARTESIANPOINTLIST3D(((-0.67912499999998188,0.14519052788268105,4.3871228248715317),(-0.67912499999998188,0.058200000000009126,4.3871228248715317),(-0.67912499999998166,0.058200000000009369,4.5297109024847355),(-0.67912499999998166,0.24567439271859887,4.5297109024847346),(-0.67912499999998166,0.24478866136265989,4.5147050789727032),(-0.67912499999998177,0.24233222551669423,4.5024673977013228),(-0.67912499999998177,0.23860622251347818,4.4925840954592333),(-0.67912499999998177,0.23391178968578841,4.4846414090350759),(-0.67912499999998177,0.22855006436640132,4.4782255752174933),(-0.67912499999998177,0.22282218388809349,4.4729228307951265),(-0.67912499999998177,0.2170292662116762,4.4683194364577172),(-0.67912499999998177,0.21140637125212275,4.4640831551986073),(-0.67912499999998177,0.20597487604811029,4.4601453915772629),(-0.67912499999998177,0.20071302989403594,4.4564907610900466),(-0.67912499999998177,0.19559908208429683,4.4531038792333097),(-0.67912499999998177,0.19061128191329005,4.4499693615034097),(-0.67912499999998177,0.18572787867541285,4.4470718233967075),(-0.67912499999998177,0.18092942927697392,4.4443827175536788),(-0.67912499999998177,0.1762189173578024,4.4417455722183119),(-0.67912499999998177,0.17161194799578927,4.4389319216527019),(-0.67912499999998177,0.16712426728495311,4.4357124957484411),(-0.67912499999998177,0.16277162131931222,4.4318580243971182),(-0.67912499999998188,0.15856975619288516,4.4271392374903247),(-0.67912499999998188,0.15454887899659867,4.4213405737517366),(-0.67912499999998188,0.15090273742619897,4.4144015062159516),(-0.67912499999998188,0.14792845969843979,4.4063595112718712),(-0.67912499999998188,0.14592480384128068,4.3972536103476747),(-0.67267089308513295,0.14519052788268105,4.3871228248715317),(-0.67267089308513295,0.14592480384128068,4.3972536103476747),(-0.67267089308513295,0.14792845969843979,4.4063595112718712),(-0.67267089308513295,0.15090273742619897,4.4144015062159516),(-0.67267089308513295,0.15454887899659867,4.4213405737517366),(-0.67267089308513295,0.15856975619288516,4.4271392374903247),(-0.67267089308513284,0.16277162131931222,4.4318580243971182),(-0.67267089308513284,0.16712426728495311,4.4357124957484411),(-0.67267089308513284,0.17161194799578927,4.4389319216527019),(-0.67267089308513284,0.1762189173578024,4.4417455722183119),(-0.67267089308513284,0.18092942927697392,4.4443827175536788),(-0.67267089308513284,0.18572787867541285,4.4470718233967075),(-0.67267089308513284,0.19061128191329005,4.4499693615034097),(-0.67267089308513284,0.19559908208429683,4.4531038792333097),(-0.67267089308513284,0.20071302989403594,4.4564907610900466),(-0.67267089308513284,0.20597487604811029,4.4601453915772629),(-0.67267089308513284,0.21140637125212275,4.4640831551986073),(-0.67267089308513284,0.2170292662116762,4.4683194364577172),(-0.67267089308513284,0.22282218388809349,4.4729228307951265),(-0.67267089308513284,0.22855006436640132,4.4782255752174933),(-0.67267089308513284,0.23391178968578841,4.4846414090350759),(-0.67267089308513284,0.23860622251347818,4.4925840954592333),(-0.67267089308513284,0.24233222551669423,4.5024673977013228),(-0.67267089308513262,0.24478866136265989,4.5147050789727032),(-0.67267089308513262,0.24567439271859887,4.5297109024847346),(-0.67267089308513262,0.058200000000009369,4.5297109024847355),(-0.67267089308513295,0.058200000000009119,4.3871228248715317),(-0.67589794644255585,0.23129551556633118,4.4812684934438831),(-0.67642977265117632,0.24567439271859887,4.5297109024847346),(-0.67589794654179003,0.2033241059556524,4.458283646012724),(-0.67589794654324376,0.17390150564557133,4.4403751394219499),(-0.67589794654302959,0.14931294318054225,4.4105159357641694),(-0.67589794654313817,0.16065085697145107,4.4296209997151692),(-0.6758979465383318,0.18815788988160681,4.4484919314009526),(-0.67589794603118758,0.24167543938766942,4.5003047127051596),(-0.67589794651826773,0.21853844049266929,4.4694826213808989),(-0.67589794654255753,0.14519052788268108,4.3871228248715317)));
#1427=IFCPOLYGONALFACESET(#1426,.T.,(#1355,#1356,#1357,#1358,#1359,#1360,#1361,#1362,#1363,#1364,#1365,#1366,#1367,#1368,#1369,#1370,#1371,#1372,#1373,#1374,#1375,#1376,#1377,#1378,#1379,#1380,#1381,#1382,#1383,#1384,#1385,#1386,#1387,#1388,#1389,#1390,#1391,#1392,#1393,#1394,#1395,#1396,#1397,#1398,#1399,#1400,#1401,#1402,#1403,#1404,#1405,#1406,#1407,#1408,#1409,#1410,#1411,#1412,#1413,#1414,#1415,#1416,#1417,#1418,#1419,#1420,#1421,#1422,#1423,#1424,#1425),$);
#1428=IFCINDEXEDCOLOURMAP(#1427,1.,#1354,(1,1,1,1,1,1,1,1,1,1,1,1,1,1,1,1,1,1,1,1,1,1,1,1,1,1,1,1,1,1,1,1,1,1,1,1,1,1,1,1,1,1,1,1,1,1,1,1,1,1,1,1,1,1,1,1,1,1,1,1,1,1,1,1,1,1,1,1,1,1,1));
#1429=IFCSTYLEDITEM(#1427,(#468),$);
#1430=IFCCOLOURRGBLIST(((0.,0.,0.)));
#1431=IFCINDEXEDPOLYGONALFACE((26,27,1,2,3,4,5,6,7,8,9,10,11,12,13,14,15,16,17,18,19,20,21,22,23,24,25));
#1432=IFCINDEXEDPOLYGONALFACE((32,33,34,35,36,37,38,39,40,41,42,43,44,45,46,47,48,49,50,51,52,53,54,28,29,30,31));
#1433=IFCINDEXEDPOLYGONALFACE((21,20,60));
#1434=IFCINDEXEDPOLYGONALFACE((61,44,43));
#1435=IFCINDEXEDPOLYGONALFACE((5,55,6));
#1436=IFCINDEXEDPOLYGONALFACE((23,59,24));
#1437=IFCINDEXEDPOLYGONALFACE((56,2,1));
#1438=IFCINDEXEDPOLYGONALFACE((56,28,54));
#1439=IFCINDEXEDPOLYGONALFACE((17,58,18));
#1440=IFCINDEXEDPOLYGONALFACE((55,51,50));
#1441=IFCINDEXEDPOLYGONALFACE((62,2,56));
#1442=IFCINDEXEDPOLYGONALFACE((8,7,63));
#1443=IFCINDEXEDPOLYGONALFACE((62,55,4));
#1444=IFCINDEXEDPOLYGONALFACE((57,11,10));
#1445=IFCINDEXEDPOLYGONALFACE((13,12,61));
#1446=IFCINDEXEDPOLYGONALFACE((63,57,9));
#1447=IFCINDEXEDPOLYGONALFACE((3,62,4));
#1448=IFCINDEXEDPOLYGONALFACE((9,8,63));
#1449=IFCINDEXEDPOLYGONALFACE((57,10,9));
#1450=IFCINDEXEDPOLYGONALFACE((55,63,7));
#1451=IFCINDEXEDPOLYGONALFACE((59,64,24));
#1452=IFCINDEXEDPOLYGONALFACE((12,57,61));
#1453=IFCINDEXEDPOLYGONALFACE((62,53,52));
#1454=IFCINDEXEDPOLYGONALFACE((62,56,54));
#1455=IFCINDEXEDPOLYGONALFACE((6,55,7));
#1456=IFCINDEXEDPOLYGONALFACE((58,40,39));
#1457=IFCINDEXEDPOLYGONALFACE((62,3,2));
#1458=IFCINDEXEDPOLYGONALFACE((11,57,12));
#1459=IFCINDEXEDPOLYGONALFACE((57,46,45));
#1460=IFCINDEXEDPOLYGONALFACE((5,4,55));
#1461=IFCINDEXEDPOLYGONALFACE((62,54,53));
#1462=IFCINDEXEDPOLYGONALFACE((52,51,55));
#1463=IFCINDEXEDPOLYGONALFACE((49,55,50));
#1464=IFCINDEXEDPOLYGONALFACE((60,37,36));
#1465=IFCINDEXEDPOLYGONALFACE((59,34,33));
#1466=IFCINDEXEDPOLYGONALFACE((55,62,52));
#1467=IFCINDEXEDPOLYGONALFACE((49,63,55));
#1468=IFCINDEXEDPOLYGONALFACE((57,63,47));
#1469=IFCINDEXEDPOLYGONALFACE((47,63,48));
#1470=IFCINDEXEDPOLYGONALFACE((48,63,49));
#1471=IFCINDEXEDPOLYGONALFACE((46,57,47));
#1472=IFCINDEXEDPOLYGONALFACE((15,14,61));
#1473=IFCINDEXEDPOLYGONALFACE((57,45,44));
#1474=IFCINDEXEDPOLYGONALFACE((61,57,44));
#1475=IFCINDEXEDPOLYGONALFACE((17,16,58));
#1476=IFCINDEXEDPOLYGONALFACE((18,60,19));
#1477=IFCINDEXEDPOLYGONALFACE((61,58,15));
#1478=IFCINDEXEDPOLYGONALFACE((16,15,58));
#1479=IFCINDEXEDPOLYGONALFACE((60,18,58));
#1480=IFCINDEXEDPOLYGONALFACE((59,23,22));
#1481=IFCINDEXEDPOLYGONALFACE((64,32,31));
#1482=IFCINDEXEDPOLYGONALFACE((64,25,24));
#1483=IFCINDEXEDPOLYGONALFACE((60,59,21));
#1484=IFCINDEXEDPOLYGONALFACE((59,22,21));
#1485=IFCINDEXEDPOLYGONALFACE((20,19,60));
#1486=IFCINDEXEDPOLYGONALFACE((43,42,61));
#1487=IFCINDEXEDPOLYGONALFACE((61,41,58));
#1488=IFCINDEXEDPOLYGONALFACE((61,42,41));
#1489=IFCINDEXEDPOLYGONALFACE((58,41,40));
#1490=IFCINDEXEDPOLYGONALFACE((38,58,39));
#1491=IFCINDEXEDPOLYGONALFACE((38,60,58));
#1492=IFCINDEXEDPOLYGONALFACE((38,37,60));
#1493=IFCINDEXEDPOLYGONALFACE((59,60,35));
#1494=IFCINDEXEDPOLYGONALFACE((60,36,35));
#1495=IFCINDEXEDPOLYGONALFACE((35,34,59));
#1496=IFCINDEXEDPOLYGONALFACE((32,59,33));
#1497=IFCINDEXEDPOLYGONALFACE((32,64,59));
#1498=IFCINDEXEDPOLYGONALFACE((14,13,61));
#1499=IFCINDEXEDPOLYGONALFACE((26,25,64,31,30));
#1500=IFCINDEXEDPOLYGONALFACE((27,26,30,29));
#1501=IFCINDEXEDPOLYGONALFACE((27,29,28,56,1));
#1502=IFCCARTESIANPOINTLIST3D(((-0.38067500000000959,0.14519052788268105,4.3871228248715308),(-0.38067500000000959,0.14592480384128065,4.3972536103476738),(-0.38067500000000959,0.14792845969843979,4.406359511271873),(-0.38067500000000948,0.15090273742619897,4.4144015062159507),(-0.38067500000000948,0.15454887899659867,4.4213405737517348),(-0.38067500000000948,0.15856975619288513,4.4271392374903229),(-0.38067500000000948,0.16277162131931222,4.4318580243971173),(-0.38067500000000948,0.16712426728495311,4.4357124957484411),(-0.38067500000000948,0.1716119479957893,4.4389319216527019),(-0.38067500000000948,0.17621891735780235,4.4417455722183101),(-0.38067500000000948,0.18092942927697386,4.4443827175536788),(-0.38067500000000948,0.18572787867541285,4.4470718233967066),(-0.38067500000000948,0.19061128191329005,4.4499693615034097),(-0.38067500000000942,0.19559908208429683,4.4531038792333089),(-0.38067500000000942,0.20071302989403592,4.4564907610900448),(-0.38067500000000942,0.20597487604811032,4.4601453915772646),(-0.38067500000000942,0.21140637125212275,4.4640831551986055),(-0.38067500000000942,0.2170292662116762,4.4683194364577146),(-0.38067500000000942,0.22282218388809349,4.4729228307951265),(-0.38067500000000942,0.22855006436640132,4.4782255752174924),(-0.38067500000000942,0.23391178968578849,4.4846414090350768),(-0.38067500000000942,0.23860622251347818,4.4925840954592324),(-0.38067500000000937,0.24233222551669423,4.5024673977013219),(-0.38067500000000937,0.24478866136265992,4.5147050789727041),(-0.38067500000000937,0.24567439271859887,4.5297109024847346),(-0.38067500000000937,0.058200000000009355,4.5297109024847346),(-0.38067500000000959,0.058200000000009119,4.3871228248715308),(-0.38712910691485858,0.14519052788268108,4.3871228248715308),(-0.38712910691485858,0.058200000000009119,4.3871228248715308),(-0.38712910691485836,0.058200000000009376,4.5297109024847346),(-0.38712910691485836,0.24567439271859887,4.5297109024847346),(-0.38712910691485836,0.24478866136265992,4.5147050789727041),(-0.38712910691485836,0.24233222551669423,4.5024673977013219),(-0.38712910691485841,0.23860622251347818,4.4925840954592324),(-0.38712910691485841,0.23391178968578849,4.4846414090350768),(-0.38712910691485841,0.22855006436640132,4.4782255752174924),(-0.38712910691485841,0.22282218388809349,4.4729228307951265),(-0.38712910691485841,0.2170292662116762,4.4683194364577146),(-0.38712910691485841,0.21140637125212275,4.4640831551986055),(-0.38712910691485841,0.20597487604811032,4.4601453915772646),(-0.38712910691485841,0.20071302989403592,4.4564907610900448),(-0.38712910691485841,0.19559908208429683,4.4531038792333089),(-0.38712910691485847,0.19061128191329005,4.4499693615034097),(-0.38712910691485847,0.18572787867541285,4.4470718233967066),(-0.38712910691485847,0.18092942927697386,4.4443827175536788),(-0.38712910691485847,0.17621891735780235,4.4417455722183101),(-0.38712910691485847,0.1716119479957893,4.4389319216527019),(-0.38712910691485847,0.16712426728495311,4.4357124957484411),(-0.38712910691485847,0.16277162131931222,4.4318580243971173),(-0.38712910691485847,0.15856975619288513,4.4271392374903229),(-0.38712910691485847,0.15454887899659867,4.4213405737517348),(-0.38712910691485847,0.15090273742619897,4.4144015062159507),(-0.38712910691485858,0.14792845969843979,4.406359511271873),(-0.38712910691485858,0.14592480384128065,4.3972536103476738),(-0.38390205355743556,0.15653053829285321,4.4243843176361999),(-0.38337022734881504,0.14519052788268103,4.3871228248715308),(-0.38390205345820116,0.17856221490020432,4.4430718788094721),(-0.38390205345674733,0.20866805819489156,4.46207792028365),(-0.38390205345696193,0.24060909885736126,4.497257309483917),(-0.3839020534568533,0.22571307250556336,4.4754609270940779),(-0.38390205346165945,0.19309077318285664,4.4515060365221126),(-0.38390205396880406,0.14845805336363346,4.4080629452219391),(-0.3839020534817239,0.16596866289865961,4.434772074171164),(-0.38390205345743383,0.24567439271859887,4.5297109024847346)));
#1503=IFCPOLYGONALFACESET(#1502,.T.,(#1431,#1432,#1433,#1434,#1435,#1436,#1437,#1438,#1439,#1440,#1441,#1442,#1443,#1444,#1445,#1446,#1447,#1448,#1449,#1450,#1451,#1452,#1453,#1454,#1455,#1456,#1457,#1458,#1459,#1460,#1461,#1462,#1463,#1464,#1465,#1466,#1467,#1468,#1469,#1470,#1471,#1472,#1473,#1474,#1475,#1476,#1477,#1478,#1479,#1480,#1481,#1482,#1483,#1484,#1485,#1486,#1487,#1488,#1489,#1490,#1491,#1492,#1493,#1494,#1495,#1496,#1497,#1498,#1499,#1500,#1501),$);
#1504=IFCINDEXEDCOLOURMAP(#1503,1.,#1430,(1,1,1,1,1,1,1,1,1,1,1,1,1,1,1,1,1,1,1,1,1,1,1,1,1,1,1,1,1,1,1,1,1,1,1,1,1,1,1,1,1,1,1,1,1,1,1,1,1,1,1,1,1,1,1,1,1,1,1,1,1,1,1,1,1,1,1,1,1,1,1));
#1505=IFCSTYLEDITEM(#1503,(#468),$);
#1506=IFCCOLOURRGBLIST(((0.,0.,0.)));
#1507=IFCINDEXEDPOLYGONALFACE((1,2,3,4,5,6,7,8,9,10,11,12,13,14,15,16,17,18,19,20,21,22,23,24,25,26));
#1508=IFCINDEXEDPOLYGONALFACE((39,40,41,42,43,44,45,46,47,48,49,50,51,52,27,28,29,30,31,32,33,34,35,36,37,38));
#1509=IFCINDEXEDPOLYGONALFACE((2,1,27,52));
#1510=IFCINDEXEDPOLYGONALFACE((15,14,40,39));
#1511=IFCINDEXEDPOLYGONALFACE((3,2,52,51));
#1512=IFCINDEXEDPOLYGONALFACE((4,3,51,50));
#1513=IFCINDEXEDPOLYGONALFACE((6,5,49,48));
#1514=IFCINDEXEDPOLYGONALFACE((7,6,48,47));
#1515=IFCINDEXEDPOLYGONALFACE((50,49,5,4));
#1516=IFCINDEXEDPOLYGONALFACE((47,46,8,7));
#1517=IFCINDEXEDPOLYGONALFACE((10,9,45,44));
#1518=IFCINDEXEDPOLYGONALFACE((10,44,43,11));
#1519=IFCINDEXEDPOLYGONALFACE((13,12,42,41));
#1520=IFCINDEXEDPOLYGONALFACE((42,12,11,43));
#1521=IFCINDEXEDPOLYGONALFACE((14,13,41,40));
#1522=IFCINDEXEDPOLYGONALFACE((8,46,45,9));
#1523=IFCINDEXEDPOLYGONALFACE((16,38,37,17));
#1524=IFCINDEXEDPOLYGONALFACE((36,18,17,37));
#1525=IFCINDEXEDPOLYGONALFACE((19,35,34,20));
#1526=IFCINDEXEDPOLYGONALFACE((36,35,19,18));
#1527=IFCINDEXEDPOLYGONALFACE((20,34,33,21));
#1528=IFCINDEXEDPOLYGONALFACE((38,16,15,39));
#1529=IFCINDEXEDPOLYGONALFACE((22,32,31,23));
#1530=IFCINDEXEDPOLYGONALFACE((30,24,23,31));
#1531=IFCINDEXEDPOLYGONALFACE((25,29,28,26));
#1532=IFCINDEXEDPOLYGONALFACE((30,29,25,24));
#1533=IFCINDEXEDPOLYGONALFACE((26,28,27,1));
#1534=IFCINDEXEDPOLYGONALFACE((32,22,21,33));
#1535=IFCCARTESIANPOINTLIST3D(((-0.38077042959335056,0.24567439271859376,4.1921025691514009),(-0.38712467380645949,0.24567439271859376,4.1921025691514),(-0.39311115210367353,0.24567439271859426,4.2280228991194067),(-0.40798385138033838,0.2456743927185947,4.2612630983311943),(-0.4307765957064284,0.24567439271859509,4.2896637820113268),(-0.46000869885697243,0.2456743927185954,4.3113799550814003),(-0.49378115420763857,0.24567439271859556,4.3250008686704629),(-0.52989999999999382,0.24567439271859565,4.3296416666666611),(-0.56601884579234907,0.24567439271859556,4.3250008686704629),(-0.59979130114301527,0.2456743927185954,4.3113799550814011),(-0.6290234042935593,0.24567439271859509,4.2896637820113277),(-0.65181614861964943,0.2456743927185947,4.2612630983311943),(-0.66668884789631433,0.24567439271859426,4.2280228991194067),(-0.67267532619352866,0.24567439271859376,4.1921025691514009),(-0.67902957040663758,0.24567439271859376,4.1921025691514),(-0.6728253309415958,0.24567439271859426,4.2296671375292423),(-0.65731706299050052,0.24567439271859476,4.2644390084871038),(-0.63351431024890048,0.24567439271859517,4.2941546331091001),(-0.60296656354599543,0.24567439271859548,4.3168796095915587),(-0.56766239344262381,0.24567439271859567,4.3311346072437988),(-0.5298999999999946,0.24567439271859576,4.3359916666666614),(-0.49213760655736521,0.24567439271859567,4.3311346072437988),(-0.45683343645399355,0.24567439271859548,4.3168796095915596),(-0.42628568975108838,0.24567439271859517,4.2941546331091009),(-0.40248293700948806,0.24567439271859476,4.2644390084871047),(-0.38697466905839251,0.24567439271859426,4.2296671375292432),(-0.38077042959335056,0.05820000000000386,4.1921025691514036),(-0.38697466905839251,0.058200000000004373,4.2296671375292458),(-0.40248293700948806,0.058200000000004859,4.2644390084871073),(-0.42628568975108838,0.058200000000005268,4.2941546331091036),(-0.45683343645399355,0.058200000000005588,4.3168796095915623),(-0.49213760655736521,0.058200000000005782,4.3311346072438015),(-0.5298999999999946,0.058200000000005844,4.335991666666664),(-0.56766239344262381,0.058200000000005782,4.3311346072438015),(-0.60296656354599543,0.058200000000005588,4.3168796095915614),(-0.63351431024890048,0.058200000000005268,4.2941546331091027),(-0.65731706299050052,0.058200000000004859,4.2644390084871064),(-0.6728253309415958,0.058200000000004373,4.2296671375292449),(-0.67902957040663758,0.05820000000000386,4.1921025691514036),(-0.67267532619352866,0.05820000000000386,4.1921025691514036),(-0.66668884789631433,0.058200000000004359,4.2280228991194093),(-0.65181614861964943,0.058200000000004817,4.261263098331197),(-0.6290234042935593,0.058200000000005206,4.2896637820113304),(-0.59979130114301527,0.058200000000005511,4.3113799550814038),(-0.56601884579234907,0.058200000000005692,4.3250008686704655),(-0.52989999999999382,0.058200000000005761,4.3296416666666637),(-0.49378115420763857,0.058200000000005692,4.3250008686704655),(-0.46000869885697243,0.058200000000005511,4.3113799550814029),(-0.4307765957064284,0.058200000000005206,4.2896637820113295),(-0.40798385138033838,0.058200000000004817,4.261263098331197),(-0.39311115210367353,0.058200000000004359,4.2280228991194093),(-0.38712467380645949,0.05820000000000386,4.1921025691514027)));
#1536=IFCPOLYGONALFACESET(#1535,.T.,(#1507,#1508,#1509,#1510,#1511,#1512,#1513,#1514,#1515,#1516,#1517,#1518,#1519,#1520,#1521,#1522,#1523,#1524,#1525,#1526,#1527,#1528,#1529,#1530,#1531,#1532,#1533,#1534),$);
#1537=IFCINDEXEDCOLOURMAP(#1536,1.,#1506,(1,1,1,1,1,1,1,1,1,1,1,1,1,1,1,1,1,1,1,1,1,1,1,1,1,1,1,1));
#1538=IFCSTYLEDITEM(#1536,(#468),$);
#1539=IFCCOLOURRGBLIST(((0.,0.,0.)));
#1540=IFCINDEXEDPOLYGONALFACE((12,13,14,15,16,17,18,19,20,21,22,23,24,25,26,27,1,2,3,4,5,6,7,8,9,10,11));
#1541=IFCINDEXEDPOLYGONALFACE((54,28,29,30,31,32,33,34,35,36,37,38,39,40,41,42,43,44,45,46,47,48,49,50,51,52,53));
#1542=IFCINDEXEDPOLYGONALFACE((2,1,64,28,54));
#1543=IFCINDEXEDPOLYGONALFACE((3,2,54,53));
#1544=IFCINDEXEDPOLYGONALFACE((4,3,53,52,56));
#1545=IFCINDEXEDPOLYGONALFACE((24,23,60));
#1546=IFCINDEXEDPOLYGONALFACE((61,41,40));
#1547=IFCINDEXEDPOLYGONALFACE((8,55,9));
#1548=IFCINDEXEDPOLYGONALFACE((26,59,27));
#1549=IFCINDEXEDPOLYGONALFACE((56,5,4));
#1550=IFCINDEXEDPOLYGONALFACE((56,52,51));
#1551=IFCINDEXEDPOLYGONALFACE((20,58,21));
#1552=IFCINDEXEDPOLYGONALFACE((55,48,47));
#1553=IFCINDEXEDPOLYGONALFACE((62,5,56));
#1554=IFCINDEXEDPOLYGONALFACE((11,10,63));
#1555=IFCINDEXEDPOLYGONALFACE((62,55,7));
#1556=IFCINDEXEDPOLYGONALFACE((57,14,13));
#1557=IFCINDEXEDPOLYGONALFACE((16,15,61));
#1558=IFCINDEXEDPOLYGONALFACE((63,57,12));
#1559=IFCINDEXEDPOLYGONALFACE((6,62,7));
#1560=IFCINDEXEDPOLYGONALFACE((12,11,63));
#1561=IFCINDEXEDPOLYGONALFACE((57,13,12));
#1562=IFCINDEXEDPOLYGONALFACE((55,63,10));
#1563=IFCINDEXEDPOLYGONALFACE((59,64,27));
#1564=IFCINDEXEDPOLYGONALFACE((15,57,61));
#1565=IFCINDEXEDPOLYGONALFACE((62,50,49));
#1566=IFCINDEXEDPOLYGONALFACE((62,56,51));
#1567=IFCINDEXEDPOLYGONALFACE((9,55,10));
#1568=IFCINDEXEDPOLYGONALFACE((58,37,36));
#1569=IFCINDEXEDPOLYGONALFACE((62,6,5));
#1570=IFCINDEXEDPOLYGONALFACE((14,57,15));
#1571=IFCINDEXEDPOLYGONALFACE((57,43,42));
#1572=IFCINDEXEDPOLYGONALFACE((8,7,55));
#1573=IFCINDEXEDPOLYGONALFACE((62,51,50));
#1574=IFCINDEXEDPOLYGONALFACE((49,48,55));
#1575=IFCINDEXEDPOLYGONALFACE((46,55,47));
#1576=IFCINDEXEDPOLYGONALFACE((60,34,33));
#1577=IFCINDEXEDPOLYGONALFACE((59,31,30));
#1578=IFCINDEXEDPOLYGONALFACE((55,62,49));
#1579=IFCINDEXEDPOLYGONALFACE((46,63,55));
#1580=IFCINDEXEDPOLYGONALFACE((57,63,44));
#1581=IFCINDEXEDPOLYGONALFACE((44,63,45));
#1582=IFCINDEXEDPOLYGONALFACE((45,63,46));
#1583=IFCINDEXEDPOLYGONALFACE((43,57,44));
#1584=IFCINDEXEDPOLYGONALFACE((18,17,61));
#1585=IFCINDEXEDPOLYGONALFACE((57,42,41));
#1586=IFCINDEXEDPOLYGONALFACE((61,57,41));
#1587=IFCINDEXEDPOLYGONALFACE((20,19,58));
#1588=IFCINDEXEDPOLYGONALFACE((21,60,22));
#1589=IFCINDEXEDPOLYGONALFACE((61,58,18));
#1590=IFCINDEXEDPOLYGONALFACE((19,18,58));
#1591=IFCINDEXEDPOLYGONALFACE((60,21,58));
#1592=IFCINDEXEDPOLYGONALFACE((59,26,25));
#1593=IFCINDEXEDPOLYGONALFACE((64,29,28));
#1594=IFCINDEXEDPOLYGONALFACE((64,1,27));
#1595=IFCINDEXEDPOLYGONALFACE((60,59,24));
#1596=IFCINDEXEDPOLYGONALFACE((59,25,24));
#1597=IFCINDEXEDPOLYGONALFACE((23,22,60));
#1598=IFCINDEXEDPOLYGONALFACE((40,39,61));
#1599=IFCINDEXEDPOLYGONALFACE((61,38,58));
#1600=IFCINDEXEDPOLYGONALFACE((61,39,38));
#1601=IFCINDEXEDPOLYGONALFACE((58,38,37));
#1602=IFCINDEXEDPOLYGONALFACE((35,58,36));
#1603=IFCINDEXEDPOLYGONALFACE((35,60,58));
#1604=IFCINDEXEDPOLYGONALFACE((35,34,60));
#1605=IFCINDEXEDPOLYGONALFACE((59,60,32));
#1606=IFCINDEXEDPOLYGONALFACE((60,33,32));
#1607=IFCINDEXEDPOLYGONALFACE((32,31,59));
#1608=IFCINDEXEDPOLYGONALFACE((29,59,30));
#1609=IFCINDEXEDPOLYGONALFACE((29,64,59));
#1610=IFCINDEXEDPOLYGONALFACE((17,16,61));
#1611=IFCCARTESIANPOINTLIST3D(((-0.67912499999998244,0.14519052788267639,4.049514491538198),(-0.67912499999998244,0.058200000000004457,4.0495144915381989),(-0.67912499999998222,0.058200000000004699,4.1921025691514027),(-0.67912499999998222,0.24567439271859418,4.1921025691514018),(-0.67912499999998222,0.24478866136265523,4.1770967456393695),(-0.67912499999998233,0.24233222551668959,4.1648590643679899),(-0.67912499999998233,0.23860622251347352,4.1549757621258987),(-0.67912499999998233,0.23391178968578372,4.1470330757017431),(-0.67912499999998233,0.22855006436639669,4.1406172418841596),(-0.67912499999998233,0.22282218388808883,4.1353144974617937),(-0.67912499999998233,0.21702926621167157,4.1307111031243835),(-0.67912499999998233,0.21140637125211809,4.1264748218652727),(-0.67912499999998233,0.20597487604810558,4.12253705824393),(-0.67912499999998233,0.20071302989403125,4.1188824277567129),(-0.67912499999998233,0.19559908208429216,4.1154955458999751),(-0.67912499999998233,0.19061128191328539,4.1123610281700769),(-0.67912499999998233,0.18572787867540819,4.1094634900633729),(-0.67912499999998233,0.18092942927696923,4.1067743842203459),(-0.67912499999998233,0.17621891735779771,4.1041372388849791),(-0.67912499999998233,0.17161194799578461,4.1013235883193691),(-0.67912499999998233,0.16712426728494839,4.0981041624151082),(-0.67912499999998233,0.16277162131930759,4.0942496910637853),(-0.67912499999998244,0.15856975619288047,4.0895309041569909),(-0.67912499999998244,0.15454887899659403,4.0837322404184029),(-0.67912499999998244,0.15090273742619431,4.0767931728826188),(-0.67912499999998244,0.1479284596984351,4.0687511779385384),(-0.67912499999998244,0.14592480384127599,4.059645277014341),(-0.6726708930851335,0.14519052788267639,4.049514491538198),(-0.6726708930851335,0.14592480384127599,4.059645277014341),(-0.6726708930851335,0.1479284596984351,4.0687511779385384),(-0.6726708930851335,0.15090273742619431,4.0767931728826188),(-0.6726708930851335,0.15454887899659403,4.0837322404184029),(-0.6726708930851335,0.15856975619288047,4.0895309041569909),(-0.67267089308513339,0.16277162131930759,4.0942496910637853),(-0.67267089308513339,0.16712426728494839,4.0981041624151082),(-0.67267089308513339,0.17161194799578461,4.1013235883193691),(-0.67267089308513339,0.17621891735779771,4.1041372388849791),(-0.67267089308513339,0.18092942927696923,4.1067743842203459),(-0.67267089308513339,0.18572787867540819,4.1094634900633729),(-0.67267089308513339,0.19061128191328539,4.1123610281700769),(-0.67267089308513339,0.19559908208429216,4.1154955458999751),(-0.67267089308513339,0.20071302989403125,4.1188824277567129),(-0.67267089308513339,0.20597487604810558,4.12253705824393),(-0.67267089308513339,0.21140637125211809,4.1264748218652727),(-0.67267089308513339,0.21702926621167157,4.1307111031243835),(-0.67267089308513339,0.22282218388808883,4.1353144974617937),(-0.67267089308513339,0.22855006436639669,4.1406172418841596),(-0.67267089308513339,0.23391178968578372,4.1470330757017431),(-0.67267089308513339,0.23860622251347352,4.1549757621258987),(-0.67267089308513339,0.24233222551668959,4.1648590643679899),(-0.67267089308513317,0.24478866136265523,4.1770967456393695),(-0.67267089308513317,0.24567439271859418,4.1921025691514018),(-0.67267089308513317,0.058200000000004699,4.1921025691514027),(-0.6726708930851335,0.05820000000000445,4.0495144915381989),(-0.6758979464425563,0.23129551556632502,4.1436601601105467),(-0.67642977265117687,0.24567439271859423,4.1921025691514018),(-0.67589794654179081,0.20332410595564893,4.120675312679392),(-0.67589794654324442,0.17390150564556811,4.102766806088618),(-0.67589794654303015,0.14931294318053828,4.0729076024308375),(-0.67589794654313862,0.16065085697145018,4.0920126663818399),(-0.67589794653833213,0.18815788988160209,4.1108835980676188),(-0.67589794603118758,0.24167543938766561,4.1626963793718286),(-0.67589794651826796,0.21853844049266388,4.1318742880475652),(-0.67589794654255786,0.14519052788267639,4.0495144915381989)));
#1612=IFCPOLYGONALFACESET(#1611,.T.,(#1540,#1541,#1542,#1543,#1544,#1545,#1546,#1547,#1548,#1549,#1550,#1551,#1552,#1553,#1554,#1555,#1556,#1557,#1558,#1559,#1560,#1561,#1562,#1563,#1564,#1565,#1566,#1567,#1568,#1569,#1570,#1571,#1572,#1573,#1574,#1575,#1576,#1577,#1578,#1579,#1580,#1581,#1582,#1583,#1584,#1585,#1586,#1587,#1588,#1589,#1590,#1591,#1592,#1593,#1594,#1595,#1596,#1597,#1598,#1599,#1600,#1601,#1602,#1603,#1604,#1605,#1606,#1607,#1608,#1609,#1610),$);
#1613=IFCINDEXEDCOLOURMAP(#1612,1.,#1539,(1,1,1,1,1,1,1,1,1,1,1,1,1,1,1,1,1,1,1,1,1,1,1,1,1,1,1,1,1,1,1,1,1,1,1,1,1,1,1,1,1,1,1,1,1,1,1,1,1,1,1,1,1,1,1,1,1,1,1,1,1,1,1,1,1,1,1,1,1,1,1));
#1614=IFCSTYLEDITEM(#1612,(#468),$);
#1615=IFCCOLOURRGBLIST(((0.,0.,0.)));
#1616=IFCINDEXEDPOLYGONALFACE((26,27,1,2,3,4,5,6,7,8,9,10,11,12,13,14,15,16,17,18,19,20,21,22,23,24,25));
#1617=IFCINDEXEDPOLYGONALFACE((32,33,34,35,36,37,38,39,40,41,42,43,44,45,46,47,48,49,50,51,52,53,54,28,29,30,31));
#1618=IFCINDEXEDPOLYGONALFACE((21,20,60));
#1619=IFCINDEXEDPOLYGONALFACE((61,44,43));
#1620=IFCINDEXEDPOLYGONALFACE((5,55,6));
#1621=IFCINDEXEDPOLYGONALFACE((23,59,24));
#1622=IFCINDEXEDPOLYGONALFACE((56,2,1));
#1623=IFCINDEXEDPOLYGONALFACE((56,28,54));
#1624=IFCINDEXEDPOLYGONALFACE((17,58,18));
#1625=IFCINDEXEDPOLYGONALFACE((55,51,50));
#1626=IFCINDEXEDPOLYGONALFACE((62,2,56));
#1627=IFCINDEXEDPOLYGONALFACE((8,7,63));
#1628=IFCINDEXEDPOLYGONALFACE((62,55,4));
#1629=IFCINDEXEDPOLYGONALFACE((57,11,10));
#1630=IFCINDEXEDPOLYGONALFACE((13,12,61));
#1631=IFCINDEXEDPOLYGONALFACE((63,57,9));
#1632=IFCINDEXEDPOLYGONALFACE((3,62,4));
#1633=IFCINDEXEDPOLYGONALFACE((9,8,63));
#1634=IFCINDEXEDPOLYGONALFACE((57,10,9));
#1635=IFCINDEXEDPOLYGONALFACE((55,63,7));
#1636=IFCINDEXEDPOLYGONALFACE((59,64,24));
#1637=IFCINDEXEDPOLYGONALFACE((12,57,61));
#1638=IFCINDEXEDPOLYGONALFACE((62,53,52));
#1639=IFCINDEXEDPOLYGONALFACE((62,56,54));
#1640=IFCINDEXEDPOLYGONALFACE((6,55,7));
#1641=IFCINDEXEDPOLYGONALFACE((58,40,39));
#1642=IFCINDEXEDPOLYGONALFACE((62,3,2));
#1643=IFCINDEXEDPOLYGONALFACE((11,57,12));
#1644=IFCINDEXEDPOLYGONALFACE((57,46,45));
#1645=IFCINDEXEDPOLYGONALFACE((5,4,55));
#1646=IFCINDEXEDPOLYGONALFACE((62,54,53));
#1647=IFCINDEXEDPOLYGONALFACE((52,51,55));
#1648=IFCINDEXEDPOLYGONALFACE((49,55,50));
#1649=IFCINDEXEDPOLYGONALFACE((60,37,36));
#1650=IFCINDEXEDPOLYGONALFACE((59,34,33));
#1651=IFCINDEXEDPOLYGONALFACE((55,62,52));
#1652=IFCINDEXEDPOLYGONALFACE((49,63,55));
#1653=IFCINDEXEDPOLYGONALFACE((57,63,47));
#1654=IFCINDEXEDPOLYGONALFACE((47,63,48));
#1655=IFCINDEXEDPOLYGONALFACE((48,63,49));
#1656=IFCINDEXEDPOLYGONALFACE((46,57,47));
#1657=IFCINDEXEDPOLYGONALFACE((15,14,61));
#1658=IFCINDEXEDPOLYGONALFACE((57,45,44));
#1659=IFCINDEXEDPOLYGONALFACE((61,57,44));
#1660=IFCINDEXEDPOLYGONALFACE((17,16,58));
#1661=IFCINDEXEDPOLYGONALFACE((18,60,19));
#1662=IFCINDEXEDPOLYGONALFACE((61,58,15));
#1663=IFCINDEXEDPOLYGONALFACE((16,15,58));
#1664=IFCINDEXEDPOLYGONALFACE((60,18,58));
#1665=IFCINDEXEDPOLYGONALFACE((59,23,22));
#1666=IFCINDEXEDPOLYGONALFACE((64,32,31));
#1667=IFCINDEXEDPOLYGONALFACE((64,25,24));
#1668=IFCINDEXEDPOLYGONALFACE((60,59,21));
#1669=IFCINDEXEDPOLYGONALFACE((59,22,21));
#1670=IFCINDEXEDPOLYGONALFACE((20,19,60));
#1671=IFCINDEXEDPOLYGONALFACE((43,42,61));
#1672=IFCINDEXEDPOLYGONALFACE((61,41,58));
#1673=IFCINDEXEDPOLYGONALFACE((61,42,41));
#1674=IFCINDEXEDPOLYGONALFACE((58,41,40));
#1675=IFCINDEXEDPOLYGONALFACE((38,58,39));
#1676=IFCINDEXEDPOLYGONALFACE((38,60,58));
#1677=IFCINDEXEDPOLYGONALFACE((38,37,60));
#1678=IFCINDEXEDPOLYGONALFACE((59,60,35));
#1679=IFCINDEXEDPOLYGONALFACE((60,36,35));
#1680=IFCINDEXEDPOLYGONALFACE((35,34,59));
#1681=IFCINDEXEDPOLYGONALFACE((32,59,33));
#1682=IFCINDEXEDPOLYGONALFACE((32,64,59));
#1683=IFCINDEXEDPOLYGONALFACE((14,13,61));
#1684=IFCINDEXEDPOLYGONALFACE((26,25,64,31,30));
#1685=IFCINDEXEDPOLYGONALFACE((27,26,30,29));
#1686=IFCINDEXEDPOLYGONALFACE((27,29,28,56,1));
#1687=IFCCARTESIANPOINTLIST3D(((-0.3806750000000102,0.14519052788267639,4.049514491538198),(-0.3806750000000102,0.14592480384127599,4.0596452770143401),(-0.3806750000000102,0.14792845969843516,4.0687511779385392),(-0.38067500000001009,0.15090273742619431,4.0767931728826179),(-0.38067500000001009,0.154548878996594,4.083732240418402),(-0.38067500000001009,0.15856975619288047,4.0895309041569909),(-0.38067500000001009,0.16277162131930756,4.0942496910637853),(-0.38067500000001009,0.16712426728494847,4.0981041624151091),(-0.38067500000001009,0.17161194799578464,4.1013235883193691),(-0.38067500000001009,0.17621891735779768,4.1041372388849773),(-0.38067500000001009,0.18092942927696923,4.106774384220345),(-0.38067500000001009,0.18572787867540819,4.1094634900633729),(-0.38067500000001009,0.19061128191328541,4.1123610281700769),(-0.38067500000001003,0.19559908208429216,4.115495545899976),(-0.38067500000001003,0.20071302989403128,4.1188824277567129),(-0.38067500000001003,0.20597487604810563,4.1225370582439309),(-0.38067500000001003,0.21140637125211811,4.1264748218652736),(-0.38067500000001003,0.21702926621167154,4.1307111031243826),(-0.38067500000001003,0.2228221838880888,4.1353144974617937),(-0.38067500000001003,0.2285500643663966,4.1406172418841596),(-0.38067500000001003,0.23391178968578377,4.147033075701744),(-0.38067500000001003,0.23860622251347352,4.1549757621258996),(-0.38067500000000998,0.24233222551668956,4.1648590643679881),(-0.38067500000000998,0.24478866136265526,4.1770967456393704),(-0.38067500000000998,0.24567439271859418,4.1921025691514018),(-0.38067500000000998,0.058200000000004685,4.1921025691514018),(-0.3806750000000102,0.05820000000000445,4.049514491538198),(-0.38712910691485919,0.14519052788267639,4.049514491538198),(-0.38712910691485919,0.05820000000000445,4.049514491538198),(-0.38712910691485897,0.058200000000004706,4.1921025691514018),(-0.38712910691485897,0.24567439271859418,4.1921025691514018),(-0.38712910691485897,0.24478866136265526,4.1770967456393704),(-0.38712910691485897,0.24233222551668956,4.1648590643679881),(-0.38712910691485902,0.23860622251347352,4.1549757621258996),(-0.38712910691485902,0.23391178968578377,4.147033075701744),(-0.38712910691485902,0.2285500643663966,4.1406172418841596),(-0.38712910691485902,0.2228221838880888,4.1353144974617937),(-0.38712910691485902,0.21702926621167154,4.1307111031243826),(-0.38712910691485902,0.21140637125211811,4.1264748218652736),(-0.38712910691485902,0.20597487604810563,4.1225370582439309),(-0.38712910691485902,0.20071302989403128,4.1188824277567129),(-0.38712910691485902,0.19559908208429216,4.115495545899976),(-0.38712910691485908,0.19061128191328541,4.1123610281700769),(-0.38712910691485908,0.18572787867540819,4.1094634900633729),(-0.38712910691485908,0.18092942927696923,4.106774384220345),(-0.38712910691485908,0.17621891735779768,4.1041372388849773),(-0.38712910691485908,0.17161194799578464,4.1013235883193691),(-0.38712910691485908,0.16712426728494847,4.0981041624151091),(-0.38712910691485908,0.16277162131930756,4.0942496910637853),(-0.38712910691485908,0.15856975619288047,4.0895309041569909),(-0.38712910691485908,0.154548878996594,4.083732240418402),(-0.38712910691485908,0.15090273742619431,4.0767931728826179),(-0.38712910691485919,0.14792845969843516,4.0687511779385392),(-0.38712910691485919,0.14592480384127599,4.0596452770143401),(-0.38390205355743617,0.15653053829284871,4.0867759843028679),(-0.38337022734881571,0.14519052788267639,4.0495144915381989),(-0.38390205345820183,0.17856221490019986,4.1054635454761392),(-0.38390205345674799,0.20866805819488587,4.1244695869503163),(-0.38390205345696249,0.24060909885735698,4.1596489761505833),(-0.38390205345685385,0.22571307250555803,4.1378525937607442),(-0.38390205346166018,0.19309077318285225,4.1138977031887798),(-0.38390205396880467,0.14845805336362916,4.070454611888608),(-0.38390205348172451,0.16596866289865514,4.0971637408378312),(-0.38390205345743444,0.24567439271859418,4.1921025691514027)));
#1688=IFCPOLYGONALFACESET(#1687,.T.,(#1616,#1617,#1618,#1619,#1620,#1621,#1622,#1623,#1624,#1625,#1626,#1627,#1628,#1629,#1630,#1631,#1632,#1633,#1634,#1635,#1636,#1637,#1638,#1639,#1640,#1641,#1642,#1643,#1644,#1645,#1646,#1647,#1648,#1649,#1650,#1651,#1652,#1653,#1654,#1655,#1656,#1657,#1658,#1659,#1660,#1661,#1662,#1663,#1664,#1665,#1666,#1667,#1668,#1669,#1670,#1671,#1672,#1673,#1674,#1675,#1676,#1677,#1678,#1679,#1680,#1681,#1682,#1683,#1684,#1685,#1686),$);
#1689=IFCINDEXEDCOLOURMAP(#1688,1.,#1615,(1,1,1,1,1,1,1,1,1,1,1,1,1,1,1,1,1,1,1,1,1,1,1,1,1,1,1,1,1,1,1,1,1,1,1,1,1,1,1,1,1,1,1,1,1,1,1,1,1,1,1,1,1,1,1,1,1,1,1,1,1,1,1,1,1,1,1,1,1,1,1));
#1690=IFCSTYLEDITEM(#1688,(#468),$);
#1691=IFCCOLOURRGBLIST(((0.,0.,0.)));
#1692=IFCINDEXEDPOLYGONALFACE((1,2,3,4,5,6,7,8,9,10,11,12,13,14,15,16,17,18,19,20,21,22,23,24,25,26));
#1693=IFCINDEXEDPOLYGONALFACE((39,40,41,42,43,44,45,46,47,48,49,50,51,52,27,28,29,30,31,32,33,34,35,36,37,38));
#1694=IFCINDEXEDPOLYGONALFACE((2,1,27,52));
#1695=IFCINDEXEDPOLYGONALFACE((15,14,40,39));
#1696=IFCINDEXEDPOLYGONALFACE((3,2,52,51));
#1697=IFCINDEXEDPOLYGONALFACE((4,3,51,50));
#1698=IFCINDEXEDPOLYGONALFACE((6,5,49,48));
#1699=IFCINDEXEDPOLYGONALFACE((7,6,48,47));
#1700=IFCINDEXEDPOLYGONALFACE((50,49,5,4));
#1701=IFCINDEXEDPOLYGONALFACE((47,46,8,7));
#1702=IFCINDEXEDPOLYGONALFACE((10,9,45,44));
#1703=IFCINDEXEDPOLYGONALFACE((10,44,43,11));
#1704=IFCINDEXEDPOLYGONALFACE((13,12,42,41));
#1705=IFCINDEXEDPOLYGONALFACE((42,12,11,43));
#1706=IFCINDEXEDPOLYGONALFACE((14,13,41,40));
#1707=IFCINDEXEDPOLYGONALFACE((8,46,45,9));
#1708=IFCINDEXEDPOLYGONALFACE((16,38,37,17));
#1709=IFCINDEXEDPOLYGONALFACE((36,18,17,37));
#1710=IFCINDEXEDPOLYGONALFACE((19,35,34,20));
#1711=IFCINDEXEDPOLYGONALFACE((36,35,19,18));
#1712=IFCINDEXEDPOLYGONALFACE((20,34,33,21));
#1713=IFCINDEXEDPOLYGONALFACE((38,16,15,39));
#1714=IFCINDEXEDPOLYGONALFACE((22,32,31,23));
#1715=IFCINDEXEDPOLYGONALFACE((30,24,23,31));
#1716=IFCINDEXEDPOLYGONALFACE((25,29,28,26));
#1717=IFCINDEXEDPOLYGONALFACE((30,29,25,24));
#1718=IFCINDEXEDPOLYGONALFACE((26,28,27,1));
#1719=IFCINDEXEDPOLYGONALFACE((32,22,21,33));
#1720=IFCCARTESIANPOINTLIST3D(((-0.38077042959335111,0.24567439271858904,3.851319235818067),(-0.38712467380646004,0.24567439271858904,3.8513192358180666),(-0.39311115210367409,0.24567439271858954,3.8872395657860723),(-0.40798385138033894,0.24567439271858998,3.9204797649978604),(-0.43077659570642896,0.2456743927185904,3.9488804486779929),(-0.46000869885697293,0.24567439271859071,3.9705966217480668),(-0.49378115420763907,0.24567439271859087,3.9842175353371294),(-0.52989999999999438,0.24567439271859093,3.9888583333333276),(-0.56601884579234951,0.24567439271859087,3.9842175353371294),(-0.59979130114301582,0.24567439271859071,3.9705966217480673),(-0.62902340429355985,0.2456743927185904,3.9488804486779934),(-0.65181614861964998,0.24567439271858998,3.9204797649978609),(-0.66668884789631488,0.24567439271858954,3.8872395657860732),(-0.67267532619352921,0.24567439271858904,3.851319235818067),(-0.67902957040663814,0.24567439271858904,3.8513192358180661),(-0.67282533094159636,0.24567439271858954,3.888883804195908),(-0.65731706299050108,0.24567439271859007,3.9236556751537695),(-0.63351431024890104,0.24567439271859046,3.9533712997757662),(-0.60296656354599598,0.24567439271859076,3.9760962762582248),(-0.56766239344262437,0.24567439271859098,3.990351273910465),(-0.52989999999999515,0.24567439271859104,3.995208333333327),(-0.49213760655736571,0.24567439271859098,3.9903512739104654),(-0.4568334364539941,0.24567439271859076,3.9760962762582253),(-0.42628568975108894,0.24567439271859046,3.9533712997757671),(-0.40248293700948862,0.24567439271859007,3.9236556751537708),(-0.38697466905839306,0.24567439271858954,3.8888838041959093),(-0.38077042959335111,0.058199999999999155,3.8513192358180697),(-0.38697466905839306,0.058199999999999669,3.888883804195912),(-0.40248293700948862,0.058200000000000154,3.9236556751537734),(-0.42628568975108894,0.058200000000000571,3.9533712997757702),(-0.4568334364539941,0.058200000000000883,3.9760962762582279),(-0.49213760655736571,0.058200000000001077,3.9903512739104681),(-0.52989999999999515,0.05820000000000114,3.9952083333333297),(-0.56766239344262437,0.058200000000001077,3.9903512739104676),(-0.60296656354599598,0.058200000000000883,3.9760962762582275),(-0.63351431024890104,0.058200000000000571,3.9533712997757688),(-0.65731706299050108,0.058200000000000154,3.9236556751537726),(-0.67282533094159636,0.058199999999999669,3.8888838041959106),(-0.67902957040663814,0.058199999999999155,3.8513192358180697),(-0.67267532619352921,0.058199999999999155,3.8513192358180697),(-0.66668884789631488,0.058199999999999655,3.8872395657860759),(-0.65181614861964998,0.058200000000000113,3.9204797649978635),(-0.62902340429355985,0.058200000000000501,3.948880448677996),(-0.59979130114301582,0.058200000000000807,3.9705966217480699),(-0.56601884579234951,0.058200000000000994,3.9842175353371321),(-0.52989999999999438,0.058200000000001056,3.9888583333333303),(-0.49378115420763907,0.058200000000000994,3.9842175353371321),(-0.46000869885697293,0.058200000000000807,3.9705966217480695),(-0.43077659570642896,0.058200000000000501,3.9488804486779956),(-0.40798385138033894,0.058200000000000113,3.9204797649978631),(-0.39311115210367409,0.058199999999999655,3.887239565786075),(-0.38712467380646004,0.058199999999999155,3.8513192358180688)));
#1721=IFCPOLYGONALFACESET(#1720,.T.,(#1692,#1693,#1694,#1695,#1696,#1697,#1698,#1699,#1700,#1701,#1702,#1703,#1704,#1705,#1706,#1707,#1708,#1709,#1710,#1711,#1712,#1713,#1714,#1715,#1716,#1717,#1718,#1719),$);
#1722=IFCINDEXEDCOLOURMAP(#1721,1.,#1691,(1,1,1,1,1,1,1,1,1,1,1,1,1,1,1,1,1,1,1,1,1,1,1,1,1,1,1,1));
#1723=IFCSTYLEDITEM(#1721,(#468),$);
#1724=IFCCOLOURRGBLIST(((0.,0.,0.)));
#1725=IFCINDEXEDPOLYGONALFACE((12,13,14,15,16,17,18,19,20,21,22,23,24,25,26,27,1,2,3,4,5,6,7,8,9,10,11));
#1726=IFCINDEXEDPOLYGONALFACE((54,28,29,30,31,32,33,34,35,36,37,38,39,40,41,42,43,44,45,46,47,48,49,50,51,52,53));
#1727=IFCINDEXEDPOLYGONALFACE((2,1,64,28,54));
#1728=IFCINDEXEDPOLYGONALFACE((3,2,54,53));
#1729=IFCINDEXEDPOLYGONALFACE((4,3,53,52,56));
#1730=IFCINDEXEDPOLYGONALFACE((24,23,60));
#1731=IFCINDEXEDPOLYGONALFACE((61,41,40));
#1732=IFCINDEXEDPOLYGONALFACE((8,55,9));
#1733=IFCINDEXEDPOLYGONALFACE((26,59,27));
#1734=IFCINDEXEDPOLYGONALFACE((56,5,4));
#1735=IFCINDEXEDPOLYGONALFACE((56,52,51));
#1736=IFCINDEXEDPOLYGONALFACE((20,58,21));
#1737=IFCINDEXEDPOLYGONALFACE((55,48,47));
#1738=IFCINDEXEDPOLYGONALFACE((62,5,56));
#1739=IFCINDEXEDPOLYGONALFACE((11,10,63));
#1740=IFCINDEXEDPOLYGONALFACE((62,55,7));
#1741=IFCINDEXEDPOLYGONALFACE((57,14,13));
#1742=IFCINDEXEDPOLYGONALFACE((16,15,61));
#1743=IFCINDEXEDPOLYGONALFACE((63,57,12));
#1744=IFCINDEXEDPOLYGONALFACE((6,62,7));
#1745=IFCINDEXEDPOLYGONALFACE((12,11,63));
#1746=IFCINDEXEDPOLYGONALFACE((57,13,12));
#1747=IFCINDEXEDPOLYGONALFACE((55,63,10));
#1748=IFCINDEXEDPOLYGONALFACE((59,64,27));
#1749=IFCINDEXEDPOLYGONALFACE((15,57,61));
#1750=IFCINDEXEDPOLYGONALFACE((62,50,49));
#1751=IFCINDEXEDPOLYGONALFACE((62,56,51));
#1752=IFCINDEXEDPOLYGONALFACE((9,55,10));
#1753=IFCINDEXEDPOLYGONALFACE((58,37,36));
#1754=IFCINDEXEDPOLYGONALFACE((62,6,5));
#1755=IFCINDEXEDPOLYGONALFACE((14,57,15));
#1756=IFCINDEXEDPOLYGONALFACE((57,43,42));
#1757=IFCINDEXEDPOLYGONALFACE((8,7,55));
#1758=IFCINDEXEDPOLYGONALFACE((62,51,50));
#1759=IFCINDEXEDPOLYGONALFACE((49,48,55));
#1760=IFCINDEXEDPOLYGONALFACE((46,55,47));
#1761=IFCINDEXEDPOLYGONALFACE((60,34,33));
#1762=IFCINDEXEDPOLYGONALFACE((59,31,30));
#1763=IFCINDEXEDPOLYGONALFACE((55,62,49));
#1764=IFCINDEXEDPOLYGONALFACE((46,63,55));
#1765=IFCINDEXEDPOLYGONALFACE((57,63,44));
#1766=IFCINDEXEDPOLYGONALFACE((44,63,45));
#1767=IFCINDEXEDPOLYGONALFACE((45,63,46));
#1768=IFCINDEXEDPOLYGONALFACE((43,57,44));
#1769=IFCINDEXEDPOLYGONALFACE((18,17,61));
#1770=IFCINDEXEDPOLYGONALFACE((57,42,41));
#1771=IFCINDEXEDPOLYGONALFACE((61,57,41));
#1772=IFCINDEXEDPOLYGONALFACE((20,19,58));
#1773=IFCINDEXEDPOLYGONALFACE((21,60,22));
#1774=IFCINDEXEDPOLYGONALFACE((61,58,18));
#1775=IFCINDEXEDPOLYGONALFACE((19,18,58));
#1776=IFCINDEXEDPOLYGONALFACE((60,21,58));
#1777=IFCINDEXEDPOLYGONALFACE((59,26,25));
#1778=IFCINDEXEDPOLYGONALFACE((64,29,28));
#1779=IFCINDEXEDPOLYGONALFACE((64,1,27));
#1780=IFCINDEXEDPOLYGONALFACE((60,59,24));
#1781=IFCINDEXEDPOLYGONALFACE((59,25,24));
#1782=IFCINDEXEDPOLYGONALFACE((23,22,60));
#1783=IFCINDEXEDPOLYGONALFACE((40,39,61));
#1784=IFCINDEXEDPOLYGONALFACE((61,38,58));
#1785=IFCINDEXEDPOLYGONALFACE((61,39,38));
#1786=IFCINDEXEDPOLYGONALFACE((58,38,37));
#1787=IFCINDEXEDPOLYGONALFACE((35,58,36));
#1788=IFCINDEXEDPOLYGONALFACE((35,60,58));
#1789=IFCINDEXEDPOLYGONALFACE((35,34,60));
#1790=IFCINDEXEDPOLYGONALFACE((59,60,32));
#1791=IFCINDEXEDPOLYGONALFACE((60,33,32));
#1792=IFCINDEXEDPOLYGONALFACE((32,31,59));
#1793=IFCINDEXEDPOLYGONALFACE((29,59,30));
#1794=IFCINDEXEDPOLYGONALFACE((29,64,59));
#1795=IFCINDEXEDPOLYGONALFACE((17,16,61));
#1796=IFCCARTESIANPOINTLIST3D(((-0.67912499999998299,0.14519052788267167,3.7087311582048645),(-0.67912499999998299,0.058199999999999759,3.708731158204865),(-0.67912499999998277,0.058199999999999995,3.8513192358180688),(-0.67912499999998277,0.24567439271858946,3.8513192358180675),(-0.67912499999998277,0.24478866136265048,3.8363134123060361),(-0.67912499999998288,0.24233222551668482,3.8240757310346565),(-0.67912499999998288,0.23860622251346877,3.8141924287925657),(-0.67912499999998288,0.23391178968577897,3.8062497423684087),(-0.67912499999998288,0.22855006436639194,3.7998339085508257),(-0.67912499999998288,0.22282218388808406,3.7945311641284603),(-0.67912499999998288,0.21702926621166682,3.7899277697910496),(-0.67912499999998288,0.21140637125211334,3.7856914885319393),(-0.67912499999998288,0.20597487604810086,3.7817537249105957),(-0.67912499999998288,0.20071302989402653,3.778099094423379),(-0.67912499999998288,0.19559908208428742,3.7747122125666421),(-0.67912499999998288,0.19061128191328069,3.771577694836743),(-0.67912499999998288,0.18572787867540347,3.7686801567300408),(-0.67912499999998288,0.18092942927696451,3.7659910508870111),(-0.67912499999998288,0.17621891735779302,3.7633539055516447),(-0.67912499999998288,0.17161194799577992,3.7605402549860347),(-0.67912499999998288,0.16712426728494373,3.7573208290817743),(-0.67912499999998288,0.16277162131930284,3.7534663577304519),(-0.67912499999998299,0.1585697561928758,3.7487475708236571),(-0.67912499999998299,0.15454887899658937,3.7429489070850699),(-0.67912499999998299,0.15090273742618962,3.7360098395492845),(-0.67912499999998299,0.14792845969843041,3.7279678446052045),(-0.67912499999998299,0.14592480384127129,3.7188619436810075),(-0.67267089308513406,0.14519052788267167,3.7087311582048645),(-0.67267089308513406,0.14592480384127129,3.7188619436810075),(-0.67267089308513406,0.14792845969843041,3.7279678446052045),(-0.67267089308513406,0.15090273742618962,3.7360098395492845),(-0.67267089308513406,0.15454887899658937,3.7429489070850699),(-0.67267089308513406,0.1585697561928758,3.7487475708236571),(-0.67267089308513384,0.16277162131930284,3.7534663577304519),(-0.67267089308513384,0.16712426728494373,3.7573208290817743),(-0.67267089308513384,0.17161194799577992,3.7605402549860347),(-0.67267089308513384,0.17621891735779302,3.7633539055516447),(-0.67267089308513384,0.18092942927696451,3.7659910508870111),(-0.67267089308513384,0.18572787867540347,3.7686801567300408),(-0.67267089308513384,0.19061128191328069,3.771577694836743),(-0.67267089308513384,0.19559908208428742,3.7747122125666421),(-0.67267089308513384,0.20071302989402653,3.778099094423379),(-0.67267089308513384,0.20597487604810086,3.7817537249105957),(-0.67267089308513384,0.21140637125211334,3.7856914885319393),(-0.67267089308513384,0.21702926621166682,3.7899277697910496),(-0.67267089308513384,0.22282218388808406,3.7945311641284603),(-0.67267089308513384,0.22855006436639194,3.7998339085508257),(-0.67267089308513384,0.23391178968577897,3.8062497423684087),(-0.67267089308513384,0.23860622251346877,3.8141924287925657),(-0.67267089308513384,0.24233222551668482,3.8240757310346565),(-0.67267089308513373,0.24478866136265048,3.8363134123060361),(-0.67267089308513373,0.24567439271858943,3.8513192358180683),(-0.67267089308513373,0.058199999999999995,3.8513192358180688),(-0.67267089308513406,0.058199999999999745,3.708731158204865),(-0.67589794644255663,0.23129551556632003,3.8028768267772128),(-0.67642977265117754,0.24567439271858946,3.8513192358180688),(-0.67589794654179114,0.20332410595564421,3.7798919793460581),(-0.67589794654324487,0.17390150564556175,3.7619834727552823),(-0.6758979465430307,0.14931294318053309,3.7321242690975023),(-0.67589794654313895,0.16065085697144108,3.751229333048502),(-0.67589794653833302,0.18815788988159859,3.7701002647342854),(-0.67589794603118847,0.24167543938766048,3.8219130460384938),(-0.67589794651826851,0.2185384404926585,3.7910909547142309),(-0.67589794654255841,0.14519052788267167,3.7087311582048641)));
#1797=IFCPOLYGONALFACESET(#1796,.T.,(#1725,#1726,#1727,#1728,#1729,#1730,#1731,#1732,#1733,#1734,#1735,#1736,#1737,#1738,#1739,#1740,#1741,#1742,#1743,#1744,#1745,#1746,#1747,#1748,#1749,#1750,#1751,#1752,#1753,#1754,#1755,#1756,#1757,#1758,#1759,#1760,#1761,#1762,#1763,#1764,#1765,#1766,#1767,#1768,#1769,#1770,#1771,#1772,#1773,#1774,#1775,#1776,#1777,#1778,#1779,#1780,#1781,#1782,#1783,#1784,#1785,#1786,#1787,#1788,#1789,#1790,#1791,#1792,#1793,#1794,#1795),$);
#1798=IFCINDEXEDCOLOURMAP(#1797,1.,#1724,(1,1,1,1,1,1,1,1,1,1,1,1,1,1,1,1,1,1,1,1,1,1,1,1,1,1,1,1,1,1,1,1,1,1,1,1,1,1,1,1,1,1,1,1,1,1,1,1,1,1,1,1,1,1,1,1,1,1,1,1,1,1,1,1,1,1,1,1,1,1,1));
#1799=IFCSTYLEDITEM(#1797,(#468),$);
#1800=IFCCOLOURRGBLIST(((0.,0.,0.)));
#1801=IFCINDEXEDPOLYGONALFACE((26,27,1,2,3,4,5,6,7,8,9,10,11,12,13,14,15,16,17,18,19,20,21,22,23,24,25));
#1802=IFCINDEXEDPOLYGONALFACE((32,33,34,35,36,37,38,39,40,41,42,43,44,45,46,47,48,49,50,51,52,53,54,28,29,30,31));
#1803=IFCINDEXEDPOLYGONALFACE((21,20,60));
#1804=IFCINDEXEDPOLYGONALFACE((61,44,43));
#1805=IFCINDEXEDPOLYGONALFACE((5,55,6));
#1806=IFCINDEXEDPOLYGONALFACE((23,59,24));
#1807=IFCINDEXEDPOLYGONALFACE((56,2,1));
#1808=IFCINDEXEDPOLYGONALFACE((56,28,54));
#1809=IFCINDEXEDPOLYGONALFACE((17,58,18));
#1810=IFCINDEXEDPOLYGONALFACE((55,51,50));
#1811=IFCINDEXEDPOLYGONALFACE((62,2,56));
#1812=IFCINDEXEDPOLYGONALFACE((8,7,63));
#1813=IFCINDEXEDPOLYGONALFACE((62,55,4));
#1814=IFCINDEXEDPOLYGONALFACE((57,11,10));
#1815=IFCINDEXEDPOLYGONALFACE((13,12,61));
#1816=IFCINDEXEDPOLYGONALFACE((63,57,9));
#1817=IFCINDEXEDPOLYGONALFACE((3,62,4));
#1818=IFCINDEXEDPOLYGONALFACE((9,8,63));
#1819=IFCINDEXEDPOLYGONALFACE((57,10,9));
#1820=IFCINDEXEDPOLYGONALFACE((55,63,7));
#1821=IFCINDEXEDPOLYGONALFACE((59,64,24));
#1822=IFCINDEXEDPOLYGONALFACE((12,57,61));
#1823=IFCINDEXEDPOLYGONALFACE((62,53,52));
#1824=IFCINDEXEDPOLYGONALFACE((62,56,54));
#1825=IFCINDEXEDPOLYGONALFACE((6,55,7));
#1826=IFCINDEXEDPOLYGONALFACE((58,40,39));
#1827=IFCINDEXEDPOLYGONALFACE((62,3,2));
#1828=IFCINDEXEDPOLYGONALFACE((11,57,12));
#1829=IFCINDEXEDPOLYGONALFACE((57,46,45));
#1830=IFCINDEXEDPOLYGONALFACE((5,4,55));
#1831=IFCINDEXEDPOLYGONALFACE((62,54,53));
#1832=IFCINDEXEDPOLYGONALFACE((52,51,55));
#1833=IFCINDEXEDPOLYGONALFACE((49,55,50));
#1834=IFCINDEXEDPOLYGONALFACE((60,37,36));
#1835=IFCINDEXEDPOLYGONALFACE((59,34,33));
#1836=IFCINDEXEDPOLYGONALFACE((55,62,52));
#1837=IFCINDEXEDPOLYGONALFACE((49,63,55));
#1838=IFCINDEXEDPOLYGONALFACE((57,63,47));
#1839=IFCINDEXEDPOLYGONALFACE((47,63,48));
#1840=IFCINDEXEDPOLYGONALFACE((48,63,49));
#1841=IFCINDEXEDPOLYGONALFACE((46,57,47));
#1842=IFCINDEXEDPOLYGONALFACE((15,14,61));
#1843=IFCINDEXEDPOLYGONALFACE((57,45,44));
#1844=IFCINDEXEDPOLYGONALFACE((61,57,44));
#1845=IFCINDEXEDPOLYGONALFACE((17,16,58));
#1846=IFCINDEXEDPOLYGONALFACE((18,60,19));
#1847=IFCINDEXEDPOLYGONALFACE((61,58,15));
#1848=IFCINDEXEDPOLYGONALFACE((16,15,58));
#1849=IFCINDEXEDPOLYGONALFACE((60,18,58));
#1850=IFCINDEXEDPOLYGONALFACE((59,23,22));
#1851=IFCINDEXEDPOLYGONALFACE((64,32,31));
#1852=IFCINDEXEDPOLYGONALFACE((64,25,24));
#1853=IFCINDEXEDPOLYGONALFACE((60,59,21));
#1854=IFCINDEXEDPOLYGONALFACE((59,22,21));
#1855=IFCINDEXEDPOLYGONALFACE((20,19,60));
#1856=IFCINDEXEDPOLYGONALFACE((43,42,61));
#1857=IFCINDEXEDPOLYGONALFACE((61,41,58));
#1858=IFCINDEXEDPOLYGONALFACE((61,42,41));
#1859=IFCINDEXEDPOLYGONALFACE((58,41,40));
#1860=IFCINDEXEDPOLYGONALFACE((38,58,39));
#1861=IFCINDEXEDPOLYGONALFACE((38,60,58));
#1862=IFCINDEXEDPOLYGONALFACE((38,37,60));
#1863=IFCINDEXEDPOLYGONALFACE((59,60,35));
#1864=IFCINDEXEDPOLYGONALFACE((60,36,35));
#1865=IFCINDEXEDPOLYGONALFACE((35,34,59));
#1866=IFCINDEXEDPOLYGONALFACE((32,59,33));
#1867=IFCINDEXEDPOLYGONALFACE((32,64,59));
#1868=IFCINDEXEDPOLYGONALFACE((14,13,61));
#1869=IFCINDEXEDPOLYGONALFACE((26,25,64,31,30));
#1870=IFCINDEXEDPOLYGONALFACE((27,26,30,29));
#1871=IFCINDEXEDPOLYGONALFACE((1,27,29,28,56));
#1872=IFCCARTESIANPOINTLIST3D(((-0.3806750000000107,0.14519052788267167,3.7087311582048645),(-0.3806750000000107,0.14592480384127127,3.7188619436810066),(-0.3806750000000107,0.14792845969843044,3.7279678446052054),(-0.38067500000001064,0.15090273742618962,3.7360098395492845),(-0.38067500000001064,0.15454887899658934,3.7429489070850681),(-0.38067500000001064,0.15856975619287578,3.7487475708236566),(-0.38067500000001064,0.16277162131930289,3.7534663577304515),(-0.38067500000001064,0.16712426728494381,3.7573208290817743),(-0.38067500000001064,0.17161194799577997,3.7605402549860343),(-0.38067500000001064,0.17621891735779302,3.7633539055516438),(-0.38067500000001064,0.18092942927696457,3.7659910508870111),(-0.38067500000001064,0.1857278786754035,3.7686801567300399),(-0.38067500000001064,0.19061128191328072,3.771577694836743),(-0.38067500000001059,0.19559908208428747,3.7747122125666421),(-0.38067500000001059,0.20071302989402662,3.778099094423379),(-0.38067500000001059,0.20597487604810094,3.7817537249105975),(-0.38067500000001059,0.21140637125211345,3.7856914885319393),(-0.38067500000001059,0.21702926621166682,3.7899277697910487),(-0.38067500000001059,0.22282218388808417,3.7945311641284607),(-0.38067500000001059,0.22855006436639197,3.7998339085508257),(-0.38067500000001059,0.23391178968577911,3.8062497423684096),(-0.38067500000001059,0.23860622251346883,3.8141924287925657),(-0.38067500000001053,0.24233222551668485,3.8240757310346547),(-0.38067500000001053,0.24478866136265059,3.8363134123060365),(-0.38067500000001053,0.24567439271858948,3.8513192358180675),(-0.38067500000001053,0.058199999999999981,3.8513192358180683),(-0.3806750000000107,0.058199999999999745,3.7087311582048645),(-0.38712910691485969,0.1451905278826717,3.7087311582048645),(-0.38712910691485969,0.058199999999999745,3.7087311582048645),(-0.38712910691485952,0.058200000000000002,3.8513192358180683),(-0.38712910691485952,0.24567439271858951,3.8513192358180675),(-0.38712910691485952,0.24478866136265059,3.8363134123060365),(-0.38712910691485952,0.24233222551668485,3.8240757310346547),(-0.38712910691485958,0.23860622251346883,3.8141924287925657),(-0.38712910691485958,0.23391178968577911,3.8062497423684096),(-0.38712910691485958,0.22855006436639197,3.7998339085508257),(-0.38712910691485958,0.22282218388808417,3.7945311641284607),(-0.38712910691485958,0.21702926621166682,3.7899277697910487),(-0.38712910691485958,0.21140637125211345,3.7856914885319393),(-0.38712910691485958,0.20597487604810094,3.7817537249105975),(-0.38712910691485958,0.20071302989402662,3.778099094423379),(-0.38712910691485958,0.19559908208428747,3.7747122125666421),(-0.38712910691485963,0.19061128191328072,3.771577694836743),(-0.38712910691485963,0.1857278786754035,3.7686801567300399),(-0.38712910691485963,0.18092942927696457,3.7659910508870111),(-0.38712910691485963,0.17621891735779302,3.7633539055516438),(-0.38712910691485963,0.17161194799577997,3.7605402549860343),(-0.38712910691485963,0.16712426728494381,3.7573208290817743),(-0.38712910691485963,0.16277162131930289,3.7534663577304515),(-0.38712910691485963,0.15856975619287578,3.7487475708236566),(-0.38712910691485963,0.15454887899658934,3.7429489070850681),(-0.38712910691485963,0.15090273742618962,3.7360098395492845),(-0.38712910691485969,0.14792845969843044,3.7279678446052054),(-0.38712910691485969,0.14592480384127127,3.7188619436810066),(-0.38390205355743678,0.15653053829284416,3.7459926509695336),(-0.38337022734881621,0.1451905278826717,3.7087311582048641),(-0.38390205345820244,0.17856221490019591,3.7646802121428067),(-0.3839020534567486,0.20866805819488179,3.7836862536169837),(-0.38390205345696293,0.24060909885735035,3.8188656428172449),(-0.3839020534568543,0.22571307250555325,3.797069260427409),(-0.38390205346166068,0.19309077318284701,3.773114369855445),(-0.38390205396880511,0.14845805336362403,3.7296712785552724),(-0.38390205348172501,0.16596866289865048,3.7563804075044982),(-0.38390205345743506,0.24567439271858951,3.8513192358180675)));
#1873=IFCPOLYGONALFACESET(#1872,.T.,(#1801,#1802,#1803,#1804,#1805,#1806,#1807,#1808,#1809,#1810,#1811,#1812,#1813,#1814,#1815,#1816,#1817,#1818,#1819,#1820,#1821,#1822,#1823,#1824,#1825,#1826,#1827,#1828,#1829,#1830,#1831,#1832,#1833,#1834,#1835,#1836,#1837,#1838,#1839,#1840,#1841,#1842,#1843,#1844,#1845,#1846,#1847,#1848,#1849,#1850,#1851,#1852,#1853,#1854,#1855,#1856,#1857,#1858,#1859,#1860,#1861,#1862,#1863,#1864,#1865,#1866,#1867,#1868,#1869,#1870,#1871),$);
#1874=IFCINDEXEDCOLOURMAP(#1873,1.,#1800,(1,1,1,1,1,1,1,1,1,1,1,1,1,1,1,1,1,1,1,1,1,1,1,1,1,1,1,1,1,1,1,1,1,1,1,1,1,1,1,1,1,1,1,1,1,1,1,1,1,1,1,1,1,1,1,1,1,1,1,1,1,1,1,1,1,1,1,1,1,1,1));
#1875=IFCSTYLEDITEM(#1873,(#468),$);
#1876=IFCCOLOURRGBLIST(((0.,0.,0.)));
#1877=IFCINDEXEDPOLYGONALFACEWITHVOIDS((24,25,26,27,1,2,3,4,5,6,7,8,9,10,11,12,13,14,15,16,17,18,19,20,21,22,23),((31,32,33,34,35,36,37,38,39,40,41,42,43,44,45,46,47,48,49,50,51,28,29,30)));
#1878=IFCINDEXEDPOLYGONALFACEWITHVOIDS((73,74,75,76,77,78,52,53,54,55,56,57,58,59,60,61,62,63,64,65,66,67,68,69,70,71,72),((82,83,84,85,86,87,88,89,90,91,92,93,94,95,96,97,98,99,100,101,102,79,80,81)));
#1879=IFCINDEXEDPOLYGONALFACE((41,40,91,90));
#1880=IFCINDEXEDPOLYGONALFACE((41,90,89,42));
#1881=IFCINDEXEDPOLYGONALFACE((44,43,88,87));
#1882=IFCINDEXEDPOLYGONALFACE((88,43,42,89));
#1883=IFCINDEXEDPOLYGONALFACE((45,44,87,86));
#1884=IFCINDEXEDPOLYGONALFACE((86,85,46,45));
#1885=IFCINDEXEDPOLYGONALFACE((48,47,84,83));
#1886=IFCINDEXEDPOLYGONALFACE((48,83,82,49));
#1887=IFCINDEXEDPOLYGONALFACE((51,50,81,80));
#1888=IFCINDEXEDPOLYGONALFACE((81,50,49,82));
#1889=IFCINDEXEDPOLYGONALFACE((28,51,80,79));
#1890=IFCINDEXEDPOLYGONALFACE((46,85,84,47));
#1891=IFCINDEXEDPOLYGONALFACE((29,28,79,102));
#1892=IFCINDEXEDPOLYGONALFACE((30,29,102,101));
#1893=IFCINDEXEDPOLYGONALFACE((32,31,100,99));
#1894=IFCINDEXEDPOLYGONALFACE((101,100,31,30));
#1895=IFCINDEXEDPOLYGONALFACE((32,99,98,33));
#1896=IFCINDEXEDPOLYGONALFACE((98,97,34,33));
#1897=IFCINDEXEDPOLYGONALFACE((36,35,96,95));
#1898=IFCINDEXEDPOLYGONALFACE((36,95,94,37));
#1899=IFCINDEXEDPOLYGONALFACE((39,38,93,92));
#1900=IFCINDEXEDPOLYGONALFACE((93,38,37,94));
#1901=IFCINDEXEDPOLYGONALFACE((40,39,92,91));
#1902=IFCINDEXEDPOLYGONALFACE((34,97,96,35));
#1903=IFCINDEXEDPOLYGONALFACE((71,9,8,72));
#1904=IFCINDEXEDPOLYGONALFACE((8,7,73,72));
#1905=IFCINDEXEDPOLYGONALFACE((73,7,6,74));
#1906=IFCINDEXEDPOLYGONALFACE((6,5,75,74));
#1907=IFCINDEXEDPOLYGONALFACE((71,70,10,9));
#1908=IFCINDEXEDPOLYGONALFACE((12,11,69,68));
#1909=IFCINDEXEDPOLYGONALFACE((67,13,12,68));
#1910=IFCINDEXEDPOLYGONALFACE((14,66,65,15));
#1911=IFCINDEXEDPOLYGONALFACE((67,66,14,13));
#1912=IFCINDEXEDPOLYGONALFACE((70,69,11,10));
#1913=IFCINDEXEDPOLYGONALFACE((15,65,64,16));
#1914=IFCINDEXEDPOLYGONALFACE((76,75,5,4));
#1915=IFCINDEXEDPOLYGONALFACE((62,61,19,18));
#1916=IFCINDEXEDPOLYGONALFACE((63,62,18,17));
#1917=IFCINDEXEDPOLYGONALFACE((59,58,22,21));
#1918=IFCINDEXEDPOLYGONALFACE((60,59,21,20));
#1919=IFCINDEXEDPOLYGONALFACE((61,60,20,19));
#1920=IFCINDEXEDPOLYGONALFACE((56,55,25,24));
#1921=IFCINDEXEDPOLYGONALFACE((57,56,24,23));
#1922=IFCINDEXEDPOLYGONALFACE((53,52,1,27));
#1923=IFCINDEXEDPOLYGONALFACE((54,53,27,26));
#1924=IFCINDEXEDPOLYGONALFACE((55,54,26,25));
#1925=IFCINDEXEDPOLYGONALFACE((58,57,23,22));
#1926=IFCINDEXEDPOLYGONALFACE((16,64,63,17));
#1927=IFCINDEXEDPOLYGONALFACE((4,3,77,76));
#1928=IFCINDEXEDPOLYGONALFACE((3,2,78,77));
#1929=IFCINDEXEDPOLYGONALFACE((2,1,52,78));
#1930=IFCCARTESIANPOINTLIST3D(((-1.8201408073654027E-014,-0.085000000000102161,3.6412927595791267),(-1.665369513922835E-014,-0.25000000000010231,3.6412927595791262),(0.0099999999999833434,-0.2500000000001022,3.6412927595791262),(0.009999999999981803,-0.084409715080772801,3.6412927595791267),(0.031117836148072706,-0.079099179979799469,3.6412927595791267),(0.050193460235576429,-0.068597496671465835,3.6412927595791267),(0.065974970639599478,-0.053593873242307223,3.6412927595791267),(0.077426652963806686,-0.035072972654546224,3.6412927595791267),(0.083796952259286697,-0.014250290946315356,3.6412927595791267),(0.08466779633140277,0.0075076137606720512,3.6412927595791271),(0.07998203312567069,0.028772806207863613,3.6412927595791271),(0.070047181522460603,0.04814968702647008,3.6412927595791271),(0.055515249382076894,0.064366583613165315,3.6412927595791271),(0.037339943348499889,0.076359207897370399,3.6412927595791271),(0.016714078661516512,0.083340503805046637,3.6412927595791271),(-0.0050087033323691216,0.08485230044560467,3.6412927595791271),(-0.02640277242010829,0.080795381108801245,3.6412927595791271),(-0.046064071272390227,0.071435994693146543,3.6412927595791271),(-0.062702261401286333,0.057388382231557566,3.6412927595791271),(-0.075225405938632986,0.039574465269445906,3.6412927595791271),(-0.082811631644628639,0.01916334168023659,3.6412927595791271),(-0.084963067087680436,-0.0025054402922385487,3.6412927595791271),(-0.081538517122069859,-0.024009794366921248,3.6412927595791267),(-0.072762729291571196,-0.043938425393420716,3.6412927595791267),(-0.059211644020297091,-0.060983450315870692,3.6412927595791267),(-0.041774596596322711,-0.074026232372255557,3.6412927595791267),(-0.021595951569316707,-0.08221079537283002,3.6412927595791267),(-1.7741432349767259E-014,-0.076200000000169743,3.6412927595791267),(-0.019722011236847321,-0.073603547963394647,3.6412927595791267),(-0.0381000000000516,-0.065991135768535311,3.6412927595791267),(-0.053881536726480654,-0.05388153672656544,3.6412927595791267),(-0.065991135768450851,-0.038100000000136677,3.6412927595791267),(-0.073603547963310589,-0.019722011236932568,3.6412927595791267),(-0.076200000000086088,-1.0304157527230019E-013,3.6412927595791271),(-0.073603547963311033,0.019722011236726535,3.6412927595791271),(-0.065991135768451739,0.038099999999930814,3.6412927595791271),(-0.053881536726481896,0.053881536726359869,3.6412927595791271),(-0.038100000000053154,0.0659911357683301,3.6412927595791271),(-0.019722011236849052,0.073603547963189866,3.6412927595791271),(-1.9041900329506123E-014,0.07619999999996542,3.6412927595791271),(0.019722011236810534,0.073603547963190255,3.6412927595791271),(0.038100000000014782,0.065991135768330877,3.6412927595791271),(0.053881536726443774,0.053881536726360951,3.6412927595791271),(0.065991135768413936,0.038099999999932146,3.6412927595791271),(0.073603547963273605,0.019722011236728006,3.6412927595791271),(0.076200000000049076,-1.0153571317061961E-013,3.6412927595791271),(0.073603547963273938,-0.019722011236931111,3.6412927595791267),(0.065991135768414574,-0.038100000000135359,3.6412927595791267),(0.053881536726444683,-0.053881536726564372,3.6412927595791267),(0.038100000000015899,-0.065991135768534562,3.6412927595791267),(0.01972201123681178,-0.073603547963394259,3.6412927595791267),(-1.8201408073929788E-014,-0.085000000000101938,3.5734782295631651),(-0.021595951569316707,-0.082210795372829798,3.5734782295631651),(-0.041774596596322711,-0.074026232372255335,3.5734782295631651),(-0.059211644020297091,-0.060983450315870477,3.5734782295631651),(-0.072762729291571196,-0.043938425393420494,3.5734782295631651),(-0.081538517122069859,-0.024009794366921026,3.5734782295631651),(-0.084963067087680436,-0.0025054402922383289,3.5734782295631655),(-0.082811631644628639,0.019163341680236808,3.5734782295631655),(-0.075225405938632986,0.039574465269446121,3.5734782295631655),(-0.062702261401286333,0.057388382231557789,3.5734782295631655),(-0.046064071272390227,0.071435994693146765,3.5734782295631655),(-0.02640277242010829,0.080795381108801467,3.5734782295631655),(-0.0050087033323691216,0.084852300445604892,3.5734782295631655),(0.016714078661516512,0.083340503805046845,3.5734782295631655),(0.037339943348499889,0.076359207897370621,3.5734782295631655),(0.055515249382076894,0.064366583613165537,3.5734782295631655),(0.070047181522460603,0.048149687026470302,3.5734782295631655),(0.07998203312567069,0.028772806207863835,3.5734782295631655),(0.08466779633140277,0.0075076137606722802,3.5734782295631655),(0.083796952259286697,-0.014250290946315136,3.5734782295631651),(0.077426652963806686,-0.035072972654546002,3.5734782295631651),(0.065974970639599478,-0.053593873242307008,3.5734782295631651),(0.050193460235576429,-0.068597496671465627,3.5734782295631651),(0.031117836148072706,-0.079099179979799247,3.5734782295631651),(0.0099999999999817926,-0.084409715080772579,3.5734782295631651),(0.0099999999999833434,-0.25000000000010203,3.5734782295631646),(-1.665369513922835E-014,-0.25000000000010209,3.5734782295631646),(-1.7775271947731168E-014,-0.076200000000169521,3.5734782295631651),(0.01972201123681178,-0.073603547963394036,3.5734782295631651),(0.038100000000015899,-0.06599113576853434,3.5734782295631651),(0.053881536726444683,-0.05388153672656415,3.5734782295631651),(0.065991135768414574,-0.038100000000135144,3.5734782295631651),(0.073603547963273938,-0.019722011236930893,3.5734782295631651),(0.076200000000049076,-1.0131575578498088E-013,3.5734782295631655),(0.073603547963273605,0.019722011236728228,3.5734782295631655),(0.065991135768413936,0.038099999999932375,3.5734782295631655),(0.053881536726443774,0.053881536726361173,3.5734782295631655),(0.038100000000014782,0.0659911357683311,3.5734782295631655),(0.019722011236810534,0.073603547963190477,3.5734782295631655),(-1.94666391202128E-014,0.076199999999965642,3.5734782295631655),(-0.019722011236849052,0.073603547963190089,3.5734782295631655),(-0.038100000000053154,0.065991135768330322,3.5734782295631655),(-0.053881536726481896,0.053881536726360091,3.5734782295631655),(-0.065991135768451739,0.038099999999931036,3.5734782295631655),(-0.073603547963311033,0.019722011236726754,3.5734782295631655),(-0.076200000000086088,-1.0282161788666145E-013,3.5734782295631655),(-0.073603547963310589,-0.019722011236932346,3.5734782295631651),(-0.065991135768450851,-0.038100000000136462,3.5734782295631651),(-0.053881536726480654,-0.053881536726565218,3.5734782295631651),(-0.0381000000000516,-0.065991135768535103,3.5734782295631651),(-0.019722011236847321,-0.073603547963394425,3.5734782295631651)));
#1931=IFCPOLYGONALFACESET(#1930,.T.,(#1877,#1878,#1879,#1880,#1881,#1882,#1883,#1884,#1885,#1886,#1887,#1888,#1889,#1890,#1891,#1892,#1893,#1894,#1895,#1896,#1897,#1898,#1899,#1900,#1901,#1902,#1903,#1904,#1905,#1906,#1907,#1908,#1909,#1910,#1911,#1912,#1913,#1914,#1915,#1916,#1917,#1918,#1919,#1920,#1921,#1922,#1923,#1924,#1925,#1926,#1927,#1928,#1929),$);
#1932=IFCINDEXEDCOLOURMAP(#1931,1.,#1876,(1,1,1,1,1,1,1,1,1,1,1,1,1,1,1,1,1,1,1,1,1,1,1,1,1,1,1,1,1,1,1,1,1,1,1,1,1,1,1,1,1,1,1,1,1,1,1,1,1,1,1,1,1));
#1933=IFCSTYLEDITEM(#1931,(#468),$);
#1934=IFCCOLOURRGBLIST(((0.,0.,0.)));
#1935=IFCINDEXEDPOLYGONALFACE((15,16,17,18,19,20,21,22,23,24,25,26,27,28,1,2,3,4,5,6,7,8,9,10,11,12,13,14));
#1936=IFCINDEXEDPOLYGONALFACE((30,31,32,33,34,35,36,37,38,39,40,41,42,43,44,45,46,47,48,49,50,51,52,53,54,55,56,29));
#1937=IFCINDEXEDPOLYGONALFACE((1,28,30,29));
#1938=IFCINDEXEDPOLYGONALFACE((22,21,37,36));
#1939=IFCINDEXEDPOLYGONALFACE((15,14,44,43));
#1940=IFCINDEXEDPOLYGONALFACE((8,7,51,50));
#1941=IFCINDEXEDPOLYGONALFACE((23,35,34,24));
#1942=IFCINDEXEDPOLYGONALFACE((24,34,33,25));
#1943=IFCINDEXEDPOLYGONALFACE((36,35,23,22));
#1944=IFCINDEXEDPOLYGONALFACE((26,32,31,27));
#1945=IFCINDEXEDPOLYGONALFACE((27,31,30,28));
#1946=IFCINDEXEDPOLYGONALFACE((25,33,32,26));
#1947=IFCINDEXEDPOLYGONALFACE((16,42,41,17));
#1948=IFCINDEXEDPOLYGONALFACE((17,41,40,18));
#1949=IFCINDEXEDPOLYGONALFACE((43,42,16,15));
#1950=IFCINDEXEDPOLYGONALFACE((19,39,38,20));
#1951=IFCINDEXEDPOLYGONALFACE((20,38,37,21));
#1952=IFCINDEXEDPOLYGONALFACE((18,40,39,19));
#1953=IFCINDEXEDPOLYGONALFACE((9,49,48,10));
#1954=IFCINDEXEDPOLYGONALFACE((10,48,47,11));
#1955=IFCINDEXEDPOLYGONALFACE((50,49,9,8));
#1956=IFCINDEXEDPOLYGONALFACE((12,46,45,13));
#1957=IFCINDEXEDPOLYGONALFACE((13,45,44,14));
#1958=IFCINDEXEDPOLYGONALFACE((11,47,46,12));
#1959=IFCINDEXEDPOLYGONALFACE((2,56,55,3));
#1960=IFCINDEXEDPOLYGONALFACE((3,55,54,4));
#1961=IFCINDEXEDPOLYGONALFACE((29,56,2,1));
#1962=IFCINDEXEDPOLYGONALFACE((5,53,52,6));
#1963=IFCINDEXEDPOLYGONALFACE((6,52,51,7));
#1964=IFCINDEXEDPOLYGONALFACE((4,54,53,5));
#1965=IFCCARTESIANPOINTLIST3D(((-0.020482636741927018,-0.17090557278214982,3.6658517879408019),(-0.020482636741926977,-0.16572919188009952,3.6651703044665833),(-0.020482636741926928,-0.16090557278215001,3.6631722960164903),(-0.020482636741926869,-0.15676343715841914,3.6599939235645329),(-0.020482636741926803,-0.15358506470646138,3.6558517879408017),(-0.020482636741926744,-0.15158705625636884,3.6510281688428523),(-0.020482636741926685,-0.15090557278215019,3.6458517879408019),(-0.02048263674192196,-0.15090557278215017,3.1858517879407993),(-0.020482636741921911,-0.15158705625636879,3.1806754070387488),(-0.020482636741921873,-0.15358506470646135,3.1758517879407995),(-0.020482636741921852,-0.15676343715841914,3.1717096523170687),(-0.020482636741921845,-0.16090557278215004,3.1685312798651109),(-0.020482636741921856,-0.16572919188009955,3.1665332714150183),(-0.02048263674192188,-0.17090557278214991,3.1658517879407997),(-0.020482636741923455,-0.41909442721795104,3.1658517879407997),(-0.020482636741923493,-0.42427080812000134,3.1665332714150183),(-0.020482636741923542,-0.42909442721795082,3.1685312798651109),(-0.020482636741923601,-0.43323656284168177,3.1717096523170687),(-0.020482636741923667,-0.43641493529363951,3.1758517879407995),(-0.020482636741923729,-0.43841294374373202,3.1806754070387488),(-0.020482636741923788,-0.43909442721795067,3.1858517879407993),(-0.020482636741928514,-0.43909442721795067,3.6458517879408019),(-0.020482636741928562,-0.43841294374373208,3.6510281688428523),(-0.020482636741928597,-0.43641493529363951,3.6558517879408017),(-0.020482636741928625,-0.43323656284168177,3.6599939235645329),(-0.020482636741928628,-0.42909442721795082,3.6631722960164903),(-0.020482636741928618,-0.42427080812000134,3.6651703044665833),(-0.020482636741928593,-0.41909442721795098,3.6658517879408019),(0.024999999999975417,-0.17090557278215007,3.665851787940801),(0.024999999999973845,-0.4190944272179512,3.6658517879408024),(0.024999999999973817,-0.42427080812000162,3.6651703044665838),(0.024999999999973811,-0.4290944272179511,3.6631722960164912),(0.024999999999973814,-0.43323656284168205,3.6599939235645333),(0.024999999999973838,-0.43641493529363978,3.6558517879408026),(0.024999999999973873,-0.43841294374373235,3.6510281688428528),(0.024999999999973925,-0.43909442721795094,3.6458517879408023),(0.02499999999997865,-0.43909442721795094,3.1858517879407997),(0.024999999999978709,-0.4384129437437323,3.1806754070387497),(0.024999999999978772,-0.43641493529363978,3.1758517879407999),(0.024999999999978834,-0.43323656284168205,3.1717096523170691),(0.024999999999978893,-0.4290944272179511,3.1685312798651113),(0.024999999999978945,-0.42427080812000162,3.1665332714150187),(0.024999999999978983,-0.41909442721795137,3.1658517879408024),(0.024999999999980559,-0.17090557278215021,3.1658517879408001),(0.024999999999980583,-0.16572919188009985,3.1665332714150187),(0.02499999999998059,-0.16090557278215034,3.1685312798651113),(0.024999999999980586,-0.15676343715841942,3.1717096523170691),(0.024999999999980566,-0.15358506470646166,3.1758517879407999),(0.024999999999980527,-0.15158705625636909,3.1806754070387497),(0.024999999999980475,-0.15090557278215225,3.1858517879407997),(0.02499999999997575,-0.15090557278215047,3.6458517879408023),(0.024999999999975691,-0.15158705625636912,3.6510281688428528),(0.024999999999975632,-0.15358506470646169,3.6558517879408026),(0.02499999999997557,-0.15676343715841942,3.6599939235645333),(0.024999999999975511,-0.16090557278215031,3.6631722960164912),(0.024999999999975459,-0.16572919188009982,3.6651703044665838)));
#1966=IFCPOLYGONALFACESET(#1965,.T.,(#1935,#1936,#1937,#1938,#1939,#1940,#1941,#1942,#1943,#1944,#1945,#1946,#1947,#1948,#1949,#1950,#1951,#1952,#1953,#1954,#1955,#1956,#1957,#1958,#1959,#1960,#1961,#1962,#1963,#1964),$);
#1967=IFCINDEXEDCOLOURMAP(#1966,1.,#1934,(1,1,1,1,1,1,1,1,1,1,1,1,1,1,1,1,1,1,1,1,1,1,1,1,1,1,1,1,1,1));
#1968=IFCSTYLEDITEM(#1966,(#468),$);
#1969=IFCCOLOURRGBLIST(((0.,0.50980392156862742,0.)));
#1970=IFCINDEXEDPOLYGONALFACE((37,39,55));
#1971=IFCINDEXEDPOLYGONALFACE((23,30,31,2,15,21,79,29,25,1));
#1972=IFCINDEXEDPOLYGONALFACE((41,38,39));
#1973=IFCINDEXEDPOLYGONALFACE((41,12,38));
#1974=IFCINDEXEDPOLYGONALFACE((34,4,48));
#1975=IFCINDEXEDPOLYGONALFACE((18,11,9,27,28,22,10,24,77,26));
#1976=IFCINDEXEDPOLYGONALFACE((17,9,11));
#1977=IFCINDEXEDPOLYGONALFACE((47,45,35));
#1978=IFCINDEXEDPOLYGONALFACE((50,52,4));
#1979=IFCINDEXEDPOLYGONALFACE((3,20,32));
#1980=IFCINDEXEDPOLYGONALFACE((32,16,3));
#1981=IFCINDEXEDPOLYGONALFACE((48,53,54));
#1982=IFCINDEXEDPOLYGONALFACE((49,14,52));
#1983=IFCINDEXEDPOLYGONALFACE((17,33,8));
#1984=IFCINDEXEDPOLYGONALFACE((15,2,16));
#1985=IFCINDEXEDPOLYGONALFACE((33,17,11));
#1986=IFCINDEXEDPOLYGONALFACE((43,49,51));
#1987=IFCINDEXEDPOLYGONALFACE((3,34,54));
#1988=IFCINDEXEDPOLYGONALFACE((15,16,32));
#1989=IFCINDEXEDPOLYGONALFACE((19,8,33));
#1990=IFCINDEXEDPOLYGONALFACE((12,41,45));
#1991=IFCINDEXEDPOLYGONALFACE((8,19,47));
#1992=IFCINDEXEDPOLYGONALFACE((39,56,55));
#1993=IFCINDEXEDPOLYGONALFACE((56,40,55));
#1994=IFCINDEXEDPOLYGONALFACE((36,39,38));
#1995=IFCINDEXEDPOLYGONALFACE((41,37,7));
#1996=IFCINDEXEDPOLYGONALFACE((56,59,40));
#1997=IFCINDEXEDPOLYGONALFACE((44,58,60));
#1998=IFCINDEXEDPOLYGONALFACE((37,41,39));
#1999=IFCINDEXEDPOLYGONALFACE((45,41,7));
#2000=IFCINDEXEDPOLYGONALFACE((63,42,44));
#2001=IFCINDEXEDPOLYGONALFACE((6,55,57));
#2002=IFCINDEXEDPOLYGONALFACE((42,57,58));
#2003=IFCINDEXEDPOLYGONALFACE((60,13,44));
#2004=IFCINDEXEDPOLYGONALFACE((7,35,45));
#2005=IFCINDEXEDPOLYGONALFACE((45,47,46));
#2006=IFCINDEXEDPOLYGONALFACE((46,47,19));
#2007=IFCINDEXEDPOLYGONALFACE((46,12,45));
#2008=IFCINDEXEDPOLYGONALFACE((8,47,35));
#2009=IFCINDEXEDPOLYGONALFACE((61,62,44));
#2010=IFCINDEXEDPOLYGONALFACE((53,20,54));
#2011=IFCINDEXEDPOLYGONALFACE((50,51,52));
#2012=IFCINDEXEDPOLYGONALFACE((48,52,14));
#2013=IFCINDEXEDPOLYGONALFACE((63,44,62));
#2014=IFCINDEXEDPOLYGONALFACE((63,50,5));
#2015=IFCINDEXEDPOLYGONALFACE((4,52,48));
#2016=IFCINDEXEDPOLYGONALFACE((51,49,52));
#2017=IFCINDEXEDPOLYGONALFACE((48,14,53));
#2018=IFCINDEXEDPOLYGONALFACE((3,54,20));
#2019=IFCINDEXEDPOLYGONALFACE((48,54,34));
#2020=IFCINDEXEDPOLYGONALFACE((57,55,40));
#2021=IFCINDEXEDPOLYGONALFACE((37,55,6));
#2022=IFCINDEXEDPOLYGONALFACE((39,36,56));
#2023=IFCINDEXEDPOLYGONALFACE((13,60,59));
#2024=IFCINDEXEDPOLYGONALFACE((58,57,40));
#2025=IFCINDEXEDPOLYGONALFACE((42,6,57));
#2026=IFCINDEXEDPOLYGONALFACE((58,40,60));
#2027=IFCINDEXEDPOLYGONALFACE((42,58,44));
#2028=IFCINDEXEDPOLYGONALFACE((56,36,59));
#2029=IFCINDEXEDPOLYGONALFACE((59,60,40));
#2030=IFCINDEXEDPOLYGONALFACE((44,13,61));
#2031=IFCINDEXEDPOLYGONALFACE((43,51,62));
#2032=IFCINDEXEDPOLYGONALFACE((62,61,43));
#2033=IFCINDEXEDPOLYGONALFACE((51,50,63));
#2034=IFCINDEXEDPOLYGONALFACE((51,63,62));
#2035=IFCINDEXEDPOLYGONALFACE((42,63,5));
#2036=IFCINDEXEDPOLYGONALFACE((65,81,94));
#2037=IFCINDEXEDPOLYGONALFACE((71,78,74,1,25,29,79,21,15));
#2038=IFCINDEXEDPOLYGONALFACE((85,49,83));
#2039=IFCINDEXEDPOLYGONALFACE((85,14,49));
#2040=IFCINDEXEDPOLYGONALFACE((11,64,72));
#2041=IFCINDEXEDPOLYGONALFACE((73,71,15));
#2042=IFCINDEXEDPOLYGONALFACE((89,88,80));
#2043=IFCINDEXEDPOLYGONALFACE((73,32,70));
#2044=IFCINDEXEDPOLYGONALFACE((32,73,15));
#2045=IFCINDEXEDPOLYGONALFACE((91,93,66));
#2046=IFCINDEXEDPOLYGONALFACE((76,64,11,18,26,77,24,10,75));
#2047=IFCINDEXEDPOLYGONALFACE((65,33,72));
#2048=IFCINDEXEDPOLYGONALFACE((38,12,93));
#2049=IFCINDEXEDPOLYGONALFACE((94,90,46));
#2050=IFCINDEXEDPOLYGONALFACE((65,19,33));
#2051=IFCINDEXEDPOLYGONALFACE((36,38,92));
#2052=IFCINDEXEDPOLYGONALFACE((81,66,90));
#2053=IFCINDEXEDPOLYGONALFACE((14,85,88));
#2054=IFCINDEXEDPOLYGONALFACE((20,70,32));
#2055=IFCINDEXEDPOLYGONALFACE((11,72,33));
#2056=IFCINDEXEDPOLYGONALFACE((70,20,89));
#2057=IFCINDEXEDPOLYGONALFACE((82,83,95));
#2058=IFCINDEXEDPOLYGONALFACE((95,84,96));
#2059=IFCINDEXEDPOLYGONALFACE((99,84,95));
#2060=IFCINDEXEDPOLYGONALFACE((43,83,49));
#2061=IFCINDEXEDPOLYGONALFACE((85,82,69));
#2062=IFCINDEXEDPOLYGONALFACE((99,61,84));
#2063=IFCINDEXEDPOLYGONALFACE((87,97,98));
#2064=IFCINDEXEDPOLYGONALFACE((82,85,83));
#2065=IFCINDEXEDPOLYGONALFACE((88,85,69));
#2066=IFCINDEXEDPOLYGONALFACE((101,86,87));
#2067=IFCINDEXEDPOLYGONALFACE((68,95,96));
#2068=IFCINDEXEDPOLYGONALFACE((86,96,97));
#2069=IFCINDEXEDPOLYGONALFACE((98,13,87));
#2070=IFCINDEXEDPOLYGONALFACE((69,80,88));
#2071=IFCINDEXEDPOLYGONALFACE((88,89,53));
#2072=IFCINDEXEDPOLYGONALFACE((53,89,20));
#2073=IFCINDEXEDPOLYGONALFACE((53,14,88));
#2074=IFCINDEXEDPOLYGONALFACE((70,89,80));
#2075=IFCINDEXEDPOLYGONALFACE((59,100,87));
#2076=IFCINDEXEDPOLYGONALFACE((46,19,94));
#2077=IFCINDEXEDPOLYGONALFACE((91,92,93));
#2078=IFCINDEXEDPOLYGONALFACE((90,93,12));
#2079=IFCINDEXEDPOLYGONALFACE((101,87,100));
#2080=IFCINDEXEDPOLYGONALFACE((101,91,67));
#2081=IFCINDEXEDPOLYGONALFACE((66,93,90));
#2082=IFCINDEXEDPOLYGONALFACE((92,38,93));
#2083=IFCINDEXEDPOLYGONALFACE((90,12,46));
#2084=IFCINDEXEDPOLYGONALFACE((65,94,19));
#2085=IFCINDEXEDPOLYGONALFACE((90,94,81));
#2086=IFCINDEXEDPOLYGONALFACE((82,95,68));
#2087=IFCINDEXEDPOLYGONALFACE((99,95,83));
#2088=IFCINDEXEDPOLYGONALFACE((97,96,84));
#2089=IFCINDEXEDPOLYGONALFACE((86,68,96));
#2090=IFCINDEXEDPOLYGONALFACE((97,84,98));
#2091=IFCINDEXEDPOLYGONALFACE((86,97,87));
#2092=IFCINDEXEDPOLYGONALFACE((98,61,13));
#2093=IFCINDEXEDPOLYGONALFACE((61,98,84));
#2094=IFCINDEXEDPOLYGONALFACE((87,13,59));
#2095=IFCINDEXEDPOLYGONALFACE((83,43,99));
#2096=IFCINDEXEDPOLYGONALFACE((61,99,43));
#2097=IFCINDEXEDPOLYGONALFACE((36,92,100));
#2098=IFCINDEXEDPOLYGONALFACE((100,59,36));
#2099=IFCINDEXEDPOLYGONALFACE((92,91,101));
#2100=IFCINDEXEDPOLYGONALFACE((92,101,100));
#2101=IFCINDEXEDPOLYGONALFACE((86,101,67));
#2102=IFCINDEXEDPOLYGONALFACE((16,2,31,30,23,1,74,78,71,73,70,80,69,82,68,86,67,91,66,81,65,72,64,76,75,10,22,28,27,9,17,8,35,7,37,6,42,5,50,4,34,3));
#2103=IFCCARTESIANPOINTLIST3D(((-0.020482636741922518,-0.21046894423798884,3.2927892194925592),(-0.020482636741922484,-0.21556679067320186,3.2638778956853329),(-0.020482636741922394,-0.23024545446255373,3.2384537042149537),(-0.020482636741922251,-0.25273447211904326,3.2195831777938539),(-0.020482636741922074,-0.2803213362107459,3.209542380407727),(-0.02048263674192189,-0.30967866378944964,3.209542380407727),(-0.02048263674192171,-0.33726552788115227,3.2195831777938535),(-0.020482636741921571,-0.35975454553764191,3.2384537042149537),(-0.020482636741921478,-0.37443320932699381,3.263877895685332),(-0.020482636741921446,-0.37953105576220697,3.2927892194925588),(-0.037867457650730019,-0.35382454510862493,3.2927892194925592),(-0.050111078503267507,-0.32530875235384804,3.2927892194925592),(-0.05677712821603928,-0.29500000000009813,3.2927892194925592),(-0.050111078503267896,-0.26469124764634822,3.2927892194925592),(-0.037867457650730768,-0.2361754548915711,3.2927892194925592),(-0.020482636741922439,-0.22290612256787781,3.2511657999501433),(-0.020482636741921526,-0.36709387743231786,3.2511657999501433),(-0.031919352814065875,-0.36261986265341806,3.2927892194925592),(-0.043989268076998753,-0.33956664873123643,3.2927892194925588),(-0.043989268076999329,-0.25043335126895966,3.2927892194925588),(-0.031919352992361184,-0.22738013761041762,3.2927892194925592),(-0.02048263674192146,-0.37714642123480624,3.2792652850508786),(-0.020482636741922501,-0.2128535788632874,3.2792652844956725),(-0.026200994777993661,-0.37107545920781249,3.2927892194925588),(-0.026200994867141857,-0.21892454092420321,3.2927892194925592),(-0.029060173796029772,-0.36684766093061527,3.2927892194925588),(-0.020482636741921471,-0.3757898152809,3.2715715903681053),(-0.020482636741921467,-0.37646811825785315,3.2754184377094915),(-0.029060173929751524,-0.2231523392673104,3.2927892194925592),(-0.020482636741922494,-0.21421018476824463,3.2715715900905025),(-0.020482636741922491,-0.21488848772072322,3.2677247428879173),(-0.040928362863865045,-0.24330440308026541,3.2927892194925592),(-0.040928362863864386,-0.34669559691993068,3.2927892194925592),(-0.020482636741922324,-0.24148996329079853,3.2290184410044036),(-0.020482636741921641,-0.34851003670939712,3.2290184410044036),(-0.053444103359653397,-0.31015437617697311,3.2927892194925592),(-0.0204826367419218,-0.32347209583530095,3.2145627791007905),(-0.051777590931460456,-0.31773156426541055,3.2927892194925596),(-0.041616828415147487,-0.32116262286310548,3.2483869376722061),(-0.044868610496997793,-0.30630686504958149,3.2498769456408398),(-0.039699471132724887,-0.33139589903310596,3.2510551231167493),(-0.020482636741921981,-0.2950000000000978,3.209542380407727),(-0.053444103359653591,-0.27984562382322314,3.2927892194925592),(-0.044663701641240873,-0.28765647933643868,3.2485381894500054),(-0.036572330169512654,-0.34054786400880066,3.2519886206395014),(-0.04705017329013314,-0.33243770054254224,3.2927892194925592),(-0.035985653253539585,-0.34766848345244322,3.2597479119991939),(-0.036468132498885281,-0.24914481357456592,3.2520578019028386),(-0.05177759093146074,-0.27226843573478565,3.2927892194925592),(-0.020482636741922165,-0.26652790416489458,3.2145627791007905),(-0.041616828651509979,-0.26883737723085277,3.2483869381845523),(-0.039820610409835921,-0.25861824880059875,3.2513553451822026),(-0.047050173290133612,-0.25756229945765391,3.2927892194925588),(-0.035985654064292348,-0.24233151852594648,3.2597479114891379),(-0.03584252803279861,-0.31329635539261558,3.233108608733767),(-0.046865481487577028,-0.31406057488177191,3.258230119144641),(-0.033111286014960779,-0.30501216811527071,3.226577064495606),(-0.041351429132067026,-0.29705777829550389,3.2407465370931576),(-0.055110615787846345,-0.30257718808853562,3.2927892194925592),(-0.051535885673967476,-0.29923194813182769,3.2675013081983577),(-0.055110615787846436,-0.28742281191166069,3.2927892194925596),(-0.04914515981670381,-0.27940171877856124,3.2634589536653467),(-0.03712766058914152,-0.27961288506790893,3.2346265717801299),(-0.020482636741921478,-0.37443320932699392,3.3217005432997864),(-0.020482636741921571,-0.35975454553764191,3.3471247347701647),(-0.02048263674192171,-0.33726552788115227,3.3659952611912649),(-0.02048263674192189,-0.30967866378944964,3.3760360585773914),(-0.020482636741922074,-0.2803213362107459,3.3760360585773914),(-0.020482636741922251,-0.25273447211904332,3.3659952611912645),(-0.020482636741922394,-0.23024545446255373,3.3471247347701647),(-0.020482636741922484,-0.21556679067320186,3.3217005432997855),(-0.020482636741921526,-0.36709387743231792,3.3344126390349751),(-0.020482636741922439,-0.22290612256787781,3.3344126390349751),(-0.020482636741922501,-0.21285357876507252,3.3063131539324417),(-0.02048263674192146,-0.37714642123405528,3.3063131539384987),(-0.020482636741921471,-0.37578981528052458,3.3140068486191425),(-0.02763058430675765,-0.36896156004001607,3.2927892194925592),(-0.020482636741922494,-0.21421018471913719,3.3140068486161138),(-0.03048976330130574,-0.22526623820264466,3.2927892194925592),(-0.020482636741922324,-0.24148996329079853,3.3565599979807148),(-0.020482636741921641,-0.34851003670939712,3.3565599979807148),(-0.020482636741922165,-0.26652790416489464,3.3710156598843279),(-0.041616828404838123,-0.2688373773442217,3.3371915014597149),(-0.044868610762650488,-0.2836931360975618,3.3357014930010163),(-0.039699471447628663,-0.25860410114250354,3.3345233152115323),(-0.020482636741921981,-0.2950000000000978,3.3760360585773914),(-0.044663701628175886,-0.30234352091675998,3.3370402495239713),(-0.036572330180021109,-0.24945213593689769,3.333589818257034),(-0.035985653248883955,-0.24233151658561089,3.3258305270614517),(-0.036468132923628362,-0.34085518721168689,3.3335206350739743),(-0.0204826367419218,-0.32347209583530095,3.3710156598843279),(-0.041616828429579311,-0.32116262264851397,3.3371915014046971),(-0.039820609161994619,-0.33138175120730673,3.3342230970273992),(-0.03598565325010173,-0.34766848343509749,3.3258305270247819),(-0.03584252858516368,-0.27670364532989467,3.3524698294758313),(-0.033111285715758276,-0.28498783324184818,3.3590013751800973),(-0.041351429086758415,-0.29294222238193113,3.3448319020116748),(-0.051535885463750361,-0.29076805320255383,3.318077131747569),(-0.046865482372813773,-0.27593942570522945,3.327348317558759),(-0.049145160137322029,-0.3105982812104221,3.3221194842644657),(-0.037127660757446744,-0.31038711585089662,3.3509518666502882)));
#2104=IFCPOLYGONALFACESET(#2103,.T.,(#1970,#1971,#1972,#1973,#1974,#1975,#1976,#1977,#1978,#1979,#1980,#1981,#1982,#1983,#1984,#1985,#1986,#1987,#1988,#1989,#1990,#1991,#1992,#1993,#1994,#1995,#1996,#1997,#1998,#1999,#2000,#2001,#2002,#2003,#2004,#2005,#2006,#2007,#2008,#2009,#2010,#2011,#2012,#2013,#2014,#2015,#2016,#2017,#2018,#2019,#2020,#2021,#2022,#2023,#2024,#2025,#2026,#2027,#2028,#2029,#2030,#2031,#2032,#2033,#2034,#2035,#2036,#2037,#2038,#2039,#2040,#2041,#2042,#2043,#2044,#2045,#2046,#2047,#2048,#2049,#2050,#2051,#2052,#2053,#2054,#2055,#2056,#2057,#2058,#2059,#2060,#2061,#2062,#2063,#2064,#2065,#2066,#2067,#2068,#2069,#2070,#2071,#2072,#2073,#2074,#2075,#2076,#2077,#2078,#2079,#2080,#2081,#2082,#2083,#2084,#2085,#2086,#2087,#2088,#2089,#2090,#2091,#2092,#2093,#2094,#2095,#2096,#2097,#2098,#2099,#2100,#2101,#2102),$);
#2105=IFCINDEXEDCOLOURMAP(#2104,1.,#1969,(1,1,1,1,1,1,1,1,1,1,1,1,1,1,1,1,1,1,1,1,1,1,1,1,1,1,1,1,1,1,1,1,1,1,1,1,1,1,1,1,1,1,1,1,1,1,1,1,1,1,1,1,1,1,1,1,1,1,1,1,1,1,1,1,1,1,1,1,1,1,1,1,1,1,1,1,1,1,1,1,1,1,1,1,1,1,1,1,1,1,1,1,1,1,1,1,1,1,1,1,1,1,1,1,1,1,1,1,1,1,1,1,1,1,1,1,1,1,1,1,1,1,1,1,1,1,1,1,1,1,1,1,1));
#2106=IFCSTYLEDITEM(#2104,(#1352),$);
#2107=IFCCOLOURRGBLIST(((1.,0.,0.)));
#2108=IFCINDEXEDPOLYGONALFACE((37,39,55));
#2109=IFCINDEXEDPOLYGONALFACE((23,30,31,2,15,21,79,29,25,1));
#2110=IFCINDEXEDPOLYGONALFACE((41,38,39));
#2111=IFCINDEXEDPOLYGONALFACE((41,12,38));
#2112=IFCINDEXEDPOLYGONALFACE((34,4,48));
#2113=IFCINDEXEDPOLYGONALFACE((18,11,9,27,28,22,10,24,77,26));
#2114=IFCINDEXEDPOLYGONALFACE((17,9,11));
#2115=IFCINDEXEDPOLYGONALFACE((47,45,35));
#2116=IFCINDEXEDPOLYGONALFACE((50,52,4));
#2117=IFCINDEXEDPOLYGONALFACE((3,20,32));
#2118=IFCINDEXEDPOLYGONALFACE((32,16,3));
#2119=IFCINDEXEDPOLYGONALFACE((48,53,54));
#2120=IFCINDEXEDPOLYGONALFACE((49,14,52));
#2121=IFCINDEXEDPOLYGONALFACE((17,33,8));
#2122=IFCINDEXEDPOLYGONALFACE((15,2,16));
#2123=IFCINDEXEDPOLYGONALFACE((33,17,11));
#2124=IFCINDEXEDPOLYGONALFACE((43,49,51));
#2125=IFCINDEXEDPOLYGONALFACE((3,34,54));
#2126=IFCINDEXEDPOLYGONALFACE((15,16,32));
#2127=IFCINDEXEDPOLYGONALFACE((19,8,33));
#2128=IFCINDEXEDPOLYGONALFACE((12,41,45));
#2129=IFCINDEXEDPOLYGONALFACE((8,19,47));
#2130=IFCINDEXEDPOLYGONALFACE((55,40,56));
#2131=IFCINDEXEDPOLYGONALFACE((60,40,55));
#2132=IFCINDEXEDPOLYGONALFACE((36,39,38));
#2133=IFCINDEXEDPOLYGONALFACE((41,37,7));
#2134=IFCINDEXEDPOLYGONALFACE((60,58,40));
#2135=IFCINDEXEDPOLYGONALFACE((44,57,59));
#2136=IFCINDEXEDPOLYGONALFACE((37,41,39));
#2137=IFCINDEXEDPOLYGONALFACE((45,41,7));
#2138=IFCINDEXEDPOLYGONALFACE((63,42,44));
#2139=IFCINDEXEDPOLYGONALFACE((6,55,56));
#2140=IFCINDEXEDPOLYGONALFACE((42,56,57));
#2141=IFCINDEXEDPOLYGONALFACE((59,13,44));
#2142=IFCINDEXEDPOLYGONALFACE((7,35,45));
#2143=IFCINDEXEDPOLYGONALFACE((45,47,46));
#2144=IFCINDEXEDPOLYGONALFACE((46,47,19));
#2145=IFCINDEXEDPOLYGONALFACE((46,12,45));
#2146=IFCINDEXEDPOLYGONALFACE((8,47,35));
#2147=IFCINDEXEDPOLYGONALFACE((61,62,44));
#2148=IFCINDEXEDPOLYGONALFACE((53,20,54));
#2149=IFCINDEXEDPOLYGONALFACE((50,51,52));
#2150=IFCINDEXEDPOLYGONALFACE((48,52,14));
#2151=IFCINDEXEDPOLYGONALFACE((63,44,62));
#2152=IFCINDEXEDPOLYGONALFACE((63,50,5));
#2153=IFCINDEXEDPOLYGONALFACE((4,52,48));
#2154=IFCINDEXEDPOLYGONALFACE((51,49,52));
#2155=IFCINDEXEDPOLYGONALFACE((48,14,53));
#2156=IFCINDEXEDPOLYGONALFACE((3,54,20));
#2157=IFCINDEXEDPOLYGONALFACE((48,54,34));
#2158=IFCINDEXEDPOLYGONALFACE((37,55,6));
#2159=IFCINDEXEDPOLYGONALFACE((60,55,39));
#2160=IFCINDEXEDPOLYGONALFACE((57,56,40));
#2161=IFCINDEXEDPOLYGONALFACE((42,6,56));
#2162=IFCINDEXEDPOLYGONALFACE((57,40,59));
#2163=IFCINDEXEDPOLYGONALFACE((42,57,44));
#2164=IFCINDEXEDPOLYGONALFACE((59,58,13));
#2165=IFCINDEXEDPOLYGONALFACE((58,59,40));
#2166=IFCINDEXEDPOLYGONALFACE((44,13,61));
#2167=IFCINDEXEDPOLYGONALFACE((39,36,60));
#2168=IFCINDEXEDPOLYGONALFACE((58,60,36));
#2169=IFCINDEXEDPOLYGONALFACE((43,51,62));
#2170=IFCINDEXEDPOLYGONALFACE((62,61,43));
#2171=IFCINDEXEDPOLYGONALFACE((51,50,63));
#2172=IFCINDEXEDPOLYGONALFACE((51,63,62));
#2173=IFCINDEXEDPOLYGONALFACE((42,63,5));
#2174=IFCINDEXEDPOLYGONALFACE((65,81,94));
#2175=IFCINDEXEDPOLYGONALFACE((71,78,74,1,25,29,79,21,15));
#2176=IFCINDEXEDPOLYGONALFACE((85,49,83));
#2177=IFCINDEXEDPOLYGONALFACE((85,14,49));
#2178=IFCINDEXEDPOLYGONALFACE((11,64,72));
#2179=IFCINDEXEDPOLYGONALFACE((73,71,15));
#2180=IFCINDEXEDPOLYGONALFACE((89,88,80));
#2181=IFCINDEXEDPOLYGONALFACE((73,32,70));
#2182=IFCINDEXEDPOLYGONALFACE((32,73,15));
#2183=IFCINDEXEDPOLYGONALFACE((91,93,66));
#2184=IFCINDEXEDPOLYGONALFACE((76,64,11,18,26,77,24,10,75));
#2185=IFCINDEXEDPOLYGONALFACE((65,33,72));
#2186=IFCINDEXEDPOLYGONALFACE((38,12,93));
#2187=IFCINDEXEDPOLYGONALFACE((94,90,46));
#2188=IFCINDEXEDPOLYGONALFACE((65,19,33));
#2189=IFCINDEXEDPOLYGONALFACE((36,38,92));
#2190=IFCINDEXEDPOLYGONALFACE((81,66,90));
#2191=IFCINDEXEDPOLYGONALFACE((14,85,88));
#2192=IFCINDEXEDPOLYGONALFACE((20,70,32));
#2193=IFCINDEXEDPOLYGONALFACE((11,72,33));
#2194=IFCINDEXEDPOLYGONALFACE((70,20,89));
#2195=IFCINDEXEDPOLYGONALFACE((82,83,95));
#2196=IFCINDEXEDPOLYGONALFACE((95,84,96));
#2197=IFCINDEXEDPOLYGONALFACE((99,84,95));
#2198=IFCINDEXEDPOLYGONALFACE((43,83,49));
#2199=IFCINDEXEDPOLYGONALFACE((85,82,69));
#2200=IFCINDEXEDPOLYGONALFACE((99,61,84));
#2201=IFCINDEXEDPOLYGONALFACE((87,97,98));
#2202=IFCINDEXEDPOLYGONALFACE((82,85,83));
#2203=IFCINDEXEDPOLYGONALFACE((88,85,69));
#2204=IFCINDEXEDPOLYGONALFACE((101,86,87));
#2205=IFCINDEXEDPOLYGONALFACE((68,95,96));
#2206=IFCINDEXEDPOLYGONALFACE((86,96,97));
#2207=IFCINDEXEDPOLYGONALFACE((98,13,87));
#2208=IFCINDEXEDPOLYGONALFACE((69,80,88));
#2209=IFCINDEXEDPOLYGONALFACE((88,89,53));
#2210=IFCINDEXEDPOLYGONALFACE((53,89,20));
#2211=IFCINDEXEDPOLYGONALFACE((53,14,88));
#2212=IFCINDEXEDPOLYGONALFACE((70,89,80));
#2213=IFCINDEXEDPOLYGONALFACE((58,100,87));
#2214=IFCINDEXEDPOLYGONALFACE((46,19,94));
#2215=IFCINDEXEDPOLYGONALFACE((91,92,93));
#2216=IFCINDEXEDPOLYGONALFACE((90,93,12));
#2217=IFCINDEXEDPOLYGONALFACE((101,87,100));
#2218=IFCINDEXEDPOLYGONALFACE((101,91,67));
#2219=IFCINDEXEDPOLYGONALFACE((66,93,90));
#2220=IFCINDEXEDPOLYGONALFACE((92,38,93));
#2221=IFCINDEXEDPOLYGONALFACE((90,12,46));
#2222=IFCINDEXEDPOLYGONALFACE((65,94,19));
#2223=IFCINDEXEDPOLYGONALFACE((90,94,81));
#2224=IFCINDEXEDPOLYGONALFACE((82,95,68));
#2225=IFCINDEXEDPOLYGONALFACE((99,95,83));
#2226=IFCINDEXEDPOLYGONALFACE((97,96,84));
#2227=IFCINDEXEDPOLYGONALFACE((86,68,96));
#2228=IFCINDEXEDPOLYGONALFACE((97,84,98));
#2229=IFCINDEXEDPOLYGONALFACE((86,97,87));
#2230=IFCINDEXEDPOLYGONALFACE((98,61,13));
#2231=IFCINDEXEDPOLYGONALFACE((61,98,84));
#2232=IFCINDEXEDPOLYGONALFACE((87,13,58));
#2233=IFCINDEXEDPOLYGONALFACE((83,43,99));
#2234=IFCINDEXEDPOLYGONALFACE((61,99,43));
#2235=IFCINDEXEDPOLYGONALFACE((36,92,100));
#2236=IFCINDEXEDPOLYGONALFACE((100,58,36));
#2237=IFCINDEXEDPOLYGONALFACE((92,91,101));
#2238=IFCINDEXEDPOLYGONALFACE((92,101,100));
#2239=IFCINDEXEDPOLYGONALFACE((86,101,67));
#2240=IFCINDEXEDPOLYGONALFACE((16,2,31,30,23,1,74,78,71,73,70,80,69,82,68,86,67,91,66,81,65,72,64,76,75,10,22,28,27,9,17,8,35,7,37,6,42,5,50,4,34,3));
#2241=IFCCARTESIANPOINTLIST3D(((-0.020482636741922418,-0.21046894423798873,3.4927892194925594),(-0.020482636741922383,-0.21556679067320178,3.4638778956853327),(-0.020482636741922289,-0.23024545446255368,3.4384537042149534),(-0.020482636741922151,-0.25273447211904326,3.4195831777938537),(-0.020482636741921974,-0.2803213362107459,3.4095423804077267),(-0.020482636741921786,-0.30967866378944975,3.4095423804077267),(-0.020482636741921609,-0.33726552788115238,3.4195831777938537),(-0.020482636741921471,-0.35975454553764202,3.438453704214953),(-0.020482636741921377,-0.37443320932699403,3.4638778956853322),(-0.020482636741921342,-0.37953105576220719,3.4927892194925585),(-0.037867457650729998,-0.35382454510862504,3.4927892194925594),(-0.050111078503267507,-0.3253087523538481,3.4927892194925594),(-0.05677712821603928,-0.29500000000009818,3.4927892194925594),(-0.050111078503267896,-0.26469124764634822,3.4927892194925594),(-0.037867457650730754,-0.23617545489157105,3.4927892194925594),(-0.020482636741922338,-0.22290612256787776,3.4511657999501431),(-0.020482636741921422,-0.36709387743231808,3.4511657999501426),(-0.031919352814065785,-0.36261986265341822,3.4927892194925594),(-0.043989268076998753,-0.33956664873123649,3.4927892194925585),(-0.043989268076999322,-0.2504333512689596,3.4927892194925585),(-0.031919352992361094,-0.22738013761041748,3.4927892194925594),(-0.02048263674192136,-0.37714642123480641,3.4792652850508787),(-0.0204826367419224,-0.21285357886328735,3.4792652844956731),(-0.026200994777993564,-0.37107545920781276,3.4927892194925585),(-0.026200994867141746,-0.2189245409242031,3.4927892194925594),(-0.029060173796029674,-0.36684766093061544,3.4927892194925585),(-0.02048263674192137,-0.37578981528090022,3.4715715903681055),(-0.020482636741921363,-0.37646811825785337,3.4754184377094921),(-0.02906017392975142,-0.22315233926731026,3.4927892194925594),(-0.020482636741922394,-0.21421018476824455,3.4715715900905026),(-0.020482636741922387,-0.21488848772072319,3.4677247428879179),(-0.040928362863865045,-0.24330440308026535,3.4927892194925594),(-0.040928362863864379,-0.34669559691993074,3.4927892194925594),(-0.020482636741922224,-0.24148996329079844,3.4290184410044033),(-0.020482636741921537,-0.34851003670939718,3.4290184410044033),(-0.053444103359653397,-0.31015437617697311,3.4927892194925594),(-0.0204826367419217,-0.32347209583530107,3.4145627791007902),(-0.051777590931460449,-0.31773156426541055,3.4927892194925594),(-0.041616828415147487,-0.3211626228631056,3.4483869376722063),(-0.04486861049699771,-0.30630686504958171,3.4498769456408396),(-0.039699471132724748,-0.33139589903310618,3.451055123116749),(-0.02048263674192188,-0.2950000000000978,3.4095423804077267),(-0.053444103359653591,-0.27984562382322314,3.4927892194925585),(-0.04466370164124079,-0.28765647933643868,3.4485381894500056),(-0.036572330169512501,-0.34054786400880094,3.4519886206395016),(-0.047050173290133133,-0.33243770054254235,3.4927892194925594),(-0.035985653253539515,-0.34766848345244339,3.4597479119991941),(-0.036468132498885177,-0.24914481357456592,3.4520578019028387),(-0.05177759093146074,-0.27226843573478571,3.4927892194925594),(-0.020482636741922064,-0.26652790416489458,3.4145627791007902),(-0.041616828651509979,-0.2688373772308526,3.4483869381845524),(-0.039820610409836171,-0.25861824880059869,3.4513553451822032),(-0.047050173290133612,-0.25756229945765391,3.4927892194925585),(-0.03598565406429223,-0.24233151852594634,3.4597479114891376),(-0.035842528032798464,-0.31329635539261569,3.4331086087337672),(-0.033111286014960779,-0.30501216811527099,3.4265770644956057),(-0.041351429132066971,-0.297057778295504,3.4407465370931569),(-0.055110615787846332,-0.30257718808853568,3.4927892194925594),(-0.051535885673967545,-0.29923194813182785,3.4675013081983579),(-0.046865481487576854,-0.31406057488177208,3.4582301191446403),(-0.055110615787846436,-0.28742281191166069,3.4927892194925594),(-0.049145159816703678,-0.27940171877856107,3.4634589536653464),(-0.037127660589141381,-0.2796128850679091,3.4346265717801292),(-0.020482636741921377,-0.37443320932699403,3.5217005432997861),(-0.020482636741921471,-0.35975454553764202,3.5471247347701653),(-0.020482636741921609,-0.33726552788115244,3.5659952611912646),(-0.020482636741921786,-0.30967866378944975,3.576036058577392),(-0.020482636741921974,-0.2803213362107459,3.576036058577392),(-0.020482636741922151,-0.25273447211904326,3.5659952611912646),(-0.020482636741922289,-0.23024545446255368,3.5471247347701649),(-0.020482636741922383,-0.21556679067320178,3.5217005432997857),(-0.020482636741921422,-0.36709387743231808,3.5344126390349757),(-0.020482636741922338,-0.22290612256787776,3.5344126390349753),(-0.0204826367419224,-0.21285357876507244,3.506313153932441),(-0.02048263674192136,-0.37714642123405545,3.5063131539384988),(-0.02048263674192137,-0.3757898152805248,3.5140068486191423),(-0.027630584306757557,-0.36896156004001623,3.4927892194925594),(-0.020482636741922394,-0.21421018471913708,3.5140068486161136),(-0.03048976330130565,-0.22526623820264455,3.4927892194925594),(-0.020482636741922224,-0.24148996329079847,3.556559997980715),(-0.020482636741921537,-0.34851003670939723,3.556559997980715),(-0.020482636741922064,-0.26652790416489458,3.5710156598843281),(-0.041616828404838109,-0.26883737734422158,3.5371915014597151),(-0.04486861076265037,-0.28369313609756169,3.5357014930010164),(-0.039699471447628511,-0.25860410114250348,3.534523315211533),(-0.02048263674192188,-0.2950000000000978,3.576036058577392),(-0.044663701628175817,-0.30234352091675998,3.537040249523971),(-0.036572330180020977,-0.2494521359368975,3.5335898182570338),(-0.035985653248883885,-0.24233151658561086,3.5258305270614518),(-0.036468132923628244,-0.34085518721168701,3.533520635073975),(-0.0204826367419217,-0.32347209583530107,3.5710156598843281),(-0.041616828429579311,-0.3211626226485142,3.5371915014046973),(-0.039820609161994855,-0.33138175120730695,3.5342230970273985),(-0.035985653250101647,-0.34766848343509765,3.5258305270247821),(-0.035842528585163506,-0.27670364532989455,3.552469829475831),(-0.033111285715758276,-0.28498783324184795,3.5590013751800975),(-0.041351429086758332,-0.29294222238193107,3.544831902011675),(-0.051535885463750396,-0.29076805320255367,3.5180771317475688),(-0.046865482372813537,-0.27593942570522939,3.5273483175587597),(-0.049145160137321862,-0.31059828121042238,3.5221194842644663),(-0.037127660757446626,-0.31038711585089662,3.5509518666502888)));
#2242=IFCPOLYGONALFACESET(#2241,.T.,(#2108,#2109,#2110,#2111,#2112,#2113,#2114,#2115,#2116,#2117,#2118,#2119,#2120,#2121,#2122,#2123,#2124,#2125,#2126,#2127,#2128,#2129,#2130,#2131,#2132,#2133,#2134,#2135,#2136,#2137,#2138,#2139,#2140,#2141,#2142,#2143,#2144,#2145,#2146,#2147,#2148,#2149,#2150,#2151,#2152,#2153,#2154,#2155,#2156,#2157,#2158,#2159,#2160,#2161,#2162,#2163,#2164,#2165,#2166,#2167,#2168,#2169,#2170,#2171,#2172,#2173,#2174,#2175,#2176,#2177,#2178,#2179,#2180,#2181,#2182,#2183,#2184,#2185,#2186,#2187,#2188,#2189,#2190,#2191,#2192,#2193,#2194,#2195,#2196,#2197,#2198,#2199,#2200,#2201,#2202,#2203,#2204,#2205,#2206,#2207,#2208,#2209,#2210,#2211,#2212,#2213,#2214,#2215,#2216,#2217,#2218,#2219,#2220,#2221,#2222,#2223,#2224,#2225,#2226,#2227,#2228,#2229,#2230,#2231,#2232,#2233,#2234,#2235,#2236,#2237,#2238,#2239,#2240),$);
#2243=IFCINDEXEDCOLOURMAP(#2242,1.,#2107,(1,1,1,1,1,1,1,1,1,1,1,1,1,1,1,1,1,1,1,1,1,1,1,1,1,1,1,1,1,1,1,1,1,1,1,1,1,1,1,1,1,1,1,1,1,1,1,1,1,1,1,1,1,1,1,1,1,1,1,1,1,1,1,1,1,1,1,1,1,1,1,1,1,1,1,1,1,1,1,1,1,1,1,1,1,1,1,1,1,1,1,1,1,1,1,1,1,1,1,1,1,1,1,1,1,1,1,1,1,1,1,1,1,1,1,1,1,1,1,1,1,1,1,1,1,1,1,1,1,1,1,1,1));
#2244=IFCSTYLEDITEM(#2242,(#974),$);
#2245=IFCCOLOURRGBLIST(((0.,0.,0.)));
#2246=IFCINDEXEDPOLYGONALFACE((9,10,11,12,13,14,15,16,17,18,19,20,21,22,23,24,1,2,3,4,5,6,7,8));
#2247=IFCINDEXEDPOLYGONALFACE((32,33,34,35,36,37,38,39,40,41,42,43,44,45,46,47,48,49,50,51,25,26,27,28,29,30,31));
#2248=IFCINDEXEDPOLYGONALFACE((71,87,2));
#2249=IFCINDEXEDPOLYGONALFACE((71,68,54));
#2250=IFCINDEXEDPOLYGONALFACE((88,77,58));
#2251=IFCINDEXEDPOLYGONALFACE((50,52,51));
#2252=IFCINDEXEDPOLYGONALFACE((55,61,54));
#2253=IFCINDEXEDPOLYGONALFACE((68,67,51));
#2254=IFCINDEXEDPOLYGONALFACE((46,82,61));
#2255=IFCINDEXEDPOLYGONALFACE((68,60,106,67));
#2256=IFCINDEXEDPOLYGONALFACE((46,61,47));
#2257=IFCINDEXEDPOLYGONALFACE((67,25,51));
#2258=IFCINDEXEDPOLYGONALFACE((57,64,69));
#2259=IFCINDEXEDPOLYGONALFACE((82,46,45));
#2260=IFCINDEXEDPOLYGONALFACE((52,53,55));
#2261=IFCINDEXEDPOLYGONALFACE((2,1,70));
#2262=IFCINDEXEDPOLYGONALFACE((71,70,92,60));
#2263=IFCINDEXEDPOLYGONALFACE((55,54,68));
#2264=IFCINDEXEDPOLYGONALFACE((55,48,47));
#2265=IFCINDEXEDPOLYGONALFACE((52,55,51));
#2266=IFCINDEXEDPOLYGONALFACE((37,56,86));
#2267=IFCINDEXEDPOLYGONALFACE((55,47,61));
#2268=IFCINDEXEDPOLYGONALFACE((45,44,65));
#2269=IFCINDEXEDPOLYGONALFACE((54,87,71));
#2270=IFCINDEXEDPOLYGONALFACE((4,3,72));
#2271=IFCINDEXEDPOLYGONALFACE((10,84,11));
#2272=IFCINDEXEDPOLYGONALFACE((78,77,5));
#2273=IFCINDEXEDPOLYGONALFACE((79,56,76));
#2274=IFCINDEXEDPOLYGONALFACE((44,74,65));
#2275=IFCINDEXEDPOLYGONALFACE((48,55,53));
#2276=IFCINDEXEDPOLYGONALFACE((83,43,42));
#2277=IFCINDEXEDPOLYGONALFACE((88,62,77));
#2278=IFCINDEXEDPOLYGONALFACE((74,44,43));
#2279=IFCINDEXEDPOLYGONALFACE((41,75,66));
#2280=IFCINDEXEDPOLYGONALFACE((64,57,80));
#2281=IFCINDEXEDPOLYGONALFACE((8,73,9));
#2282=IFCINDEXEDPOLYGONALFACE((40,39,80));
#2283=IFCINDEXEDPOLYGONALFACE((56,79,86));
#2284=IFCINDEXEDPOLYGONALFACE((63,66,75));
#2285=IFCINDEXEDPOLYGONALFACE((59,83,66));
#2286=IFCINDEXEDPOLYGONALFACE((85,69,79));
#2287=IFCINDEXEDPOLYGONALFACE((84,69,11));
#2288=IFCINDEXEDPOLYGONALFACE((59,81,62));
#2289=IFCINDEXEDPOLYGONALFACE((65,74,62));
#2290=IFCINDEXEDPOLYGONALFACE((7,81,8));
#2291=IFCINDEXEDPOLYGONALFACE((62,7,6));
#2292=IFCINDEXEDPOLYGONALFACE((73,8,81));
#2293=IFCINDEXEDPOLYGONALFACE((42,41,66));
#2294=IFCINDEXEDPOLYGONALFACE((68,51,55));
#2295=IFCINDEXEDPOLYGONALFACE((57,84,63));
#2296=IFCINDEXEDPOLYGONALFACE((5,77,6));
#2297=IFCINDEXEDPOLYGONALFACE((39,38,64));
#2298=IFCINDEXEDPOLYGONALFACE((10,9,63));
#2299=IFCINDEXEDPOLYGONALFACE((78,72,61));
#2300=IFCINDEXEDPOLYGONALFACE((12,11,69));
#2301=IFCINDEXEDPOLYGONALFACE((60,68,71));
#2302=IFCINDEXEDPOLYGONALFACE((58,82,65));
#2303=IFCINDEXEDPOLYGONALFACE((75,41,40));
#2304=IFCINDEXEDPOLYGONALFACE((73,66,63));
#2305=IFCINDEXEDPOLYGONALFACE((4,78,5));
#2306=IFCINDEXEDPOLYGONALFACE((54,72,87));
#2307=IFCINDEXEDPOLYGONALFACE((70,71,2));
#2308=IFCINDEXEDPOLYGONALFACE((54,61,72));
#2309=IFCINDEXEDPOLYGONALFACE((78,61,58));
#2310=IFCINDEXEDPOLYGONALFACE((66,73,59));
#2311=IFCINDEXEDPOLYGONALFACE((63,9,73));
#2312=IFCINDEXEDPOLYGONALFACE((83,74,43));
#2313=IFCINDEXEDPOLYGONALFACE((62,74,59));
#2314=IFCINDEXEDPOLYGONALFACE((80,75,40));
#2315=IFCINDEXEDPOLYGONALFACE((63,75,57));
#2316=IFCINDEXEDPOLYGONALFACE((64,86,79));
#2317=IFCINDEXEDPOLYGONALFACE((12,85,13));
#2318=IFCINDEXEDPOLYGONALFACE((62,6,77));
#2319=IFCINDEXEDPOLYGONALFACE((72,78,4));
#2320=IFCINDEXEDPOLYGONALFACE((77,78,58));
#2321=IFCINDEXEDPOLYGONALFACE((85,79,76));
#2322=IFCINDEXEDPOLYGONALFACE((64,79,69));
#2323=IFCINDEXEDPOLYGONALFACE((64,80,39));
#2324=IFCINDEXEDPOLYGONALFACE((75,80,57));
#2325=IFCINDEXEDPOLYGONALFACE((62,81,7));
#2326=IFCINDEXEDPOLYGONALFACE((73,81,59));
#2327=IFCINDEXEDPOLYGONALFACE((65,82,45));
#2328=IFCINDEXEDPOLYGONALFACE((61,82,58));
#2329=IFCINDEXEDPOLYGONALFACE((66,83,42));
#2330=IFCINDEXEDPOLYGONALFACE((74,83,59));
#2331=IFCINDEXEDPOLYGONALFACE((63,84,10));
#2332=IFCINDEXEDPOLYGONALFACE((69,84,57));
#2333=IFCINDEXEDPOLYGONALFACE((13,85,76));
#2334=IFCINDEXEDPOLYGONALFACE((69,85,12));
#2335=IFCINDEXEDPOLYGONALFACE((64,38,86));
#2336=IFCINDEXEDPOLYGONALFACE((37,86,38));
#2337=IFCINDEXEDPOLYGONALFACE((72,3,87));
#2338=IFCINDEXEDPOLYGONALFACE((2,87,3));
#2339=IFCINDEXEDPOLYGONALFACE((58,65,88));
#2340=IFCINDEXEDPOLYGONALFACE((62,88,65));
#2341=IFCINDEXEDPOLYGONALFACE((18,17,114));
#2342=IFCINDEXEDPOLYGONALFACE((101,16,112));
#2343=IFCINDEXEDPOLYGONALFACE((94,107,100));
#2344=IFCINDEXEDPOLYGONALFACE((111,35,34));
#2345=IFCINDEXEDPOLYGONALFACE((113,33,32));
#2346=IFCINDEXEDPOLYGONALFACE((108,110,103));
#2347=IFCINDEXEDPOLYGONALFACE((108,106,60,92));
#2348=IFCINDEXEDPOLYGONALFACE((95,101,112,89,111));
#2349=IFCINDEXEDPOLYGONALFACE((100,35,111));
#2350=IFCINDEXEDPOLYGONALFACE((113,96,105,114,90));
#2351=IFCINDEXEDPOLYGONALFACE((13,76,119));
#2352=IFCINDEXEDPOLYGONALFACE((35,100,36));
#2353=IFCINDEXEDPOLYGONALFACE((89,112,94,100,111));
#2354=IFCINDEXEDPOLYGONALFACE((95,34,33));
#2355=IFCINDEXEDPOLYGONALFACE((16,15,112));
#2356=IFCINDEXEDPOLYGONALFACE((29,28,97));
#2357=IFCINDEXEDPOLYGONALFACE((14,94,15));
#2358=IFCINDEXEDPOLYGONALFACE((96,32,31));
#2359=IFCINDEXEDPOLYGONALFACE((101,17,16));
#2360=IFCINDEXEDPOLYGONALFACE((109,37,36));
#2361=IFCINDEXEDPOLYGONALFACE((96,104,98,105));
#2362=IFCINDEXEDPOLYGONALFACE((90,114,101,95,113));
#2363=IFCINDEXEDPOLYGONALFACE((115,30,29));
#2364=IFCINDEXEDPOLYGONALFACE((105,19,18));
#2365=IFCINDEXEDPOLYGONALFACE((117,102,97,118,93));
#2366=IFCINDEXEDPOLYGONALFACE((21,102,22));
#2367=IFCINDEXEDPOLYGONALFACE((118,99,103,117,93));
#2368=IFCINDEXEDPOLYGONALFACE((91,116,98,104,115));
#2369=IFCINDEXEDPOLYGONALFACE((104,31,30));
#2370=IFCINDEXEDPOLYGONALFACE((118,28,27));
#2371=IFCINDEXEDPOLYGONALFACE((118,97,28));
#2372=IFCINDEXEDPOLYGONALFACE((24,110,1));
#2373=IFCINDEXEDPOLYGONALFACE((98,19,105));
#2374=IFCINDEXEDPOLYGONALFACE((21,20,116));
#2375=IFCINDEXEDPOLYGONALFACE((120,25,67,106));
#2376=IFCINDEXEDPOLYGONALFACE((76,56,107));
#2377=IFCINDEXEDPOLYGONALFACE((97,102,116,91,115));
#2378=IFCINDEXEDPOLYGONALFACE((113,95,33));
#2379=IFCINDEXEDPOLYGONALFACE((23,22,117));
#2380=IFCINDEXEDPOLYGONALFACE((107,109,100));
#2381=IFCINDEXEDPOLYGONALFACE((23,103,24));
#2382=IFCINDEXEDPOLYGONALFACE((27,26,99));
#2383=IFCINDEXEDPOLYGONALFACE((31,104,96));
#2384=IFCINDEXEDPOLYGONALFACE((98,20,19));
#2385=IFCINDEXEDPOLYGONALFACE((102,21,116));
#2386=IFCINDEXEDPOLYGONALFACE((103,23,117));
#2387=IFCINDEXEDPOLYGONALFACE((99,108,103));
#2388=IFCINDEXEDPOLYGONALFACE((76,107,119));
#2389=IFCINDEXEDPOLYGONALFACE((115,104,30));
#2390=IFCINDEXEDPOLYGONALFACE((114,105,18));
#2391=IFCINDEXEDPOLYGONALFACE((106,108,120));
#2392=IFCINDEXEDPOLYGONALFACE((107,56,109));
#2393=IFCINDEXEDPOLYGONALFACE((119,94,14));
#2394=IFCINDEXEDPOLYGONALFACE((108,92,110));
#2395=IFCINDEXEDPOLYGONALFACE((120,99,26));
#2396=IFCINDEXEDPOLYGONALFACE((37,109,56));
#2397=IFCINDEXEDPOLYGONALFACE((36,100,109));
#2398=IFCINDEXEDPOLYGONALFACE((110,92,70,1));
#2399=IFCINDEXEDPOLYGONALFACE((24,103,110));
#2400=IFCINDEXEDPOLYGONALFACE((95,111,34));
#2401=IFCINDEXEDPOLYGONALFACE((94,112,15));
#2402=IFCINDEXEDPOLYGONALFACE((96,113,32));
#2403=IFCINDEXEDPOLYGONALFACE((101,114,17));
#2404=IFCINDEXEDPOLYGONALFACE((97,115,29));
#2405=IFCINDEXEDPOLYGONALFACE((98,116,20));
#2406=IFCINDEXEDPOLYGONALFACE((102,117,22));
#2407=IFCINDEXEDPOLYGONALFACE((99,118,27));
#2408=IFCINDEXEDPOLYGONALFACE((94,119,107));
#2409=IFCINDEXEDPOLYGONALFACE((13,119,14));
#2410=IFCINDEXEDPOLYGONALFACE((99,120,108));
#2411=IFCINDEXEDPOLYGONALFACE((25,120,26));
#2412=IFCINDEXEDPOLYGONALFACE((50,49,52));
#2413=IFCINDEXEDPOLYGONALFACE((53,52,49,48));
#2414=IFCCARTESIANPOINTLIST3D(((-0.076199999999979187,-2.5042432163048784E-014,4.7363066378183438),(-0.073603547963206256,-0.01972201123683711,4.7363066378183438),(-0.065991135768353568,-0.038100000000025037,4.7363066378183438),(-0.053881536726394313,-0.053881536726440013,4.7363066378183438),(-0.038099999999979463,-0.065991135768399364,4.7363066378183438),(-0.019722011236791591,-0.073603547963252205,4.7363066378183438),(2.0456036864402449E-014,-0.076200000000025303,4.7363066378183438),(0.019722011236832537,-0.073603547963252386,4.7363066378183438),(0.038100000000020465,-0.065991135768399711,4.7363066378183438),(0.053881536726435433,-0.053881536726440513,4.7363066378183438),(0.065991135768394812,-0.038100000000025676,4.7363066378183438),(0.073603547963247695,-0.019722011236837825,4.7363066378183438),(0.076200000000020821,-2.5288641156192311E-014,4.7363066378183438),(0.07360354796324782,0.019722011236786779,4.7363066378183438),(0.065991135768395062,0.038099999999974682,4.7363066378183438),(0.053881536726435773,0.053881536726389602,4.7363066378183438),(0.038100000000020881,0.065991135768348905,4.7363066378183438),(0.019722011236832995,0.07360354796320169,4.7363066378183438),(2.0921331334022852E-014,0.076199999999974719,4.7363066378183438),(-0.01972201123679115,0.07360354796320176,4.7363066378183438),(-0.038099999999979053,0.065991135768349016,4.7363066378183438),(-0.053881536726393987,0.053881536726389762,4.7363066378183438),(-0.065991135768353332,0.038099999999974883,4.7363066378183438),(-0.073603547963206145,0.019722011236787011,4.7363066378183438),(-0.076199999999979187,-2.5076271760840387E-014,3.2257732062143551),(-0.073603547963206145,0.019722011236787011,3.2257732062143551),(-0.065991135768353332,0.038099999999974883,3.2257732062143551),(-0.053881536726393987,0.053881536726389762,3.2257732062143551),(-0.038099999999979053,0.065991135768349016,3.2257732062143551),(-0.01972201123679115,0.07360354796320176,3.2257732062143551),(2.0921331334022852E-014,0.076199999999974719,3.2257732062143551),(0.019722011236832995,0.07360354796320169,3.2257732062143551),(0.038100000000020881,0.065991135768348905,3.2257732062143551),(0.053881536726435773,0.053881536726389602,3.2257732062143551),(0.065991135768395062,0.038099999999974682,3.2257732062143551),(0.07360354796324782,0.019722011236786779,3.2257732062143551),(0.076200000000020821,-2.5713379946898124E-014,3.2257732062143551),(0.073870227467938809,-0.01869838211822079,3.2257732062143551),(0.067024867622629422,-0.036250615445446242,3.2257732062143551),(0.056082750491613972,-0.051586481730200577,3.2257732062143551),(0.041713579080322728,-0.063768466504336013,3.2257732062143551),(0.024795967116061003,-0.072052758550827864,3.2257732062143551),(0.0063639231143951813,-0.075933790124016409,3.2257732062143551),(-0.012456300737814089,-0.075174999647039678,3.2257732062143551),(-0.030514956496291448,-0.069823186908302179,3.2257732062143551),(-0.046708956651325483,-0.06020559250223935,3.2257732062143551),(-0.0600491683107141,-0.046909885793843094,3.2257732062143551),(-0.069718667252556488,-0.030753006950962797,3.2257732062143551),(-0.06971866725255646,-0.030116942982300374,3.2257732062143551),(-0.069995783768734804,-0.030116942982300367,3.2257732062143551),(-0.074628254281185316,-0.015396871855686075,3.2257732062143551),(-0.06999578376873497,-0.030116942982299996,3.2270548701016799),(-0.069857949443053846,-0.030435290365139679,3.2264173863454046),(-0.068886287520592226,-0.032574827576352258,3.9874912617820399),(-0.069416197835864529,-0.031429786477334166,3.6071027401451641),(0.076200000000020821,-2.5944937293690301E-014,3.8353732070909468),(0.062029578494986186,-0.044258009351293322,3.9745245058545406),(-0.038910252128829724,-0.065516656502545956,3.964854642257619),(0.015700327748097681,-0.074565003242853409,3.9678265454374979),(-0.076199999999979187,-2.5042432163048784E-014,3.9810399220163495),(-0.05757476592715853,-0.049915792375089404,3.7579732575878806),(-0.0099460958342528806,-0.075548098438407207,4.1482135221455563),(0.04638762089722729,-0.060453524525044114,4.205889276260188),(0.070992092368955095,-0.027686870915329218,3.6991351103587085),(-0.021651621459873472,-0.073059203993481481,3.695544838248475),(0.033511748799792546,-0.068435390642447996,3.6966478402242466),(-0.076199999999979187,-2.5042432163048784E-014,3.5305751876787808),(-0.074337151695519604,-0.016745980944544894,3.8269638294629207),(0.07039962037970765,-0.029160477540627772,4.2827681805794748),(-0.076199999999979187,-2.5042432163048784E-014,4.4315046563539182),(-0.073888420447499076,-0.018626360991118685,4.2808871538401405),(-0.060453524521078592,-0.046387620902339666,4.3014518783633617),(0.0291604775533451,-0.070399620374442584,4.3161639342507208),(-0.0030697242561423315,-0.076138142826017066,3.6183569799330244),(0.049276066277929728,-0.058123225066904774,3.6185767523784484),(0.076200000000020821,-2.606603580482828E-014,4.2858399224546444),(-0.02916047753665401,-0.070399620381339012,4.3435381432591553),(-0.046387620881365485,-0.060453524537183369,4.3569899871544999),(0.074743913571713436,-0.014825227957373663,4.0606065648178449),(0.062029578494625807,-0.044258009351798425,3.5671540958747636),(0.0099460958546138904,-0.075548098435732111,4.3756397127639639),(-0.038910252129888787,-0.065516656501916973,3.5619040355674438),(0.015700327747261236,-0.074565003243029532,3.5635182404466192),(0.06045352453341378,-0.046387620886318377,4.3890410040012489),(0.074920279280864963,-0.013906536322212578,4.4126805969920886),(0.074965122212385632,-0.013662739538097707,3.7176299795061181),(-0.068625508042662764,-0.033120683052818331,4.3591143036872939),(-0.02610562775177808,-0.071588659714288044,4.0147280181645444),(0.060453524419503017,0.046387621034719197,3.9810399240224599),(0.029160477499307183,0.070399620396775248,3.981039922045702),(-0.029160477561857613,0.070399620370848778,3.9810399219096575),(-0.076199999999979187,-2.5042432163048784E-014,4.12670768813532),(-0.060453524559279069,0.046387620852505258,3.9810399222047685),(0.070399620289178594,0.029160477759133673,4.2492027929878491),(0.046387620828946013,0.060453524577387611,3.7128770566374598),(0.0099460958185898628,0.075548098440424177,3.7128770570332055),(-0.046387620899472813,0.060453524523238558,3.7128770569272924),(-0.0099460959139854865,0.075548098427859631,4.2492027876744167),(-0.070399620380132519,0.029160477539451012,3.7128770563921383),(0.070399620212506522,0.029160477944236412,3.7105591279628771),(0.046387620752367215,0.060453524636148587,4.2515207223692473),(-0.046387620922733568,0.060453524505389954,4.2515207217540993),(-0.070399620387671655,0.029160477521249905,4.251520721413943),(-0.0099460958653278513,0.075548098434265534,3.6390618720097865),(0.0099460957700012228,0.075548098446821005,4.3230179723809723),(-0.076199999999979187,-2.5042432163048784E-014,3.6762404471748371),(0.074823702406668524,0.014417127250624233,4.060606586047637),(-0.074823702429496167,0.014417127131934663,3.9014732787969129),(0.074849386731418735,0.014283182626183524,3.694114753381434),(-0.074849386826671388,0.014283182126804709,4.2679651132415479),(0.060453524449344369,0.046387620995829208,3.5669164002945783),(0.060453524430213366,0.046387621020761195,4.3951634460156495),(0.029160477513071766,0.070399620391073767,3.5669163995292776),(0.029160477463305141,0.070399620411687777,4.3951634445476593),(-0.029160477557187533,0.070399620372783175,3.5669163996700468),(-0.029160477580857897,0.070399620362978602,4.3951634442459211),(-0.060453524544718966,0.046387620871480358,4.3951634443368537),(-0.060453524534562035,0.046387620884717123,3.5669163999022566),(0.07492253385721083,0.013894384492215302,4.412983834409709),(-0.074922533839777927,0.013894384585994074,3.549096020776072)));
#2415=IFCPOLYGONALFACESET(#2414,.T.,(#2246,#2247,#2248,#2249,#2250,#2251,#2252,#2253,#2254,#2255,#2256,#2257,#2258,#2259,#2260,#2261,#2262,#2263,#2264,#2265,#2266,#2267,#2268,#2269,#2270,#2271,#2272,#2273,#2274,#2275,#2276,#2277,#2278,#2279,#2280,#2281,#2282,#2283,#2284,#2285,#2286,#2287,#2288,#2289,#2290,#2291,#2292,#2293,#2294,#2295,#2296,#2297,#2298,#2299,#2300,#2301,#2302,#2303,#2304,#2305,#2306,#2307,#2308,#2309,#2310,#2311,#2312,#2313,#2314,#2315,#2316,#2317,#2318,#2319,#2320,#2321,#2322,#2323,#2324,#2325,#2326,#2327,#2328,#2329,#2330,#2331,#2332,#2333,#2334,#2335,#2336,#2337,#2338,#2339,#2340,#2341,#2342,#2343,#2344,#2345,#2346,#2347,#2348,#2349,#2350,#2351,#2352,#2353,#2354,#2355,#2356,#2357,#2358,#2359,#2360,#2361,#2362,#2363,#2364,#2365,#2366,#2367,#2368,#2369,#2370,#2371,#2372,#2373,#2374,#2375,#2376,#2377,#2378,#2379,#2380,#2381,#2382,#2383,#2384,#2385,#2386,#2387,#2388,#2389,#2390,#2391,#2392,#2393,#2394,#2395,#2396,#2397,#2398,#2399,#2400,#2401,#2402,#2403,#2404,#2405,#2406,#2407,#2408,#2409,#2410,#2411,#2412,#2413),$);
#2416=IFCINDEXEDCOLOURMAP(#2415,1.,#2245,(1,1,1,1,1,1,1,1,1,1,1,1,1,1,1,1,1,1,1,1,1,1,1,1,1,1,1,1,1,1,1,1,1,1,1,1,1,1,1,1,1,1,1,1,1,1,1,1,1,1,1,1,1,1,1,1,1,1,1,1,1,1,1,1,1,1,1,1,1,1,1,1,1,1,1,1,1,1,1,1,1,1,1,1,1,1,1,1,1,1,1,1,1,1,1,1,1,1,1,1,1,1,1,1,1,1,1,1,1,1,1,1,1,1,1,1,1,1,1,1,1,1,1,1,1,1,1,1,1,1,1,1,1,1,1,1,1,1,1,1,1,1,1,1,1,1,1,1,1,1,1,1,1,1,1,1,1,1,1,1,1,1,1,1,1,1,1,1));
#2417=IFCSTYLEDITEM(#2415,(#468),$);
#2418=IFCCOLOURRGBLIST(((0.,0.,0.)));
#2419=IFCINDEXEDPOLYGONALFACE((25,26,27,28,29,30,31,32,1,2,3,4,5,6,7,8,9,10,11,12,13,14,15,16,17,18,19,20,21,22,23,24));
#2420=IFCINDEXEDPOLYGONALFACE((35,36,37,38,39,40,41,42,43,44,45,46,47,48,49,50,51,52,53,54,55,56,57,58,59,60,61,62,63,64,33,34));
#2421=IFCINDEXEDPOLYGONALFACE((1,32,34,33));
#2422=IFCINDEXEDPOLYGONALFACE((26,25,65,66,41,40));
#2423=IFCINDEXEDPOLYGONALFACE((10,9,57,56));
#2424=IFCINDEXEDPOLYGONALFACE((66,67,42,41));
#2425=IFCINDEXEDPOLYGONALFACE((17,16,50,49));
#2426=IFCINDEXEDPOLYGONALFACE((9,8,58,57));
#2427=IFCINDEXEDPOLYGONALFACE((25,24,68,65));
#2428=IFCINDEXEDPOLYGONALFACE((23,43,42,67,68,24));
#2429=IFCINDEXEDPOLYGONALFACE((8,7,59,58));
#2430=IFCINDEXEDPOLYGONALFACE((27,39,38,28));
#2431=IFCINDEXEDPOLYGONALFACE((28,38,37,29));
#2432=IFCINDEXEDPOLYGONALFACE((40,39,27,26));
#2433=IFCINDEXEDPOLYGONALFACE((30,36,35,31));
#2434=IFCINDEXEDPOLYGONALFACE((31,35,34,32));
#2435=IFCINDEXEDPOLYGONALFACE((29,37,36,30));
#2436=IFCINDEXEDPOLYGONALFACE((18,17,49,48));
#2437=IFCINDEXEDPOLYGONALFACE((19,18,48,47));
#2438=IFCINDEXEDPOLYGONALFACE((47,46,20,19));
#2439=IFCINDEXEDPOLYGONALFACE((22,21,45,44));
#2440=IFCINDEXEDPOLYGONALFACE((23,22,44,43));
#2441=IFCINDEXEDPOLYGONALFACE((46,45,21,20));
#2442=IFCINDEXEDPOLYGONALFACE((11,10,56,55));
#2443=IFCINDEXEDPOLYGONALFACE((12,11,55,54));
#2444=IFCINDEXEDPOLYGONALFACE((54,53,13,12));
#2445=IFCINDEXEDPOLYGONALFACE((15,14,52,51));
#2446=IFCINDEXEDPOLYGONALFACE((16,15,51,50));
#2447=IFCINDEXEDPOLYGONALFACE((53,52,14,13));
#2448=IFCINDEXEDPOLYGONALFACE((2,64,63,3));
#2449=IFCINDEXEDPOLYGONALFACE((3,63,62,4));
#2450=IFCINDEXEDPOLYGONALFACE((33,64,2,1));
#2451=IFCINDEXEDPOLYGONALFACE((5,61,60,6));
#2452=IFCINDEXEDPOLYGONALFACE((6,60,59,7));
#2453=IFCINDEXEDPOLYGONALFACE((4,62,61,5));
#2454=IFCINDEXEDPOLYGONALFACE((66,65,68,67));
#2455=IFCCARTESIANPOINTLIST3D(((-0.1436364004820482,-0.2147174625172584,3.5916163909673777),(-0.14363640048204818,-0.2090234435250031,3.5908667591457375),(-0.14363640048204809,-0.20371746251725867,3.5886689498506357),(-0.14363640048204804,-0.19916111333115474,3.5851727401534825),(-0.14363640048204795,-0.19566490363400121,3.580616390967378),(-0.1436364004820479,-0.19346709433889936,3.5753104099596338),(-0.14363640048204784,-0.19271746251725888,3.5696163909673784),(-0.14363640048204643,-0.19271746251725885,3.4316163909673785),(-0.14363640048204643,-0.1947174625172588,3.4316163909673785),(-0.14363640048204784,-0.19471746251725888,3.5696163909673784),(-0.14363640048204793,-0.1953989459914775,3.5747927718694288),(-0.14363640048204795,-0.19739695444157004,3.5796163909673782),(-0.14363640048204804,-0.20057532689352772,3.5837585265911094),(-0.14363640048204809,-0.20471746251725856,3.5869368990430668),(-0.14363640048204815,-0.20954108161520801,3.5889349074931594),(-0.14363640048204818,-0.21471746251725823,3.5896163909673775),(-0.1436364004820492,-0.37571746251725918,3.5896163909673784),(-0.14363640048204923,-0.38089384341930949,3.5889349074931594),(-0.14363640048204923,-0.38571746251725897,3.5869368990430668),(-0.14363640048204923,-0.3898595981409898,3.5837585265911094),(-0.14363640048204923,-0.39303797059294754,3.5796163909673782),(-0.14363640048204918,-0.39503597904304011,3.5747927718694288),(-0.14363640048204915,-0.3957174625172587,3.5696163909673784),(-0.14363640048204743,-0.3957174625172587,3.40324568773823),(-0.14363640048204743,-0.3977174625172587,3.4032456877382304),(-0.14363640048204915,-0.3977174625172587,3.5696163909673784),(-0.1436364004820492,-0.39696783069561825,3.5753104099596333),(-0.14363640048204923,-0.39477002140051648,3.580616390967378),(-0.14363640048204926,-0.39127381170336301,3.5851727401534816),(-0.14363640048204926,-0.38671746251725908,3.5886689498506352),(-0.14363640048204926,-0.3814114815095147,3.5908667591457375),(-0.14363640048204923,-0.37571746251725935,3.5916163909673777),(-0.020482636741925388,-0.21471746251725901,3.5916163909673795),(-0.020482636741926411,-0.37571746251726013,3.5916163909673786),(-0.020482636741926435,-0.38141148150951548,3.5908667591457384),(-0.020482636741926449,-0.38671746251725986,3.5886689498506366),(-0.020482636741926439,-0.39127381170336378,3.585172740153483),(-0.020482636741926418,-0.39477002140051731,3.5806163909673789),(-0.020482636741926376,-0.39696783069561908,3.5753104099596347),(-0.020482636741926321,-0.39771746251725953,3.5696163909673793),(-0.020482636741924597,-0.39771746251725953,3.4016163909673423),(-0.020482636741924583,-0.39571746251725953,3.4016163909673423),(-0.020482636741926311,-0.39571746251725953,3.5696163909673793),(-0.020482636741926359,-0.39503597904304094,3.5747927718694297),(-0.020482636741926397,-0.39303797059294837,3.5796163909673795),(-0.020482636741926418,-0.38985959814099058,3.5837585265911103),(-0.020482636741926425,-0.38571746251725975,3.5869368990430681),(-0.020482636741926415,-0.38089384341931032,3.5889349074931607),(-0.02048263674192639,-0.37571746251726013,3.5896163909673793),(-0.02048263674192537,-0.21471746251725904,3.5896163909673793),(-0.020482636741925329,-0.20954108161520879,3.5889349074931607),(-0.020482636741925277,-0.20471746251725934,3.5869368990430681),(-0.020482636741925218,-0.2005753268935285,3.5837585265911103),(-0.020482636741925155,-0.19739695444157082,3.5796163909673795),(-0.020482636741925096,-0.19539894599147828,3.5747927718694297),(-0.020482636741925037,-0.19471746251725958,3.5696163909673793),(-0.020482636741923618,-0.19471746251725958,3.4316163909673794),(-0.020482636741923608,-0.19271746251725963,3.4316163909673794),(-0.020482636741925023,-0.19271746251725963,3.5696163909673793),(-0.020482636741925086,-0.19346709433890014,3.5753104099596351),(-0.020482636741925155,-0.19566490363400199,3.5806163909673789),(-0.020482636741925225,-0.19916111333115552,3.5851727401534834),(-0.020482636741925291,-0.20371746251725945,3.588668949850637),(-0.020482636741925346,-0.20902344352500388,3.5908667591457384),(-0.10809109569015241,-0.39771746251725892,3.40324568773823),(-0.10773881530725755,-0.39771746251725892,3.4016163909673418),(-0.10773881530725755,-0.39571746251725892,3.4016163909673418),(-0.10809109569015241,-0.39571746251725892,3.40324568773823)));
#2456=IFCPOLYGONALFACESET(#2455,.T.,(#2419,#2420,#2421,#2422,#2423,#2424,#2425,#2426,#2427,#2428,#2429,#2430,#2431,#2432,#2433,#2434,#2435,#2436,#2437,#2438,#2439,#2440,#2441,#2442,#2443,#2444,#2445,#2446,#2447,#2448,#2449,#2450,#2451,#2452,#2453,#2454),$);
#2457=IFCINDEXEDCOLOURMAP(#2456,1.,#2418,(1,1,1,1,1,1,1,1,1,1,1,1,1,1,1,1,1,1,1,1,1,1,1,1,1,1,1,1,1,1,1,1,1,1,1,1));
#2458=IFCSTYLEDITEM(#2456,(#468),$);
#2459=IFCCOLOURRGBLIST(((0.,0.,0.)));
#2460=IFCINDEXEDPOLYGONALFACE((3,4,5,6,7,8,9,10,11,12,13,14,15,16,17,18,19,20,21,22,23,24,25,26,27,28,29,30,31,32,1,2));
#2461=IFCINDEXEDPOLYGONALFACE((33,34,2,1));
#2462=IFCINDEXEDPOLYGONALFACE((35,36,9,8));
#2463=IFCINDEXEDPOLYGONALFACE((41,42,25,24));
#2464=IFCINDEXEDPOLYGONALFACE((36,37,10,9));
#2465=IFCINDEXEDPOLYGONALFACE((39,40,18,17));
#2466=IFCINDEXEDPOLYGONALFACE((42,43,26,25));
#2467=IFCINDEXEDPOLYGONALFACE((37,38,11,10));
#2468=IFCINDEXEDPOLYGONALFACE((43,44,27,26));
#2469=IFCINDEXEDPOLYGONALFACE((50,8,7));
#2470=IFCINDEXEDPOLYGONALFACE((49,7,6));
#2471=IFCINDEXEDPOLYGONALFACE((35,8,50));
#2472=IFCINDEXEDPOLYGONALFACE((49,50,7));
#2473=IFCINDEXEDPOLYGONALFACE((48,49,6));
#2474=IFCINDEXEDPOLYGONALFACE((6,5,48));
#2475=IFCINDEXEDPOLYGONALFACE((47,5,4));
#2476=IFCINDEXEDPOLYGONALFACE((46,4,3));
#2477=IFCINDEXEDPOLYGONALFACE((45,3,2));
#2478=IFCINDEXEDPOLYGONALFACE((47,4,46));
#2479=IFCINDEXEDPOLYGONALFACE((45,46,3));
#2480=IFCINDEXEDPOLYGONALFACE((34,45,2));
#2481=IFCINDEXEDPOLYGONALFACE((5,47,48));
#2482=IFCINDEXEDPOLYGONALFACE((56,39,17));
#2483=IFCINDEXEDPOLYGONALFACE((55,56,16));
#2484=IFCINDEXEDPOLYGONALFACE((16,56,17));
#2485=IFCINDEXEDPOLYGONALFACE((14,54,15));
#2486=IFCINDEXEDPOLYGONALFACE((55,16,15));
#2487=IFCINDEXEDPOLYGONALFACE((55,15,54));
#2488=IFCINDEXEDPOLYGONALFACE((52,53,13));
#2489=IFCINDEXEDPOLYGONALFACE((51,52,12));
#2490=IFCINDEXEDPOLYGONALFACE((38,51,11));
#2491=IFCINDEXEDPOLYGONALFACE((13,53,14));
#2492=IFCINDEXEDPOLYGONALFACE((12,52,13));
#2493=IFCINDEXEDPOLYGONALFACE((12,11,51));
#2494=IFCINDEXEDPOLYGONALFACE((54,14,53));
#2495=IFCINDEXEDPOLYGONALFACE((61,62,23));
#2496=IFCINDEXEDPOLYGONALFACE((60,61,22));
#2497=IFCINDEXEDPOLYGONALFACE((24,62,41));
#2498=IFCINDEXEDPOLYGONALFACE((23,62,24));
#2499=IFCINDEXEDPOLYGONALFACE((23,22,61));
#2500=IFCINDEXEDPOLYGONALFACE((22,21,60));
#2501=IFCINDEXEDPOLYGONALFACE((58,59,20));
#2502=IFCINDEXEDPOLYGONALFACE((19,57,58));
#2503=IFCINDEXEDPOLYGONALFACE((57,18,40));
#2504=IFCINDEXEDPOLYGONALFACE((20,59,21));
#2505=IFCINDEXEDPOLYGONALFACE((19,58,20));
#2506=IFCINDEXEDPOLYGONALFACE((19,18,57));
#2507=IFCINDEXEDPOLYGONALFACE((60,21,59));
#2508=IFCINDEXEDPOLYGONALFACE((68,1,32));
#2509=IFCINDEXEDPOLYGONALFACE((67,32,31));
#2510=IFCINDEXEDPOLYGONALFACE((33,1,68));
#2511=IFCINDEXEDPOLYGONALFACE((68,32,67));
#2512=IFCINDEXEDPOLYGONALFACE((31,66,67));
#2513=IFCINDEXEDPOLYGONALFACE((31,30,66));
#2514=IFCINDEXEDPOLYGONALFACE((65,30,29));
#2515=IFCINDEXEDPOLYGONALFACE((64,29,28));
#2516=IFCINDEXEDPOLYGONALFACE((63,28,27));
#2517=IFCINDEXEDPOLYGONALFACE((65,29,64));
#2518=IFCINDEXEDPOLYGONALFACE((64,28,63));
#2519=IFCINDEXEDPOLYGONALFACE((27,44,63));
#2520=IFCINDEXEDPOLYGONALFACE((30,65,66));
#2521=IFCINDEXEDPOLYGONALFACE((58,57,40,39,56,55,54,53,52,51,38,37,36,35,50,49,48,47,46,45,34,33,68,67,66,65,64,63,44,43,42,41,62,61,60,59));
#2522=IFCCARTESIANPOINTLIST3D(((-0.020482636741923764,-0.21471746251725934,3.3916163909673793),(-0.020482636741924787,-0.37571746251726046,3.3916163909673789),(-0.020482636741924812,-0.38141148150951582,3.3908667591457387),(-0.020482636741924826,-0.38671746251726019,3.3886689498506364),(-0.020482636741924815,-0.39127381170336412,3.3851727401534828),(-0.020482636741924794,-0.39477002140051765,3.3806163909673792),(-0.020482636741924753,-0.39696783069561942,3.3753104099596345),(-0.020482636741924697,-0.39771746251725987,3.3696163909673795),(-0.020482636741922973,-0.39771746251725987,3.2016163909673425),(-0.020482636741922959,-0.39571746251725987,3.2016163909673425),(-0.020482636741924683,-0.39571746251725987,3.3696163909673795),(-0.020482636741924735,-0.39503597904304127,3.3747927718694299),(-0.020482636741924774,-0.3930379705929487,3.3796163909673793),(-0.020482636741924794,-0.38985959814099092,3.3837585265911101),(-0.020482636741924798,-0.38571746251726008,3.3869368990430679),(-0.020482636741924791,-0.3808938434193106,3.3889349074931605),(-0.020482636741924767,-0.37571746251726046,3.3896163909673791),(-0.020482636741923747,-0.21471746251725937,3.3896163909673791),(-0.020482636741923705,-0.20954108161520912,3.3889349074931605),(-0.020482636741923653,-0.2047174625172597,3.3869368990430679),(-0.020482636741923594,-0.20057532689352883,3.3837585265911101),(-0.020482636741923532,-0.19739695444157115,3.3796163909673793),(-0.020482636741923473,-0.19539894599147861,3.3747927718694299),(-0.02048263674192341,-0.19471746251725994,3.3696163909673795),(-0.020482636741921995,-0.19471746251725994,3.2316163909673796),(-0.020482636741921981,-0.19271746251725996,3.2316163909673796),(-0.0204826367419234,-0.19271746251725996,3.3696163909673795),(-0.020482636741923462,-0.1934670943389005,3.3753104099596349),(-0.020482636741923532,-0.19566490363400232,3.3806163909673792),(-0.020482636741923601,-0.19916111333115585,3.3851727401534832),(-0.020482636741923667,-0.20371746251725978,3.3886689498506368),(-0.020482636741923719,-0.20902344352500421,3.3908667591457387),(-0.10557665314510285,-0.21471746251725879,3.3916163909673789),(-0.10557665314510321,-0.3757174625172599,3.3916163909673784),(-0.10081989638834679,-0.39771746251725931,3.3696163909673791),(-0.064495572064014309,-0.39771746251725959,3.2016163909673416),(-0.064495572064014323,-0.39571746251725959,3.2016163909673416),(-0.10081989638834665,-0.39571746251725931,3.3696163909673791),(-0.10514422071267089,-0.37571746251725974,3.3896163909673787),(-0.10514422071267021,-0.21471746251725879,3.3896163909673782),(-0.10081989638834599,-0.19471746251725941,3.3696163909673782),(-0.07098205855050814,-0.19471746251725963,3.2316163909673787),(-0.07098205855050814,-0.19271746251725966,3.2316163909673787),(-0.10081989638834599,-0.19271746251725949,3.3696163909673791),(-0.10545739132196817,-0.380612923064299,3.3910648050353784),(-0.10510558613836891,-0.38526290477784636,3.3894377060612317),(-0.10453887857522159,-0.38943423815815242,3.3868166835816749),(-0.10378568571610713,-0.39291775513155702,3.3833331666082707),(-0.10288377579604099,-0.39553877761111356,3.3791618332279647),(-0.1018783743444632,-0.39716587658526048,3.3745118515144172),(-0.1017821490757254,-0.39521602076089668,3.3740668096465054),(-0.10269615039534156,-0.3937368398753085,3.37829406574973),(-0.10351606850449255,-0.3913540921666207,3.3820861870045533),(-0.1042007892855057,-0.3881872585544347,3.3852530206167395),(-0.10471597797927597,-0.38439513729961106,3.3876357683254268),(-0.10503580087345711,-0.38016788119638628,3.3891149492110149),(-0.10503580087345646,-0.21026704383813269,3.3891149492110144),(-0.1047159779792752,-0.2060397877349083,3.3876357683254259),(-0.10420078928550487,-0.20224766648008516,3.3852530206167382),(-0.1035160685044917,-0.19908083286789938,3.382086187004552),(-0.10269615039534072,-0.19669808515921186,3.3782940657497287),(-0.10178214907572457,-0.19521890427362396,3.3740668096465041),(-0.10187837434446248,-0.19326904844926046,3.3745118515144172),(-0.10288377579604023,-0.19489614742340725,3.3791618332279643),(-0.1037856857161063,-0.19751716990296356,3.3833331666082698),(-0.10453887857522079,-0.20100068687636782,3.3868166835816744),(-0.10510558613836815,-0.20517202025667314,3.3894377060612313),(-0.10545739132196752,-0.20982200197022013,3.391064805035378)));
#2523=IFCPOLYGONALFACESET(#2522,.T.,(#2460,#2461,#2462,#2463,#2464,#2465,#2466,#2467,#2468,#2469,#2470,#2471,#2472,#2473,#2474,#2475,#2476,#2477,#2478,#2479,#2480,#2481,#2482,#2483,#2484,#2485,#2486,#2487,#2488,#2489,#2490,#2491,#2492,#2493,#2494,#2495,#2496,#2497,#2498,#2499,#2500,#2501,#2502,#2503,#2504,#2505,#2506,#2507,#2508,#2509,#2510,#2511,#2512,#2513,#2514,#2515,#2516,#2517,#2518,#2519,#2520,#2521),$);
#2524=IFCINDEXEDCOLOURMAP(#2523,1.,#2459,(1,1,1,1,1,1,1,1,1,1,1,1,1,1,1,1,1,1,1,1,1,1,1,1,1,1,1,1,1,1,1,1,1,1,1,1,1,1,1,1,1,1,1,1,1,1,1,1,1,1,1,1,1,1,1,1,1,1,1,1,1,1));
#2525=IFCSTYLEDITEM(#2523,(#468),$);
#2526=IFCCOLOURRGBLIST(((0.,0.,0.)));
#2527=IFCINDEXEDPOLYGONALFACE((4,1,2,3));
#2528=IFCINDEXEDPOLYGONALFACEWITHVOIDS((1,19,5,6,7,8,9,10,11,12,13,14,15,16,17,18,2),((51,52,53,54,55,56,57,58,59,60,61,62,63,64,65,66,67,68,69,44,45,46,47,48,49,50),(43,20,21,22,23,24,25,26,27,28,29,30,31,32,33,34,35,36,37,38,39,40,41,42)));
#2529=IFCINDEXEDPOLYGONALFACEWITHVOIDS((84,85,86,70,71,72,73,74,75,76,77,78,79,80,81,82,83),((111,112,113,114,115,116,117,118,119,120,121,122,123,124,125,126,127,128,129,130,131,132,133,134,135,136),(99,100,101,102,103,104,105,106,107,108,109,110,87,88,89,90,91,92,93,94,95,96,97,98)));
#2530=IFCINDEXEDPOLYGONALFACE((5,19,71,138));
#2531=IFCINDEXEDPOLYGONALFACE((71,70,138));
#2532=IFCINDEXEDPOLYGONALFACE((19,1,4,72,71));
#2533=IFCINDEXEDPOLYGONALFACE((47,46,135,134));
#2534=IFCINDEXEDPOLYGONALFACE((4,3,73,72));
#2535=IFCINDEXEDPOLYGONALFACE((69,68,113,112));
#2536=IFCINDEXEDPOLYGONALFACE((2,18,74,73,3));
#2537=IFCINDEXEDPOLYGONALFACE((13,12,80,79));
#2538=IFCINDEXEDPOLYGONALFACE((106,105,26,25));
#2539=IFCINDEXEDPOLYGONALFACE((14,13,79,78));
#2540=IFCINDEXEDPOLYGONALFACE((107,106,25,24));
#2541=IFCINDEXEDPOLYGONALFACE((15,14,78,77));
#2542=IFCINDEXEDPOLYGONALFACE((108,107,24,23));
#2543=IFCINDEXEDPOLYGONALFACE((16,15,77,76));
#2544=IFCINDEXEDPOLYGONALFACE((109,108,23,22));
#2545=IFCINDEXEDPOLYGONALFACE((17,16,76,75));
#2546=IFCINDEXEDPOLYGONALFACE((21,110,109,22));
#2547=IFCINDEXEDPOLYGONALFACE((18,17,75,74));
#2548=IFCINDEXEDPOLYGONALFACE((20,87,110,21));
#2549=IFCINDEXEDPOLYGONALFACE((12,11,141,81,80));
#2550=IFCINDEXEDPOLYGONALFACE((143,70,86));
#2551=IFCINDEXEDPOLYGONALFACE((140,144,10));
#2552=IFCINDEXEDPOLYGONALFACE((137,8,7));
#2553=IFCINDEXEDPOLYGONALFACE((85,137,139));
#2554=IFCINDEXEDPOLYGONALFACE((142,8,137));
#2555=IFCINDEXEDPOLYGONALFACE((6,5,143));
#2556=IFCINDEXEDPOLYGONALFACE((86,85,139));
#2557=IFCINDEXEDPOLYGONALFACE((139,137,7));
#2558=IFCINDEXEDPOLYGONALFACE((139,6,143));
#2559=IFCINDEXEDPOLYGONALFACE((143,138,70));
#2560=IFCINDEXEDPOLYGONALFACE((137,85,84));
#2561=IFCINDEXEDPOLYGONALFACE((81,141,11,144));
#2562=IFCINDEXEDPOLYGONALFACE((10,9,140));
#2563=IFCINDEXEDPOLYGONALFACE((82,81,144));
#2564=IFCINDEXEDPOLYGONALFACE((138,143,5));
#2565=IFCINDEXEDPOLYGONALFACE((6,139,7));
#2566=IFCINDEXEDPOLYGONALFACE((83,142,84));
#2567=IFCINDEXEDPOLYGONALFACE((9,142,140));
#2568=IFCINDEXEDPOLYGONALFACE((83,82,140));
#2569=IFCINDEXEDPOLYGONALFACE((144,140,82));
#2570=IFCINDEXEDPOLYGONALFACE((83,140,142));
#2571=IFCINDEXEDPOLYGONALFACE((139,143,86));
#2572=IFCINDEXEDPOLYGONALFACE((9,8,142));
#2573=IFCINDEXEDPOLYGONALFACE((10,144,11));
#2574=IFCINDEXEDPOLYGONALFACE((137,84,142));
#2575=IFCINDEXEDPOLYGONALFACE((98,97,34,33));
#2576=IFCINDEXEDPOLYGONALFACE((99,98,33,32));
#2577=IFCINDEXEDPOLYGONALFACE((95,94,37,36));
#2578=IFCINDEXEDPOLYGONALFACE((96,95,36,35));
#2579=IFCINDEXEDPOLYGONALFACE((97,96,35,34));
#2580=IFCINDEXEDPOLYGONALFACE((94,93,38,37));
#2581=IFCINDEXEDPOLYGONALFACE((40,39,92,91));
#2582=IFCINDEXEDPOLYGONALFACE((41,40,91,90));
#2583=IFCINDEXEDPOLYGONALFACE((88,87,20,43));
#2584=IFCINDEXEDPOLYGONALFACE((90,89,42,41));
#2585=IFCINDEXEDPOLYGONALFACE((43,42,89,88));
#2586=IFCINDEXEDPOLYGONALFACE((39,38,93,92));
#2587=IFCINDEXEDPOLYGONALFACE((29,28,103,102));
#2588=IFCINDEXEDPOLYGONALFACE((104,103,28,27));
#2589=IFCINDEXEDPOLYGONALFACE((31,30,101,100));
#2590=IFCINDEXEDPOLYGONALFACE((102,101,30,29));
#2591=IFCINDEXEDPOLYGONALFACE((32,31,100,99));
#2592=IFCINDEXEDPOLYGONALFACE((104,27,26,105));
#2593=IFCINDEXEDPOLYGONALFACE((44,69,112,111));
#2594=IFCINDEXEDPOLYGONALFACE((117,116,65,64));
#2595=IFCINDEXEDPOLYGONALFACE((66,65,116,115));
#2596=IFCINDEXEDPOLYGONALFACE((114,113,68,67));
#2597=IFCINDEXEDPOLYGONALFACE((115,114,67,66));
#2598=IFCINDEXEDPOLYGONALFACE((64,63,118,117));
#2599=IFCINDEXEDPOLYGONALFACE((57,56,125,124));
#2600=IFCINDEXEDPOLYGONALFACE((63,62,119,118));
#2601=IFCINDEXEDPOLYGONALFACE((62,61,120,119));
#2602=IFCINDEXEDPOLYGONALFACE((59,58,123,122));
#2603=IFCINDEXEDPOLYGONALFACE((53,52,129,128));
#2604=IFCINDEXEDPOLYGONALFACE((61,60,121,120));
#2605=IFCINDEXEDPOLYGONALFACE((60,59,122,121));
#2606=IFCINDEXEDPOLYGONALFACE((54,53,128,127));
#2607=IFCINDEXEDPOLYGONALFACE((58,57,124,123));
#2608=IFCINDEXEDPOLYGONALFACE((56,55,126,125));
#2609=IFCINDEXEDPOLYGONALFACE((55,54,127,126));
#2610=IFCINDEXEDPOLYGONALFACE((52,51,130,129));
#2611=IFCINDEXEDPOLYGONALFACE((51,50,131,130));
#2612=IFCINDEXEDPOLYGONALFACE((50,49,132,131));
#2613=IFCINDEXEDPOLYGONALFACE((45,44,111,136));
#2614=IFCINDEXEDPOLYGONALFACE((49,48,133,132));
#2615=IFCINDEXEDPOLYGONALFACE((48,47,134,133));
#2616=IFCINDEXEDPOLYGONALFACE((46,45,136,135));
#2617=IFCCARTESIANPOINTLIST3D(((-0.069432636741921933,-0.39571746251724832,3.2244503151026649),(-0.069432636741920573,-0.1947174625172485,3.2244503151026613),(-0.064495572064013504,-0.1947174625172485,3.2016163909673412),(-0.064495572064014267,-0.39571746251724843,3.2016163909673416),(-0.06943263674192339,-0.39569258200587482,3.36961669477328),(-0.069432636741923431,-0.39510039167165417,3.3746198699833192),(-0.069432636741923473,-0.39323453030617361,3.3793146369690654),(-0.069432636741923487,-0.39021598913232264,3.3833965649677107),(-0.069432636741923501,-0.38624050455084569,3.3866009625775031),(-0.069432636741923487,-0.38156586567190415,3.3887200415926273),(-0.069432636741923473,-0.37649519805723275,3.3896163909673418),(-0.069432636741922446,-0.21471746251724799,3.3896163909673414),(-0.069432636741922404,-0.20954108161519774,3.3889349074931232),(-0.069432636741922349,-0.20471746251724832,3.3869368990430306),(-0.069432636741922293,-0.20057532689351748,3.3837585265910728),(-0.069432636741922224,-0.19739695444155975,3.379616390967342),(-0.069432636741922168,-0.19539894599146718,3.3747927718693926),(-0.069432636741922113,-0.1947174625172485,3.3696163909673422),(-0.06943263674192196,-0.39571746251724832,3.2316163909673419),(-0.069432636741922571,-0.301190705579503,3.3494922334092028),(-0.069432636741922557,-0.30084996384239371,3.3469040429581773),(-0.069432636741922515,-0.29985095961734742,3.3444922334092024),(-0.069432636741922488,-0.2982617733913685,3.342421165597337),(-0.06943263674192246,-0.29619070557950306,3.3408319793713583),(-0.069432636741922432,-0.29377889603052826,3.3398329751463121),(-0.069432636741922418,-0.29119070557950305,3.3394922334092025),(-0.069432636741922404,-0.28860251512847784,3.3398329751463121),(-0.069432636741922404,-0.28619070557950305,3.3408319793713583),(-0.069432636741922404,-0.2841196377676376,3.342421165597337),(-0.069432636741922404,-0.28253045154165868,3.3444922334092024),(-0.069432636741922432,-0.28153144731661234,3.3469040429581773),(-0.069432636741922446,-0.28119070557950304,3.3494922334092028),(-0.069432636741922488,-0.28153144731661234,3.3520804238602278),(-0.069432636741922515,-0.28253045154165862,3.3544922334092027),(-0.069432636741922543,-0.28411963776763755,3.3565633012210681),(-0.069432636741922571,-0.28619070557950305,3.3581524874470468),(-0.069432636741922599,-0.28860251512847784,3.359151491672093),(-0.069432636741922613,-0.291190705579503,3.3594922334092026),(-0.06943263674192264,-0.2937788960305282,3.359151491672093),(-0.06943263674192264,-0.296190705579503,3.3581524874470468),(-0.06943263674192264,-0.2982617733913685,3.3565633012210681),(-0.069432636741922626,-0.29985095961734742,3.3544922334092027),(-0.069432636741922599,-0.30084996384239371,3.3520804238602278),(-0.069432636741922502,-0.33480341947273773,3.3212650256624547),(-0.069432636741922113,-0.32932821319632954,3.2866959337416248),(-0.069432636741922071,-0.32020064586290714,3.2881415983852538),(-0.069432636741922335,-0.3202006458629072,3.3147291557090965),(-0.069432636741922335,-0.31121270539991525,3.3191128671769876),(-0.069432636741922057,-0.31642215072992314,3.2895686345866211),(-0.069432636741921946,-0.31485780607952096,3.2796917511806702),(-0.069432636741921613,-0.33098436380905932,3.237680631988296),(-0.069432636741921461,-0.31976821343047401,3.2298269989435169),(-0.069432636741921738,-0.2986419931051093,3.2695596406221683),(-0.069432636741921641,-0.28981251717652001,3.2648649249943094),(-0.069432636741921197,-0.27360310575964664,3.231630706496555),(-0.069432636741921169,-0.26162969693244037,3.2359886709123584),(-0.069432636741921613,-0.27474533744905788,3.2720235970734484),(-0.069432636741921933,-0.29201573079121412,3.2926056503844783),(-0.06943263674192203,-0.28497365734942598,3.3058498642773619),(-0.069432636741921946,-0.27811583862021211,3.3022034973784145),(-0.069432636741921766,-0.2560182348723814,3.2983070936286674),(-0.069432636741921835,-0.25132351924452251,3.3071365695572568),(-0.069432636741922085,-0.27810440149443216,3.3153243069375855),(-0.06943263674192221,-0.28152460292768888,3.324721233145445),(-0.069432636741922252,-0.28339311515336718,3.3285102011192853),(-0.069432636741922307,-0.28603741894403362,3.3318049353584858),(-0.069432636741922349,-0.28933215318323463,3.3344492391491523),(-0.069432636741922391,-0.29312112115707478,3.3363177513748306),(-0.06943263674192246,-0.30394075811841437,3.3363177513748306),(-0.063082636741923201,-0.39571746251724843,3.3696163909673431),(-0.063082636741921785,-0.39571746251724843,3.2316163909673419),(-0.06308263674192148,-0.39571746251724843,3.2016163909673416),(-0.063082636741920203,-0.19471746251724853,3.2016163909673412),(-0.063082636741921924,-0.19471746251724859,3.3696163909673422),(-0.063082636741921994,-0.1953989459914672,3.3747927718693926),(-0.063082636741922049,-0.19739695444155977,3.379616390967342),(-0.063082636741922118,-0.20057532689351751,3.3837585265910728),(-0.063082636741922174,-0.20471746251724834,3.3869368990430306),(-0.063082636741922229,-0.20954108161519777,3.3889349074931232),(-0.063082636741922257,-0.21471746251724788,3.3896163909673418),(-0.063082636741923298,-0.37649519805723297,3.3896163909673418),(-0.063082636741923312,-0.3815658656719042,3.3887200415926273),(-0.063082636741923312,-0.38624050455084574,3.3866009625775031),(-0.063082636741923312,-0.39021598913232269,3.3833965649677107),(-0.063082636741923298,-0.39323453030617367,3.3793146369690654),(-0.063082636741923243,-0.39510039167165423,3.3746198699833192),(-0.063082636741922396,-0.30119070557950306,3.3494922334092032),(-0.063082636741922424,-0.30084996384239371,3.3520804238602282),(-0.063082636741922452,-0.29985095961734742,3.3544922334092031),(-0.063082636741922452,-0.2982617733913685,3.3565633012210685),(-0.063082636741922452,-0.29619070557950306,3.3581524874470472),(-0.063082636741922452,-0.29377889603052826,3.3591514916720935),(-0.063082636741922438,-0.29119070557950305,3.359492233409203),(-0.063082636741922424,-0.28860251512847784,3.3591514916720935),(-0.063082636741922396,-0.2861907055795031,3.3581524874470472),(-0.063082636741922354,-0.2841196377676376,3.3565633012210685),(-0.06308263674192234,-0.28253045154165868,3.3544922334092031),(-0.063082636741922299,-0.28153144731661239,3.3520804238602282),(-0.063082636741922271,-0.28119070557950304,3.3494922334092032),(-0.063082636741922257,-0.28153144731661239,3.3469040429581778),(-0.063082636741922229,-0.28253045154165873,3.3444922334092033),(-0.063082636741922216,-0.2841196377676376,3.3424211655973379),(-0.063082636741922216,-0.2861907055795031,3.3408319793713588),(-0.063082636741922216,-0.2886025151284779,3.3398329751463125),(-0.063082636741922229,-0.29119070557950311,3.3394922334092034),(-0.063082636741922257,-0.29377889603052826,3.3398329751463125),(-0.063082636741922271,-0.29619070557950306,3.3408319793713588),(-0.063082636741922313,-0.2982617733913685,3.3424211655973379),(-0.06308263674192234,-0.29985095961734742,3.3444922334092033),(-0.063082636741922368,-0.30084996384239376,3.3469040429581778),(-0.063082636741922313,-0.33480341947273773,3.3212650256624552),(-0.063082636741922271,-0.30394075811841448,3.336317751374831),(-0.063082636741922216,-0.29312112115707478,3.336317751374831),(-0.06308263674192216,-0.28933215318323463,3.3344492391491531),(-0.063082636741922118,-0.28603741894403362,3.3318049353584862),(-0.063082636741922077,-0.28339311515336724,3.3285102011192857),(-0.063082636741922021,-0.28152460292768905,3.3247212331454454),(-0.06308263674192191,-0.27810440149443222,3.315324306937586),(-0.063082636741921647,-0.25132351924452262,3.3071365695572572),(-0.063082636741921577,-0.2560182348723814,3.2983070936286683),(-0.063082636741921772,-0.27811583862021216,3.3022034973784149),(-0.063082636741921841,-0.28497365734942609,3.3058498642773628),(-0.063082636741921758,-0.29201573079121412,3.2926056503844787),(-0.063082636741921438,-0.27474533744905799,3.2720235970734493),(-0.06308263674192098,-0.26162969693244043,3.2359886709123589),(-0.063082636741921022,-0.27360310575964669,3.2316307064965555),(-0.063082636741921452,-0.28981251717652001,3.2648649249943102),(-0.063082636741921563,-0.29864199310510936,3.2695596406221692),(-0.063082636741921286,-0.31976821343047396,3.2298269989435173),(-0.063082636741921438,-0.33098436380905938,3.2376806319882965),(-0.063082636741921772,-0.31485780607952096,3.2796917511806707),(-0.063082636741921883,-0.31642215072992314,3.2895686345866215),(-0.063082636741922146,-0.31121270539991525,3.3191128671769881),(-0.06308263674192216,-0.32020064586290725,3.314729155709097),(-0.063082636741921883,-0.32020064586290714,3.2881415983852542),(-0.063082636741921924,-0.32932821319632954,3.2866959337416253),(-0.066257636796341154,-0.39185873623675122,3.3814498971073541),(-0.065941897992266366,-0.39569258208749369,3.3696167011591984),(-0.0662576357086547,-0.39432097687280565,3.3770255413053363),(-0.066257636796544339,-0.38397247769053588,3.3878065330147757),(-0.065941897400928595,-0.37649519805723297,3.3896163909673418),(-0.066257636617597954,-0.38833302836491662,3.385122954079204),(-0.06645331022663413,-0.39537468999662229,3.3733643995387821),(-0.066453308813486281,-0.38030146351221139,3.3890675761168305)));
#2618=IFCPOLYGONALFACESET(#2617,.T.,(#2527,#2528,#2529,#2530,#2531,#2532,#2533,#2534,#2535,#2536,#2537,#2538,#2539,#2540,#2541,#2542,#2543,#2544,#2545,#2546,#2547,#2548,#2549,#2550,#2551,#2552,#2553,#2554,#2555,#2556,#2557,#2558,#2559,#2560,#2561,#2562,#2563,#2564,#2565,#2566,#2567,#2568,#2569,#2570,#2571,#2572,#2573,#2574,#2575,#2576,#2577,#2578,#2579,#2580,#2581,#2582,#2583,#2584,#2585,#2586,#2587,#2588,#2589,#2590,#2591,#2592,#2593,#2594,#2595,#2596,#2597,#2598,#2599,#2600,#2601,#2602,#2603,#2604,#2605,#2606,#2607,#2608,#2609,#2610,#2611,#2612,#2613,#2614,#2615,#2616),$);
#2619=IFCINDEXEDCOLOURMAP(#2618,1.,#2526,(1,1,1,1,1,1,1,1,1,1,1,1,1,1,1,1,1,1,1,1,1,1,1,1,1,1,1,1,1,1,1,1,1,1,1,1,1,1,1,1,1,1,1,1,1,1,1,1,1,1,1,1,1,1,1,1,1,1,1,1,1,1,1,1,1,1,1,1,1,1,1,1,1,1,1,1,1,1,1,1,1,1,1,1,1,1,1,1,1,1));
#2620=IFCSTYLEDITEM(#2618,(#468),$);
#2621=IFCCOLOURRGBLIST(((0.,0.,0.)));
#2622=IFCINDEXEDPOLYGONALFACEWITHVOIDS((42,43,44,1,2,3,4,5,6,7,8,9,10,11,12,13,14,15,16,17,18,19,20,21,22,23,24,25,26,27,28,29,30,31,32,33,34,35,36,37,38,39,40,41),((45,46,47,48,49,50,51,52,53,54,55,56,57,58,59,60,61,62,63,64,65,66,67,68)));
#2623=IFCINDEXEDPOLYGONALFACE((74,73,77,78));
#2624=IFCINDEXEDPOLYGONALFACE((16,15,69,70,43,42,71,72,73,74,75,76));
#2625=IFCINDEXEDPOLYGONALFACEWITHVOIDS((93,94,95,79,80,81,82,83,84,85,86,87,88,89,90,91,92),((123,124,125,126,127,128,129,130,131,132,133,134,135,136,137,138,139,140,141,142,143,144,145,146,147,148,149,150,120,121,122),(108,109,110,111,112,113,114,115,116,117,118,119,96,97,98,99,100,101,102,103,104,105,106,107)));
#2626=IFCINDEXEDPOLYGONALFACE((1,44,80,152));
#2627=IFCINDEXEDPOLYGONALFACE((80,79,152));
#2628=IFCINDEXEDPOLYGONALFACE((44,43,70,81,80));
#2629=IFCINDEXEDPOLYGONALFACE((22,21,20,137,136,135));
#2630=IFCINDEXEDPOLYGONALFACE((17,16,76,141,140));
#2631=IFCINDEXEDPOLYGONALFACE((77,73,72,145,144));
#2632=IFCINDEXEDPOLYGONALFACE((40,39,149,148));
#2633=IFCINDEXEDPOLYGONALFACE((70,69,82,81));
#2634=IFCINDEXEDPOLYGONALFACE((30,29,28,129,128,127));
#2635=IFCINDEXEDPOLYGONALFACE((15,14,83,82,69));
#2636=IFCINDEXEDPOLYGONALFACE((37,36,121,120,150,38));
#2637=IFCINDEXEDPOLYGONALFACE((19,18,139,138));
#2638=IFCINDEXEDPOLYGONALFACE((74,78,143,142,75));
#2639=IFCINDEXEDPOLYGONALFACE((42,41,147,146,71));
#2640=IFCINDEXEDPOLYGONALFACE((9,8,89,88));
#2641=IFCINDEXEDPOLYGONALFACE((115,114,51,50));
#2642=IFCINDEXEDPOLYGONALFACE((10,9,88,87));
#2643=IFCINDEXEDPOLYGONALFACE((116,115,50,49));
#2644=IFCINDEXEDPOLYGONALFACE((11,10,87,86));
#2645=IFCINDEXEDPOLYGONALFACE((117,116,49,48));
#2646=IFCINDEXEDPOLYGONALFACE((12,11,86,85));
#2647=IFCINDEXEDPOLYGONALFACE((118,117,48,47));
#2648=IFCINDEXEDPOLYGONALFACE((13,12,85,84));
#2649=IFCINDEXEDPOLYGONALFACE((119,118,47,46));
#2650=IFCINDEXEDPOLYGONALFACE((14,13,84,83));
#2651=IFCINDEXEDPOLYGONALFACE((96,119,46,45));
#2652=IFCINDEXEDPOLYGONALFACE((8,7,155,90,89));
#2653=IFCINDEXEDPOLYGONALFACE((20,19,138,137));
#2654=IFCINDEXEDPOLYGONALFACE((18,17,140,139));
#2655=IFCINDEXEDPOLYGONALFACE((76,75,142,141));
#2656=IFCINDEXEDPOLYGONALFACE((78,77,144,143));
#2657=IFCINDEXEDPOLYGONALFACE((72,71,146,145));
#2658=IFCINDEXEDPOLYGONALFACE((41,40,148,147));
#2659=IFCINDEXEDPOLYGONALFACE((39,38,150,149));
#2660=IFCINDEXEDPOLYGONALFACE((157,79,95));
#2661=IFCINDEXEDPOLYGONALFACE((154,158,6));
#2662=IFCINDEXEDPOLYGONALFACE((151,4,3));
#2663=IFCINDEXEDPOLYGONALFACE((94,151,153));
#2664=IFCINDEXEDPOLYGONALFACE((156,4,151));
#2665=IFCINDEXEDPOLYGONALFACE((2,1,157));
#2666=IFCINDEXEDPOLYGONALFACE((95,94,153));
#2667=IFCINDEXEDPOLYGONALFACE((153,151,3));
#2668=IFCINDEXEDPOLYGONALFACE((153,2,157));
#2669=IFCINDEXEDPOLYGONALFACE((157,152,79));
#2670=IFCINDEXEDPOLYGONALFACE((151,94,93));
#2671=IFCINDEXEDPOLYGONALFACE((90,155,7,158));
#2672=IFCINDEXEDPOLYGONALFACE((6,5,154));
#2673=IFCINDEXEDPOLYGONALFACE((91,90,158));
#2674=IFCINDEXEDPOLYGONALFACE((152,157,1));
#2675=IFCINDEXEDPOLYGONALFACE((2,153,3));
#2676=IFCINDEXEDPOLYGONALFACE((92,156,93));
#2677=IFCINDEXEDPOLYGONALFACE((5,156,154));
#2678=IFCINDEXEDPOLYGONALFACE((92,91,154));
#2679=IFCINDEXEDPOLYGONALFACE((158,154,91));
#2680=IFCINDEXEDPOLYGONALFACE((92,154,156));
#2681=IFCINDEXEDPOLYGONALFACE((153,157,95));
#2682=IFCINDEXEDPOLYGONALFACE((5,4,156));
#2683=IFCINDEXEDPOLYGONALFACE((6,158,7));
#2684=IFCINDEXEDPOLYGONALFACE((151,93,156));
#2685=IFCINDEXEDPOLYGONALFACE((107,106,59,58));
#2686=IFCINDEXEDPOLYGONALFACE((134,133,24,23));
#2687=IFCINDEXEDPOLYGONALFACE((108,107,58,57));
#2688=IFCINDEXEDPOLYGONALFACE((135,134,23,22));
#2689=IFCINDEXEDPOLYGONALFACE((104,103,62,61));
#2690=IFCINDEXEDPOLYGONALFACE((27,26,131,130));
#2691=IFCINDEXEDPOLYGONALFACE((105,104,61,60));
#2692=IFCINDEXEDPOLYGONALFACE((131,26,25,132));
#2693=IFCINDEXEDPOLYGONALFACE((106,105,60,59));
#2694=IFCINDEXEDPOLYGONALFACE((132,25,24,133));
#2695=IFCINDEXEDPOLYGONALFACE((103,102,63,62));
#2696=IFCINDEXEDPOLYGONALFACE((28,27,130,129));
#2697=IFCINDEXEDPOLYGONALFACE((100,99,66,65));
#2698=IFCINDEXEDPOLYGONALFACE((124,33,32,125));
#2699=IFCINDEXEDPOLYGONALFACE((101,100,65,64));
#2700=IFCINDEXEDPOLYGONALFACE((126,125,32,31));
#2701=IFCINDEXEDPOLYGONALFACE((97,96,45,68));
#2702=IFCINDEXEDPOLYGONALFACE((122,121,36,35));
#2703=IFCINDEXEDPOLYGONALFACE((98,97,68,67));
#2704=IFCINDEXEDPOLYGONALFACE((123,122,35,34));
#2705=IFCINDEXEDPOLYGONALFACE((99,98,67,66));
#2706=IFCINDEXEDPOLYGONALFACE((123,34,33,124));
#2707=IFCINDEXEDPOLYGONALFACE((64,63,102,101));
#2708=IFCINDEXEDPOLYGONALFACE((127,126,31,30));
#2709=IFCINDEXEDPOLYGONALFACE((112,111,54,53));
#2710=IFCINDEXEDPOLYGONALFACE((113,112,53,52));
#2711=IFCINDEXEDPOLYGONALFACE((109,108,57,56));
#2712=IFCINDEXEDPOLYGONALFACE((110,109,56,55));
#2713=IFCINDEXEDPOLYGONALFACE((111,110,55,54));
#2714=IFCINDEXEDPOLYGONALFACE((114,113,52,51));
#2715=IFCCARTESIANPOINTLIST3D(((-0.069432636741925555,-0.39569258200587443,3.5696166947732801),(-0.069432636741925596,-0.39510039167165378,3.5746198699833189),(-0.069432636741925638,-0.39323453030617317,3.5793146369690656),(-0.069432636741925652,-0.39021598913232219,3.5833965649677109),(-0.069432636741925666,-0.38624050455084524,3.5866009625775028),(-0.069432636741925652,-0.3815658656719037,3.5887200415926275),(-0.069432636741925638,-0.37649519805723236,3.589616390967342),(-0.069432636741924611,-0.21471746251724766,3.5896163909673415),(-0.069432636741924569,-0.20954108161519741,3.5889349074931234),(-0.069432636741924528,-0.20471746251724798,3.5869368990430308),(-0.069432636741924458,-0.20057532689351712,3.583758526591073),(-0.069432636741924389,-0.19739695444155941,3.5796163909673422),(-0.069432636741924333,-0.19539894599146684,3.5747927718693924),(-0.069432636741924278,-0.19471746251724814,3.569616390967342),(-0.069432636741922793,-0.19471746251724814,3.4244503151026717),(-0.069432636741923334,-0.28146882657329036,3.4244503151026726),(-0.06943263674192425,-0.28146882657329048,3.5134420636823696),(-0.069432636741924236,-0.27859081646855816,3.5134420636823696),(-0.069432636741923903,-0.27859081646855816,3.4815615498867283),(-0.069432636741923848,-0.26859081646855809,3.4815615498867283),(-0.069432636741924,-0.26859081646855815,3.496561549886728),(-0.06943263674192425,-0.26859081646855826,3.5215615498867283),(-0.069432636741924278,-0.26900550465961293,3.5247114194194307),(-0.069432636741924333,-0.27022130891786128,3.5276466305488849),(-0.069432636741924361,-0.27215537419231517,3.5301671534872847),(-0.069432636741924389,-0.27467589713071466,3.5321012187617384),(-0.069432636741924431,-0.27761110826016877,3.5333170230199862),(-0.069432636741924458,-0.28076097779287107,3.5337317112110411),(-0.069432636741924542,-0.29483380670002618,3.5337317112110411),(-0.069432636741924625,-0.30890663560718112,3.5337317112110411),(-0.069432636741924653,-0.31205650513988342,3.5333170230199862),(-0.069432636741924653,-0.31499171626933758,3.5321012187617384),(-0.069432636741924653,-0.31751223920773702,3.5301671534872847),(-0.069432636741924639,-0.31944630448219097,3.5276466305488849),(-0.069432636741924611,-0.32066210874043938,3.5247114194194307),(-0.069432636741924583,-0.32107679693149405,3.5215615498867283),(-0.069432636741924333,-0.3210767969314941,3.496561549886728),(-0.069432636741924181,-0.3210767969314941,3.4815615498867283),(-0.069432636741924111,-0.31107679693149415,3.4815615498867283),(-0.069432636741924431,-0.31107679693149415,3.5134420636823696),(-0.069432636741924417,-0.30819878682676172,3.5134420636823696),(-0.069432636741923501,-0.30819878682676188,3.4244503151026735),(-0.069432636741924056,-0.3957174625172481,3.4244503151026744),(-0.069432636741924139,-0.3957174625172481,3.4316163909673421),(-0.069432636741924819,-0.30983380670002597,3.5515510352339303),(-0.069432636741924778,-0.30932269409436203,3.5476687495573929),(-0.069432636741924736,-0.3078241877567926,3.5440510352339305),(-0.06943263674192468,-0.30544040841782422,3.5409444335161324),(-0.069432636741924639,-0.30233380670002613,3.5385606541771639),(-0.069432636741924597,-0.29871609237656399,3.5370621478395945),(-0.069432636741924569,-0.29483380670002618,3.5365510352339307),(-0.069432636741924555,-0.29095152102348842,3.5370621478395945),(-0.069432636741924542,-0.28733380670002628,3.5385606541771639),(-0.069432636741924542,-0.28422720498222809,3.540944433516132),(-0.069432636741924569,-0.28184342564325976,3.5440510352339305),(-0.069432636741924597,-0.28034491930569028,3.5476687495573924),(-0.069432636741924625,-0.27983380670002628,3.5515510352339303),(-0.06943263674192468,-0.28034491930569028,3.5554333209104683),(-0.069432636741924722,-0.2818434256432597,3.5590510352339302),(-0.069432636741924764,-0.28422720498222803,3.5621576369517283),(-0.069432636741924805,-0.28733380670002623,3.5645414162906968),(-0.069432636741924847,-0.29095152102348837,3.5660399226282662),(-0.069432636741924875,-0.29483380670002612,3.5665510352339305),(-0.069432636741924902,-0.29871609237656388,3.5660399226282662),(-0.069432636741924916,-0.30233380670002602,3.5645414162906968),(-0.069432636741924902,-0.30544040841782422,3.5621576369517287),(-0.069432636741924889,-0.3078241877567926,3.5590510352339302),(-0.069432636741924861,-0.30932269409436197,3.5554333209104683),(-0.064495572064013504,-0.19471746251724814,3.4016163909673414),(-0.064495572064014267,-0.39571746251724815,3.4016163909673418),(-0.068805765418952017,-0.30819878682676188,3.42155103523393),(-0.068805765418951864,-0.29656360375398966,3.4215510352339296),(-0.069432636741923473,-0.29656360375398966,3.4244503151026735),(-0.069432636741923459,-0.29310400964606265,3.4244503151026735),(-0.068805765418951975,-0.29310400964606265,3.42155103523393),(-0.068805765418951823,-0.28146882657329036,3.4215510352339296),(-0.069432636741923917,-0.29656360375398966,3.4715510352339303),(-0.069432636741923889,-0.29310400964606265,3.4715510352339303),(-0.063082636741925366,-0.39571746251724815,3.5696163909673433),(-0.06308263674192395,-0.39571746251724815,3.4316163909673421),(-0.063082636741923645,-0.39571746251724815,3.4016163909673418),(-0.063082636741922368,-0.1947174625172482,3.4016163909673414),(-0.063082636741924089,-0.19471746251724825,3.569616390967342),(-0.063082636741924158,-0.19539894599146687,3.5747927718693924),(-0.063082636741924214,-0.19739695444155944,3.5796163909673422),(-0.063082636741924283,-0.20057532689351718,3.583758526591073),(-0.063082636741924339,-0.20471746251724801,3.5869368990430308),(-0.063082636741924394,-0.20954108161519744,3.5889349074931234),(-0.063082636741924422,-0.21471746251724752,3.589616390967342),(-0.063082636741925463,-0.37649519805723253,3.589616390967342),(-0.063082636741925477,-0.38156586567190381,3.5887200415926275),(-0.063082636741925477,-0.38624050455084535,3.5866009625775028),(-0.063082636741925477,-0.39021598913232231,3.5833965649677109),(-0.063082636741925463,-0.39323453030617328,3.5793146369690656),(-0.063082636741925421,-0.39510039167165384,3.5746198699833189),(-0.06308263674192463,-0.30983380670002597,3.5515510352339308),(-0.063082636741924686,-0.30932269409436197,3.5554333209104692),(-0.0630826367419247,-0.3078241877567926,3.5590510352339311),(-0.063082636741924727,-0.30544040841782422,3.5621576369517292),(-0.063082636741924727,-0.30233380670002608,3.5645414162906972),(-0.063082636741924727,-0.29871609237656394,3.5660399226282666),(-0.0630826367419247,-0.29483380670002612,3.5665510352339309),(-0.063082636741924672,-0.29095152102348837,3.5660399226282666),(-0.06308263674192463,-0.28733380670002623,3.5645414162906972),(-0.063082636741924589,-0.28422720498222809,3.5621576369517287),(-0.063082636741924547,-0.28184342564325976,3.5590510352339311),(-0.063082636741924492,-0.28034491930569028,3.5554333209104692),(-0.06308263674192445,-0.27983380670002633,3.5515510352339308),(-0.063082636741924422,-0.28034491930569033,3.5476687495573929),(-0.063082636741924381,-0.28184342564325976,3.5440510352339309),(-0.063082636741924367,-0.28422720498222814,3.5409444335161324),(-0.063082636741924367,-0.28733380670002634,3.5385606541771648),(-0.063082636741924381,-0.29095152102348848,3.5370621478395949),(-0.063082636741924394,-0.29483380670002624,3.5365510352339311),(-0.063082636741924422,-0.29871609237656399,3.5370621478395949),(-0.063082636741924464,-0.30233380670002613,3.5385606541771648),(-0.063082636741924505,-0.30544040841782422,3.5409444335161333),(-0.063082636741924547,-0.3078241877567926,3.5440510352339309),(-0.063082636741924589,-0.30932269409436203,3.5476687495573933),(-0.063082636741924145,-0.3210767969314941,3.4965615498867288),(-0.063082636741924394,-0.32107679693149405,3.5215615498867288),(-0.063082636741924436,-0.32066210874043938,3.5247114194194316),(-0.063082636741924464,-0.31944630448219097,3.5276466305488858),(-0.063082636741924464,-0.31751223920773702,3.5301671534872852),(-0.063082636741924478,-0.31499171626933758,3.5321012187617389),(-0.063082636741924464,-0.31205650513988342,3.5333170230199871),(-0.06308263674192445,-0.30890663560718118,3.5337317112110416),(-0.063082636741924367,-0.29483380670002618,3.5337317112110416),(-0.06308263674192427,-0.28076097779287112,3.5337317112110416),(-0.063082636741924242,-0.27761110826016883,3.5333170230199871),(-0.063082636741924214,-0.27467589713071472,3.5321012187617389),(-0.063082636741924186,-0.27215537419231522,3.5301671534872852),(-0.063082636741924145,-0.27022130891786128,3.5276466305488858),(-0.063082636741924103,-0.26900550465961293,3.5247114194194316),(-0.063082636741924075,-0.26859081646855826,3.5215615498867288),(-0.063082636741923812,-0.2685908164685582,3.4965615498867288),(-0.063082636741923659,-0.26859081646855815,3.4815615498867287),(-0.063082636741923728,-0.27859081646855816,3.4815615498867287),(-0.063082636741924047,-0.27859081646855816,3.51344206368237),(-0.063082636741924075,-0.28146882657329053,3.51344206368237),(-0.063082636741923118,-0.28146882657329036,3.4215510352339309),(-0.063082636741923201,-0.29310400964606265,3.4215510352339309),(-0.063082636741923714,-0.29310400964606265,3.4715510352339307),(-0.063082636741923728,-0.29656360375398966,3.4715510352339307),(-0.063082636741923229,-0.29656360375398966,3.4215510352339309),(-0.063082636741923298,-0.30819878682676188,3.4215510352339309),(-0.063082636741924242,-0.30819878682676172,3.51344206368237),(-0.063082636741924256,-0.31107679693149415,3.51344206368237),(-0.063082636741923923,-0.31107679693149415,3.4815615498867287),(-0.063082636741923992,-0.3210767969314941,3.4815615498867287),(-0.0662576367963435,-0.3918587362367511,3.5814498971073547),(-0.065941897992268544,-0.39569258208749331,3.5696167011591982),(-0.066257635708656878,-0.39432097687280521,3.5770255413053365),(-0.066257636796546393,-0.38397247769053544,3.5878065330147768),(-0.065941897785779024,-0.37649519805723247,3.5896163909673415),(-0.06625763661760023,-0.38833302836491623,3.5851229540792029),(-0.066453310226636308,-0.39537468999662184,3.5733643995387823),(-0.066453308813488515,-0.38030146351221084,3.5890675761168307)));
#2716=IFCPOLYGONALFACESET(#2715,.T.,(#2622,#2623,#2624,#2625,#2626,#2627,#2628,#2629,#2630,#2631,#2632,#2633,#2634,#2635,#2636,#2637,#2638,#2639,#2640,#2641,#2642,#2643,#2644,#2645,#2646,#2647,#2648,#2649,#2650,#2651,#2652,#2653,#2654,#2655,#2656,#2657,#2658,#2659,#2660,#2661,#2662,#2663,#2664,#2665,#2666,#2667,#2668,#2669,#2670,#2671,#2672,#2673,#2674,#2675,#2676,#2677,#2678,#2679,#2680,#2681,#2682,#2683,#2684,#2685,#2686,#2687,#2688,#2689,#2690,#2691,#2692,#2693,#2694,#2695,#2696,#2697,#2698,#2699,#2700,#2701,#2702,#2703,#2704,#2705,#2706,#2707,#2708,#2709,#2710,#2711,#2712,#2713,#2714),$);
#2717=IFCINDEXEDCOLOURMAP(#2716,1.,#2621,(1,1,1,1,1,1,1,1,1,1,1,1,1,1,1,1,1,1,1,1,1,1,1,1,1,1,1,1,1,1,1,1,1,1,1,1,1,1,1,1,1,1,1,1,1,1,1,1,1,1,1,1,1,1,1,1,1,1,1,1,1,1,1,1,1,1,1,1,1,1,1,1,1,1,1,1,1,1,1,1,1,1,1,1,1,1,1,1,1,1,1,1,1));
#2718=IFCSTYLEDITEM(#2716,(#468),$);
#2719=IFCCOLOURRGBLIST(((0.,0.,0.)));
#2720=IFCINDEXEDPOLYGONALFACE((25,26,27,28,1,2,3,4,5,6,7,8,9,10,11,12,13,14,15,16,17,18,19,20,21,22,23,24));
#2721=IFCINDEXEDPOLYGONALFACE((51,52,53,54,55,56,29,30,31,32,33,34,35,36,37,38,39,40,41,42,43,44,45,46,47,48,49,50));
#2722=IFCINDEXEDPOLYGONALFACE((30,29,1,28));
#2723=IFCINDEXEDPOLYGONALFACE((31,27,26,32));
#2724=IFCINDEXEDPOLYGONALFACE((32,26,25,33));
#2725=IFCINDEXEDPOLYGONALFACE((28,27,31,30));
#2726=IFCINDEXEDPOLYGONALFACE((34,24,23,35));
#2727=IFCINDEXEDPOLYGONALFACE((35,23,22,36));
#2728=IFCINDEXEDPOLYGONALFACE((33,25,24,34));
#2729=IFCINDEXEDPOLYGONALFACE((37,36,22,21));
#2730=IFCINDEXEDPOLYGONALFACE((38,20,19,39));
#2731=IFCINDEXEDPOLYGONALFACE((39,19,18,40));
#2732=IFCINDEXEDPOLYGONALFACE((21,20,38,37));
#2733=IFCINDEXEDPOLYGONALFACE((41,17,16,42));
#2734=IFCINDEXEDPOLYGONALFACE((42,16,15,43));
#2735=IFCINDEXEDPOLYGONALFACE((40,18,17,41));
#2736=IFCINDEXEDPOLYGONALFACE((44,43,15,14));
#2737=IFCINDEXEDPOLYGONALFACE((45,13,12,46));
#2738=IFCINDEXEDPOLYGONALFACE((46,12,11,47));
#2739=IFCINDEXEDPOLYGONALFACE((14,13,45,44));
#2740=IFCINDEXEDPOLYGONALFACE((48,10,9,49));
#2741=IFCINDEXEDPOLYGONALFACE((49,9,8,50));
#2742=IFCINDEXEDPOLYGONALFACE((47,11,10,48));
#2743=IFCINDEXEDPOLYGONALFACE((51,50,8,7));
#2744=IFCINDEXEDPOLYGONALFACE((52,6,5,53));
#2745=IFCINDEXEDPOLYGONALFACE((53,5,4,54));
#2746=IFCINDEXEDPOLYGONALFACE((7,6,52,51));
#2747=IFCINDEXEDPOLYGONALFACE((55,3,2,56));
#2748=IFCINDEXEDPOLYGONALFACE((56,2,1,29));
#2749=IFCINDEXEDPOLYGONALFACE((54,4,3,55));
#2750=IFCCARTESIANPOINTLIST3D(((-5.2958781148530116,0.058924373983620819,7.879999999999999),(-5.27517259124481,0.058924373983620854,7.8772740661031238),(-5.2558781148530116,0.058924373983620972,7.8692820323027535),(-5.2393095723580885,0.058924373983621138,7.8565685424949221),(-5.2265960825502562,0.058924373983621367,7.8399999999999972),(-5.2186040487498859,0.058924373983621638,7.8207055236081988),(-5.2158781148530116,0.058924373983621929,7.7999999999999972),(-5.2158781148530116,0.058924373983635203,6.839999999999999),(-5.2186040487498859,0.058924373983635488,6.8192944763917964),(-5.2265960825502562,0.058924373983635751,6.799999999999998),(-5.2393095723580885,0.05892437398363598,6.7834314575050749),(-5.2558781148530116,0.058924373983636154,6.7707179676972427),(-5.27517259124481,0.058924373983636265,6.7627259338968724),(-5.2958781148530116,0.058924373983636306,6.759999999999998),(-5.6958781148530093,0.058924373983636306,6.759999999999998),(-5.7165836384612119,0.058924373983636265,6.7627259338968724),(-5.7358781148530102,0.058924373983636154,6.7707179676972427),(-5.7524466573479334,0.05892437398363598,6.7834314575050749),(-5.7651601471557656,0.058924373983635751,6.799999999999998),(-5.7731521809561359,0.058924373983635488,6.8192944763917973),(-5.7758781148530103,0.058924373983635203,6.839999999999999),(-5.7758781148530103,0.058924373983621929,7.7999999999999972),(-5.7731521809561359,0.058924373983621638,7.8207055236081997),(-5.7651601471557656,0.058924373983621367,7.8399999999999981),(-5.7524466573479334,0.058924373983621138,7.8565685424949221),(-5.7358781148530102,0.058924373983620972,7.8692820323027535),(-5.716583638461211,0.058924373983620854,7.8772740661031238),(-5.6958781148530093,0.058924373983620819,7.879999999999999),(-5.2958781148530125,-0.033200000000071901,7.8799999999999972),(-5.6958781148530093,-0.033200000000071901,7.8799999999999972),(-5.716583638461211,-0.03320000000007186,7.8772740661031229),(-5.7358781148530102,-0.033200000000071749,7.8692820323027526),(-5.7524466573479334,-0.033200000000071575,7.8565685424949203),(-5.7651601471557656,-0.033200000000071346,7.8399999999999972),(-5.7731521809561359,-0.033200000000071082,7.8207055236081988),(-5.7758781148530103,-0.033200000000070791,7.7999999999999963),(-5.7758781148530103,-0.033200000000057517,6.8399999999999981),(-5.7731521809561359,-0.033200000000057232,6.8192944763917964),(-5.7651601471557656,-0.033200000000056962,6.7999999999999972),(-5.7524466573479334,-0.033200000000056733,6.783431457505074),(-5.7358781148530102,-0.033200000000056559,6.7707179676972418),(-5.7165836384612119,-0.033200000000056455,6.7627259338968715),(-5.6958781148530093,-0.033200000000056414,6.7599999999999962),(-5.2958781148530125,-0.033200000000056414,6.7599999999999962),(-5.27517259124481,-0.033200000000056455,6.7627259338968715),(-5.2558781148530116,-0.033200000000056559,6.7707179676972418),(-5.2393095723580885,-0.033200000000056733,6.783431457505074),(-5.2265960825502562,-0.033200000000056962,6.7999999999999972),(-5.2186040487498859,-0.033200000000057232,6.8192944763917955),(-5.2158781148530116,-0.033200000000057517,6.8399999999999981),(-5.2158781148530116,-0.033200000000070791,7.7999999999999963),(-5.2186040487498859,-0.033200000000071082,7.8207055236081979),(-5.2265960825502562,-0.033200000000071346,7.8399999999999954),(-5.2393095723580885,-0.033200000000071575,7.8565685424949203),(-5.2558781148530116,-0.033200000000071749,7.8692820323027526),(-5.27517259124481,-0.03320000000007186,7.8772740661031229)));
#2751=IFCPOLYGONALFACESET(#2750,.T.,(#2720,#2721,#2722,#2723,#2724,#2725,#2726,#2727,#2728,#2729,#2730,#2731,#2732,#2733,#2734,#2735,#2736,#2737,#2738,#2739,#2740,#2741,#2742,#2743,#2744,#2745,#2746,#2747,#2748,#2749),$);
#2752=IFCINDEXEDCOLOURMAP(#2751,1.,#2719,(1,1,1,1,1,1,1,1,1,1,1,1,1,1,1,1,1,1,1,1,1,1,1,1,1,1,1,1,1,1));
#2753=IFCSTYLEDITEM(#2751,(#468),$);
#2754=IFCCOLOURRGBLIST(((0.,0.,0.)));
#2755=IFCINDEXEDPOLYGONALFACE((1,2,3,4,5,6,7,8,9,10,11,12,13,14,15,16,17,18,19,20,21,22,23,24,25,26));
#2756=IFCINDEXEDPOLYGONALFACE((39,40,41,42,43,44,45,46,47,48,49,50,51,52,27,28,29,30,31,32,33,34,35,36,37,38));
#2757=IFCINDEXEDPOLYGONALFACE((2,1,27,52));
#2758=IFCINDEXEDPOLYGONALFACE((15,14,40,39));
#2759=IFCINDEXEDPOLYGONALFACE((3,2,52,51));
#2760=IFCINDEXEDPOLYGONALFACE((4,3,51,50));
#2761=IFCINDEXEDPOLYGONALFACE((6,5,49,48));
#2762=IFCINDEXEDPOLYGONALFACE((7,6,48,47));
#2763=IFCINDEXEDPOLYGONALFACE((50,49,5,4));
#2764=IFCINDEXEDPOLYGONALFACE((47,46,8,7));
#2765=IFCINDEXEDPOLYGONALFACE((10,9,45,44));
#2766=IFCINDEXEDPOLYGONALFACE((10,44,43,11));
#2767=IFCINDEXEDPOLYGONALFACE((13,12,42,41));
#2768=IFCINDEXEDPOLYGONALFACE((42,12,11,43));
#2769=IFCINDEXEDPOLYGONALFACE((14,13,41,40));
#2770=IFCINDEXEDPOLYGONALFACE((8,46,45,9));
#2771=IFCINDEXEDPOLYGONALFACE((16,38,37,17));
#2772=IFCINDEXEDPOLYGONALFACE((36,18,17,37));
#2773=IFCINDEXEDPOLYGONALFACE((19,35,34,20));
#2774=IFCINDEXEDPOLYGONALFACE((36,35,19,18));
#2775=IFCINDEXEDPOLYGONALFACE((20,34,33,21));
#2776=IFCINDEXEDPOLYGONALFACE((38,16,15,39));
#2777=IFCINDEXEDPOLYGONALFACE((22,32,31,23));
#2778=IFCINDEXEDPOLYGONALFACE((30,24,23,31));
#2779=IFCINDEXEDPOLYGONALFACE((25,29,28,26));
#2780=IFCINDEXEDPOLYGONALFACE((30,29,25,24));
#2781=IFCINDEXEDPOLYGONALFACE((26,28,27,1));
#2782=IFCINDEXEDPOLYGONALFACE((32,22,21,33));
#2783=IFCCARTESIANPOINTLIST3D(((-5.3458161606005659,0.24567439271855496,7.6734042646663898),(-5.3521704048136742,0.24567439271855496,7.6734042646663889),(-5.3581568831108886,0.24567439271855548,7.7093245946343956),(-5.3730295823875531,0.24567439271855593,7.7425647938461841),(-5.3958223267136427,0.24567439271855632,7.7709654775263157),(-5.4250544298641881,0.24567439271855662,7.7926816505963892),(-5.4588268852148527,0.24567439271855679,7.8063025641854518),(-5.494945731007209,0.24567439271855687,7.81094336218165),(-5.5310645767995634,0.24567439271855679,7.8063025641854518),(-5.5648370321502298,0.24567439271855662,7.7926816505963892),(-5.5940691353007734,0.24567439271855632,7.7709654775263157),(-5.6168618796268639,0.24567439271855593,7.7425647938461841),(-5.6317345789035294,0.24567439271855548,7.7093245946343965),(-5.6377210572007437,0.24567439271855496,7.6734042646663898),(-5.6440753014138521,0.24567439271855496,7.6734042646663889),(-5.637871061948811,0.24567439271855548,7.7109688330442312),(-5.6223627939977145,0.24567439271855598,7.7457407040020927),(-5.5985600412561149,0.2456743927185564,7.775456328624089),(-5.5680122945532107,0.24567439271855671,7.7981813051065476),(-5.5327081244498393,0.2456743927185569,7.8124363027587878),(-5.4949457310072098,0.24567439271855696,7.8172933621816503),(-5.4571833375645795,0.2456743927185569,7.8124363027587878),(-5.4218791674612081,0.24567439271855671,7.7981813051065485),(-5.391331420758303,0.2456743927185564,7.7754563286240899),(-5.3675286680167025,0.24567439271855598,7.7457407040020927),(-5.3520204000656069,0.24567439271855548,7.7109688330442321),(-5.3458161606005659,0.058199999999965078,7.6734042646663925),(-5.3520204000656069,0.058199999999965592,7.7109688330442339),(-5.3675286680167025,0.058199999999966077,7.7457407040020954),(-5.391331420758303,0.058199999999966494,7.7754563286240925),(-5.4218791674612081,0.058199999999966806,7.7981813051065512),(-5.4571833375645795,0.058199999999967,7.8124363027587895),(-5.4949457310072098,0.05819999999996707,7.8172933621816529),(-5.5327081244498393,0.058199999999967,7.8124363027587895),(-5.5680122945532107,0.058199999999966806,7.7981813051065503),(-5.5985600412561149,0.058199999999966494,7.7754563286240916),(-5.6223627939977145,0.058199999999966077,7.7457407040020954),(-5.637871061948811,0.058199999999965592,7.710968833044233),(-5.6440753014138521,0.058199999999965078,7.6734042646663925),(-5.6377210572007437,0.058199999999965078,7.6734042646663925),(-5.6317345789035294,0.058199999999965578,7.7093245946343982),(-5.6168618796268639,0.058199999999966036,7.7425647938461859),(-5.5940691353007734,0.058199999999966424,7.7709654775263184),(-5.5648370321502298,0.05819999999996673,7.7926816505963918),(-5.5310645767995634,0.058199999999966917,7.8063025641854544),(-5.494945731007209,0.05819999999996698,7.8109433621816518),(-5.4588268852148527,0.058199999999966917,7.8063025641854544),(-5.4250544298641881,0.05819999999996673,7.7926816505963918),(-5.3958223267136427,0.058199999999966424,7.7709654775263184),(-5.3730295823875531,0.058199999999966036,7.7425647938461859),(-5.3581568831108886,0.058199999999965578,7.7093245946343973),(-5.3521704048136742,0.058199999999965078,7.6734042646663907)));
#2784=IFCPOLYGONALFACESET(#2783,.T.,(#2755,#2756,#2757,#2758,#2759,#2760,#2761,#2762,#2763,#2764,#2765,#2766,#2767,#2768,#2769,#2770,#2771,#2772,#2773,#2774,#2775,#2776,#2777,#2778,#2779,#2780,#2781,#2782),$);
#2785=IFCINDEXEDCOLOURMAP(#2784,1.,#2754,(1,1,1,1,1,1,1,1,1,1,1,1,1,1,1,1,1,1,1,1,1,1,1,1,1,1,1,1));
#2786=IFCSTYLEDITEM(#2784,(#468),$);
#2787=IFCCOLOURRGBLIST(((1.,0.,0.)));
#2788=IFCINDEXEDPOLYGONALFACE((23,12,24));
#2789=IFCINDEXEDPOLYGONALFACE((54,7,55));
#2790=IFCINDEXEDPOLYGONALFACE((13,31,29));
#2791=IFCINDEXEDPOLYGONALFACE((56,57,34));
#2792=IFCINDEXEDPOLYGONALFACE((35,47,50));
#2793=IFCINDEXEDPOLYGONALFACE((50,47,49));
#2794=IFCINDEXEDPOLYGONALFACE((66,26,3));
#2795=IFCINDEXEDPOLYGONALFACE((19,40,12,10,41,42,21,11));
#2796=IFCINDEXEDPOLYGONALFACE((25,13,29,24));
#2797=IFCINDEXEDPOLYGONALFACE((31,13,67,30));
#2798=IFCINDEXEDPOLYGONALFACE((23,10,12));
#2799=IFCINDEXEDPOLYGONALFACE((8,28,68));
#2800=IFCINDEXEDPOLYGONALFACE((18,27,26));
#2801=IFCINDEXEDPOLYGONALFACE((24,9,23));
#2802=IFCINDEXEDPOLYGONALFACE((34,49,54));
#2803=IFCINDEXEDPOLYGONALFACE((61,62,38));
#2804=IFCINDEXEDPOLYGONALFACE((32,58,57));
#2805=IFCINDEXEDPOLYGONALFACE((77,65,76));
#2806=IFCINDEXEDPOLYGONALFACE((28,9,29));
#2807=IFCINDEXEDPOLYGONALFACE((30,32,68));
#2808=IFCINDEXEDPOLYGONALFACE((18,2,27));
#2809=IFCINDEXEDPOLYGONALFACE((22,44,45,2,18,43,20,1));
#2810=IFCINDEXEDPOLYGONALFACE((61,5,60));
#2811=IFCINDEXEDPOLYGONALFACE((3,26,27));
#2812=IFCINDEXEDPOLYGONALFACE((66,3,64));
#2813=IFCINDEXEDPOLYGONALFACE((24,29,9));
#2814=IFCINDEXEDPOLYGONALFACE((48,47,35));
#2815=IFCINDEXEDPOLYGONALFACE((28,29,31));
#2816=IFCINDEXEDPOLYGONALFACE((28,31,68));
#2817=IFCINDEXEDPOLYGONALFACE((52,33,71));
#2818=IFCINDEXEDPOLYGONALFACE((15,70,69));
#2819=IFCINDEXEDPOLYGONALFACE((62,37,73));
#2820=IFCINDEXEDPOLYGONALFACE((49,47,46));
#2821=IFCINDEXEDPOLYGONALFACE((53,73,48));
#2822=IFCINDEXEDPOLYGONALFACE((70,75,53));
#2823=IFCINDEXEDPOLYGONALFACE((60,48,37));
#2824=IFCINDEXEDPOLYGONALFACE((66,65,17));
#2825=IFCINDEXEDPOLYGONALFACE((74,5,61));
#2826=IFCINDEXEDPOLYGONALFACE((63,62,16));
#2827=IFCINDEXEDPOLYGONALFACE((46,47,6));
#2828=IFCINDEXEDPOLYGONALFACE((54,49,7));
#2829=IFCINDEXEDPOLYGONALFACE((35,53,48));
#2830=IFCINDEXEDPOLYGONALFACE((48,60,59));
#2831=IFCINDEXEDPOLYGONALFACE((6,47,48));
#2832=IFCINDEXEDPOLYGONALFACE((7,49,46));
#2833=IFCINDEXEDPOLYGONALFACE((49,34,50));
#2834=IFCINDEXEDPOLYGONALFACE((57,51,34));
#2835=IFCINDEXEDPOLYGONALFACE((74,76,4));
#2836=IFCINDEXEDPOLYGONALFACE((52,51,33));
#2837=IFCINDEXEDPOLYGONALFACE((52,34,51));
#2838=IFCINDEXEDPOLYGONALFACE((50,34,52));
#2839=IFCINDEXEDPOLYGONALFACE((71,33,69));
#2840=IFCINDEXEDPOLYGONALFACE((53,36,73));
#2841=IFCINDEXEDPOLYGONALFACE((55,32,56));
#2842=IFCINDEXEDPOLYGONALFACE((56,34,54));
#2843=IFCINDEXEDPOLYGONALFACE((55,56,54));
#2844=IFCINDEXEDPOLYGONALFACE((68,55,8));
#2845=IFCINDEXEDPOLYGONALFACE((57,56,32));
#2846=IFCINDEXEDPOLYGONALFACE((59,60,5));
#2847=IFCINDEXEDPOLYGONALFACE((57,14,51));
#2848=IFCINDEXEDPOLYGONALFACE((58,32,30));
#2849=IFCINDEXEDPOLYGONALFACE((58,14,57));
#2850=IFCINDEXEDPOLYGONALFACE((59,6,48));
#2851=IFCINDEXEDPOLYGONALFACE((61,60,37));
#2852=IFCINDEXEDPOLYGONALFACE((62,61,37));
#2853=IFCINDEXEDPOLYGONALFACE((61,38,74));
#2854=IFCINDEXEDPOLYGONALFACE((73,36,72));
#2855=IFCINDEXEDPOLYGONALFACE((62,63,38));
#2856=IFCINDEXEDPOLYGONALFACE((65,64,4));
#2857=IFCINDEXEDPOLYGONALFACE((77,63,39));
#2858=IFCINDEXEDPOLYGONALFACE((76,65,4));
#2859=IFCINDEXEDPOLYGONALFACE((65,39,78,17));
#2860=IFCINDEXEDPOLYGONALFACE((65,66,64));
#2861=IFCINDEXEDPOLYGONALFACE((66,17,91,26));
#2862=IFCINDEXEDPOLYGONALFACE((30,68,31));
#2863=IFCINDEXEDPOLYGONALFACE((55,68,32));
#2864=IFCINDEXEDPOLYGONALFACE((70,53,35));
#2865=IFCINDEXEDPOLYGONALFACE((50,52,71));
#2866=IFCINDEXEDPOLYGONALFACE((71,35,50));
#2867=IFCINDEXEDPOLYGONALFACE((69,70,71));
#2868=IFCINDEXEDPOLYGONALFACE((35,71,70));
#2869=IFCINDEXEDPOLYGONALFACE((62,73,72));
#2870=IFCINDEXEDPOLYGONALFACE((16,62,72));
#2871=IFCINDEXEDPOLYGONALFACE((73,37,48));
#2872=IFCINDEXEDPOLYGONALFACE((76,74,38));
#2873=IFCINDEXEDPOLYGONALFACE((75,70,15));
#2874=IFCINDEXEDPOLYGONALFACE((75,36,53));
#2875=IFCINDEXEDPOLYGONALFACE((77,76,38));
#2876=IFCINDEXEDPOLYGONALFACE((63,77,38));
#2877=IFCINDEXEDPOLYGONALFACE((65,77,39));
#2878=IFCINDEXEDPOLYGONALFACE((90,18,26));
#2879=IFCINDEXEDPOLYGONALFACE((112,84,113));
#2880=IFCINDEXEDPOLYGONALFACE((17,95,94));
#2881=IFCINDEXEDPOLYGONALFACE((114,115,97));
#2882=IFCINDEXEDPOLYGONALFACE((98,106,109));
#2883=IFCINDEXEDPOLYGONALFACE((109,106,108));
#2884=IFCINDEXEDPOLYGONALFACE((88,1,20,43,18,87,101,102));
#2885=IFCINDEXEDPOLYGONALFACE((91,17,94,26));
#2886=IFCINDEXEDPOLYGONALFACE((95,17,78,39));
#2887=IFCINDEXEDPOLYGONALFACE((19,11,89,103,104,79,12,40));
#2888=IFCINDEXEDPOLYGONALFACE((85,93,123));
#2889=IFCINDEXEDPOLYGONALFACE((26,86,90));
#2890=IFCINDEXEDPOLYGONALFACE((97,108,112));
#2891=IFCINDEXEDPOLYGONALFACE((118,119,100));
#2892=IFCINDEXEDPOLYGONALFACE((96,63,115));
#2893=IFCINDEXEDPOLYGONALFACE((129,121,128));
#2894=IFCINDEXEDPOLYGONALFACE((93,86,94));
#2895=IFCINDEXEDPOLYGONALFACE((39,96,123));
#2896=IFCINDEXEDPOLYGONALFACE((12,79,92));
#2897=IFCINDEXEDPOLYGONALFACE((82,117,118));
#2898=IFCINDEXEDPOLYGONALFACE((80,24,92));
#2899=IFCINDEXEDPOLYGONALFACE((122,80,120));
#2900=IFCINDEXEDPOLYGONALFACE((93,95,123));
#2901=IFCINDEXEDPOLYGONALFACE((12,92,24));
#2902=IFCINDEXEDPOLYGONALFACE((122,24,80));
#2903=IFCINDEXEDPOLYGONALFACE((26,94,86));
#2904=IFCINDEXEDPOLYGONALFACE((107,106,98));
#2905=IFCINDEXEDPOLYGONALFACE((93,94,95));
#2906=IFCINDEXEDPOLYGONALFACE((90,87,18));
#2907=IFCINDEXEDPOLYGONALFACE((110,36,125));
#2908=IFCINDEXEDPOLYGONALFACE((15,124,75));
#2909=IFCINDEXEDPOLYGONALFACE((119,99,126));
#2910=IFCINDEXEDPOLYGONALFACE((108,106,105));
#2911=IFCINDEXEDPOLYGONALFACE((111,126,107));
#2912=IFCINDEXEDPOLYGONALFACE((124,69,111));
#2913=IFCINDEXEDPOLYGONALFACE((117,107,99));
#2914=IFCINDEXEDPOLYGONALFACE((122,121,13));
#2915=IFCINDEXEDPOLYGONALFACE((127,82,118));
#2916=IFCINDEXEDPOLYGONALFACE((58,119,14));
#2917=IFCINDEXEDPOLYGONALFACE((105,106,83));
#2918=IFCINDEXEDPOLYGONALFACE((112,108,84));
#2919=IFCINDEXEDPOLYGONALFACE((98,111,107));
#2920=IFCINDEXEDPOLYGONALFACE((107,117,116));
#2921=IFCINDEXEDPOLYGONALFACE((83,106,107));
#2922=IFCINDEXEDPOLYGONALFACE((84,108,105));
#2923=IFCINDEXEDPOLYGONALFACE((108,97,109));
#2924=IFCINDEXEDPOLYGONALFACE((115,72,97));
#2925=IFCINDEXEDPOLYGONALFACE((127,128,81));
#2926=IFCINDEXEDPOLYGONALFACE((110,72,36));
#2927=IFCINDEXEDPOLYGONALFACE((110,97,72));
#2928=IFCINDEXEDPOLYGONALFACE((109,97,110));
#2929=IFCINDEXEDPOLYGONALFACE((125,36,75));
#2930=IFCINDEXEDPOLYGONALFACE((126,33,51));
#2931=IFCINDEXEDPOLYGONALFACE((113,96,114));
#2932=IFCINDEXEDPOLYGONALFACE((114,97,112));
#2933=IFCINDEXEDPOLYGONALFACE((113,114,112));
#2934=IFCINDEXEDPOLYGONALFACE((123,113,85));
#2935=IFCINDEXEDPOLYGONALFACE((115,114,96));
#2936=IFCINDEXEDPOLYGONALFACE((116,117,82));
#2937=IFCINDEXEDPOLYGONALFACE((115,16,72));
#2938=IFCINDEXEDPOLYGONALFACE((63,96,39));
#2939=IFCINDEXEDPOLYGONALFACE((63,16,115));
#2940=IFCINDEXEDPOLYGONALFACE((116,83,107));
#2941=IFCINDEXEDPOLYGONALFACE((118,117,99));
#2942=IFCINDEXEDPOLYGONALFACE((119,118,99));
#2943=IFCINDEXEDPOLYGONALFACE((118,100,127));
#2944=IFCINDEXEDPOLYGONALFACE((51,119,126));
#2945=IFCINDEXEDPOLYGONALFACE((119,58,100));
#2946=IFCINDEXEDPOLYGONALFACE((121,120,81));
#2947=IFCINDEXEDPOLYGONALFACE((129,58,30));
#2948=IFCINDEXEDPOLYGONALFACE((128,121,81));
#2949=IFCINDEXEDPOLYGONALFACE((121,30,67,13));
#2950=IFCINDEXEDPOLYGONALFACE((121,122,120));
#2951=IFCINDEXEDPOLYGONALFACE((122,13,25,24));
#2952=IFCINDEXEDPOLYGONALFACE((39,123,95));
#2953=IFCINDEXEDPOLYGONALFACE((113,123,96));
#2954=IFCINDEXEDPOLYGONALFACE((124,111,98));
#2955=IFCINDEXEDPOLYGONALFACE((109,110,125));
#2956=IFCINDEXEDPOLYGONALFACE((125,98,109));
#2957=IFCINDEXEDPOLYGONALFACE((75,124,125));
#2958=IFCINDEXEDPOLYGONALFACE((98,125,124));
#2959=IFCINDEXEDPOLYGONALFACE((107,126,99));
#2960=IFCINDEXEDPOLYGONALFACE((14,119,51));
#2961=IFCINDEXEDPOLYGONALFACE((111,33,126));
#2962=IFCINDEXEDPOLYGONALFACE((128,127,100));
#2963=IFCINDEXEDPOLYGONALFACE((69,124,15));
#2964=IFCINDEXEDPOLYGONALFACE((69,33,111));
#2965=IFCINDEXEDPOLYGONALFACE((129,128,100));
#2966=IFCINDEXEDPOLYGONALFACE((58,129,100));
#2967=IFCINDEXEDPOLYGONALFACE((121,129,30));
#2968=IFCINDEXEDPOLYGONALFACE((45,44,22,1,88,102,101,87,90,86,93,85,113,84,105,83,116,82,127,81,120,80,92,79,104,103,89,11,21,42,41,10,23,9,28,8,55,7,46,6,59,5,74,4,64,3,27,2));
#2969=IFCCARTESIANPOINTLIST3D(((-5.3679457310071328,0.05819999999996571,7.6671715917448182),(-5.3741615534376477,0.058199999999965724,7.6279264334591996),(-5.3922005727215137,0.058199999999965744,7.5925228647036747),(-5.4202970039659881,0.0581999999999658,7.5644264334592011),(-5.4557005727215149,0.058199999999965848,7.5463874141753351),(-5.4949457310071335,0.058199999999965918,7.5401715917448202),(-5.5341908892927503,0.058199999999965987,7.5463874141753351),(-5.569594458048277,0.058199999999966036,7.5644264334592011),(-5.5976908892927497,0.058199999999966084,7.5925228647036755),(-5.6157299085766166,0.058199999999966112,7.6279264334592023),(-5.6219457310071315,0.058199999999966119,7.66717159174482),(-5.5959981518097432,0.083438277872419947,7.66717159174482),(-5.5651598837949887,0.10239213663579853,7.66717159174482),(-5.5309234233457225,0.11414425610752986,7.66717159174482),(-5.4949457310071317,0.11812586258754583,7.66717159174482),(-5.4589680386685409,0.11414425610752975,7.66717159174482),(-5.4247315782192755,0.10239213663579831,7.66717159174482),(-5.393893310204521,0.083438277872419628,7.6671715917448182),(-5.6117622202109034,0.068105135012260606,7.66717159174482),(-5.3781292417859845,0.06810513499535932,7.6671715917448182),(-5.6192110311091046,0.058199999999966112,7.6499053761214757),(-5.3706804309514826,0.05819999999996571,7.649905375828987),(-5.6067103989346831,0.058199999999966091,7.6102246490814398),(-5.580579017802366,0.092915207254109247,7.66717159174482),(-5.5728694507986782,0.09765367194495389,7.66717159174482),(-5.4093124442118974,0.09291520725410897,7.66717159174482),(-5.3831810630795811,0.058199999999965737,7.6102246490814371),(-5.5836426736705134,0.058199999999966057,7.5784746490814383),(-5.5862811658496305,0.08185243719153,7.6194352543222541),(-5.5480416535703565,0.10826819637166418,7.66717159174482),(-5.5725355198301116,0.091607606453514678,7.6224155367886359),(-5.5544838480898306,0.091288129055321021,7.5995951282243848),(-5.5129345771764271,0.11613505934753786,7.66717159174482),(-5.531348589574911,0.098731328617874481,7.5987541811275365),(-5.502452316134641,0.10364320943832232,7.6000911592890681),(-5.4769568848378363,0.11613505934753779,7.66717159174482),(-5.4590121613070437,0.098946198327142007,7.5989625827169753),(-5.4366104806267437,0.09016127451028326,7.5963377728898873),(-5.4418498084439078,0.10826819637166402,7.66717159174482),(-5.6038801860103238,0.075771706442340256,7.66717159174482),(-5.6174704698428606,0.058199999999966112,7.6389159047903386),(-5.6183407504759844,0.058199999999966119,7.6444106404559076),(-5.3860112759952523,0.07577170643388946,7.6671715917448173),(-5.3724209921945665,0.05819999999996571,7.6389159046440938),(-5.3732912728161066,0.058199999999965724,7.6334211690516467),(-5.5145683101499419,0.058199999999965953,7.5432795029600781),(-5.5049803359233582,0.082259578595075183,7.5651146603854906),(-5.4810151571814574,0.090066383540282888,7.5763295281375385),(-5.5214095939671841,0.083077469328137893,7.5691673700138757),(-5.5172780737042926,0.10146210097385339,7.5985624489308021),(-5.5219290002610757,0.11513965772753385,7.66717159174482),(-5.525203649891953,0.11069003088611046,7.6287513654895251),(-5.483534561820365,0.11124553066026316,7.6214923607696639),(-5.5345888917036277,0.08106911119115881,7.5709963817197847),(-5.5518926736705145,0.058199999999966008,7.5554069238172685),(-5.5431948811465652,0.093379418214916771,7.5950392718819195),(-5.5462072428535309,0.10462097670928139,7.6267488619672168),(-5.5394825384580386,0.11120622623959703,7.66717159174482),(-5.4753231518643233,0.058199999999965883,7.5432795029600781),(-5.4652066763828318,0.079813620999700075,7.5659028138922588),(-5.4507789395463417,0.0819781951335702,7.5742310848538654),(-5.4474184442294922,0.098078607055827702,7.6044315160075007),(-5.4504089235562256,0.1112062262395969,7.66717159174482),(-5.4062487883437509,0.058199999999965772,7.5784746490814383),(-5.4174636571037302,0.087647898914891512,7.6115194508413078),(-5.4040731049696218,0.081099522617215952,7.6166180322271275),(-5.5566007686826726,0.10533016650373137,7.66717159174482),(-5.5665612285909729,0.083407882834354116,7.5958224157075724),(-5.5039401540917794,0.11713046096754183,7.66717159174482),(-5.498617467013049,0.1144644613039603,7.6328497550276859),(-5.5124785196206201,0.11280038388056982,7.6295322105229912),(-5.4679624617531886,0.11513965772753376,7.66717159174482),(-5.4646973628482352,0.11082854745108252,7.6293146228038884),(-5.4379987883437515,0.058199999999965821,7.5554069238172685),(-5.4859513079224849,0.11713046096754182,7.66717159174482),(-5.4252132375703361,0.081334024253540332,7.5904186260889146),(-5.4316006614531318,0.099444069579485997,7.6249092490749604),(-5.4332906933315925,0.10533016650373117,7.66717159174482),(-5.6157299085766166,0.058199999999966112,7.7064167500304395),(-5.5976908892927497,0.058199999999966084,7.7418203187859644),(-5.5695944580482744,0.058199999999966036,7.7699167500304389),(-5.5341908892927494,0.058199999999965987,7.787955769314304),(-5.4949457310071308,0.058199999999965918,7.7941715917448189),(-5.4557005727215122,0.058199999999965848,7.787955769314304),(-5.4202970039659872,0.0581999999999658,7.769916750030438),(-5.3922005727215128,0.058199999999965744,7.7418203187859627),(-5.3741615534376477,0.058199999999965724,7.7064167500304368),(-5.3706804309045468,0.058199999999965724,7.6844378073642989),(-5.6192110311046983,0.058199999999966112,7.6844378073959856),(-5.3831810630795811,0.058199999999965737,7.7241185344081993),(-5.4170220112155869,0.097653671944953654,7.66717159174482),(-5.6067103989346831,0.058199999999966091,7.724118534408202),(-5.4062487883437509,0.058199999999965772,7.7558685344081999),(-5.4036102962333441,0.081852437223821156,7.714907929212087),(-5.4173559423778768,0.091607606710133849,7.7119276462454822),(-5.4354076141509315,0.091288129086393929,7.7347480554014938),(-5.4585428736476098,0.098731328909088797,7.7355890023871892),(-5.4874391461779384,0.10364321131990914,7.7342520200249574),(-5.5308793006155872,0.098946198079293141,7.7353806013491191),(-5.5532809830157124,0.090161275439411964,7.7380054074674227),(-5.3724209921710973,0.058199999999965724,7.6954272786973688),(-5.3715507115378207,0.05819999999996571,7.6899325430308334),(-5.6174704698406579,0.058199999999966112,7.695427278713213),(-5.6166001892086372,0.058199999999966112,7.7009220143718258),(-5.4753231518643215,0.058199999999965883,7.7910636805295619),(-5.4849111263902914,0.082259580301100976,7.7692285209826641),(-5.5088763044181235,0.090066386503854276,7.7580136509633224),(-5.468481868231355,0.083077468685720121,7.7651758143743246),(-5.4726133894076066,0.10146209933978699,7.7357807384380335),(-5.4646878124179139,0.11069003113908686,7.7055918171984867),(-5.5063569004014479,0.11124553141161028,7.7128508200749302),(-5.4553025697952195,0.081069111627549456,7.7633468009789626),(-5.4379987883437497,0.058199999999965821,7.7789362596723706),(-5.4466965815130672,0.093379420368129504,7.7393039078665193),(-5.4436842187529928,0.10462097706110877,7.7075943196908083),(-5.514568310149941,0.058199999999965953,7.7910636805295619),(-5.5246847862060449,0.079813620586620213,7.7684403699435158),(-5.5391125244973214,0.081978195702162984,7.7601120968859059),(-5.5424730187070228,0.098078608841796075,7.7299116626704265),(-5.5836426736705125,0.058199999999966057,7.7558685344082008),(-5.5724278069609285,0.08764789891142262,7.7228237298020108),(-5.5858183562090593,0.081099525695265642,7.7177251450007507),(-5.4233302334977092,0.083407882705657202,7.7385207680909254),(-5.4912739951996468,0.11446446178598144,7.7014934262238119),(-5.4774129428744294,0.11280038345582931,7.7048109749872262),(-5.5251940992232766,0.11082854732162822,7.7050285611777012),(-5.5518926736705119,0.058199999999966008,7.7789362596723706),(-5.5646782260721634,0.081334024361072441,7.7439245557424465),(-5.5582908032718867,0.099444069263497081,7.7094339314421951)));
#2970=IFCPOLYGONALFACESET(#2969,.T.,(#2788,#2789,#2790,#2791,#2792,#2793,#2794,#2795,#2796,#2797,#2798,#2799,#2800,#2801,#2802,#2803,#2804,#2805,#2806,#2807,#2808,#2809,#2810,#2811,#2812,#2813,#2814,#2815,#2816,#2817,#2818,#2819,#2820,#2821,#2822,#2823,#2824,#2825,#2826,#2827,#2828,#2829,#2830,#2831,#2832,#2833,#2834,#2835,#2836,#2837,#2838,#2839,#2840,#2841,#2842,#2843,#2844,#2845,#2846,#2847,#2848,#2849,#2850,#2851,#2852,#2853,#2854,#2855,#2856,#2857,#2858,#2859,#2860,#2861,#2862,#2863,#2864,#2865,#2866,#2867,#2868,#2869,#2870,#2871,#2872,#2873,#2874,#2875,#2876,#2877,#2878,#2879,#2880,#2881,#2882,#2883,#2884,#2885,#2886,#2887,#2888,#2889,#2890,#2891,#2892,#2893,#2894,#2895,#2896,#2897,#2898,#2899,#2900,#2901,#2902,#2903,#2904,#2905,#2906,#2907,#2908,#2909,#2910,#2911,#2912,#2913,#2914,#2915,#2916,#2917,#2918,#2919,#2920,#2921,#2922,#2923,#2924,#2925,#2926,#2927,#2928,#2929,#2930,#2931,#2932,#2933,#2934,#2935,#2936,#2937,#2938,#2939,#2940,#2941,#2942,#2943,#2944,#2945,#2946,#2947,#2948,#2949,#2950,#2951,#2952,#2953,#2954,#2955,#2956,#2957,#2958,#2959,#2960,#2961,#2962,#2963,#2964,#2965,#2966,#2967,#2968),$);
#2971=IFCINDEXEDCOLOURMAP(#2970,1.,#2787,(1,1,1,1,1,1,1,1,1,1,1,1,1,1,1,1,1,1,1,1,1,1,1,1,1,1,1,1,1,1,1,1,1,1,1,1,1,1,1,1,1,1,1,1,1,1,1,1,1,1,1,1,1,1,1,1,1,1,1,1,1,1,1,1,1,1,1,1,1,1,1,1,1,1,1,1,1,1,1,1,1,1,1,1,1,1,1,1,1,1,1,1,1,1,1,1,1,1,1,1,1,1,1,1,1,1,1,1,1,1,1,1,1,1,1,1,1,1,1,1,1,1,1,1,1,1,1,1,1,1,1,1,1,1,1,1,1,1,1,1,1,1,1,1,1,1,1,1,1,1,1,1,1,1,1,1,1,1,1,1,1,1,1,1,1,1,1,1,1,1,1,1,1,1,1,1,1,1,1,1,1));
#2972=IFCSTYLEDITEM(#2970,(#974),$);
#2973=IFCCOLOURRGBLIST(((0.89803921568627454,0.74901960784313726,0.)));
#2974=IFCINDEXEDPOLYGONALFACE((23,12,24));
#2975=IFCINDEXEDPOLYGONALFACE((54,7,55));
#2976=IFCINDEXEDPOLYGONALFACE((13,31,29));
#2977=IFCINDEXEDPOLYGONALFACE((56,57,34));
#2978=IFCINDEXEDPOLYGONALFACE((35,47,50));
#2979=IFCINDEXEDPOLYGONALFACE((50,47,49));
#2980=IFCINDEXEDPOLYGONALFACE((66,26,3));
#2981=IFCINDEXEDPOLYGONALFACE((19,40,12,10,41,42,21,11));
#2982=IFCINDEXEDPOLYGONALFACE((25,13,29,24));
#2983=IFCINDEXEDPOLYGONALFACE((31,13,67,30));
#2984=IFCINDEXEDPOLYGONALFACE((23,10,12));
#2985=IFCINDEXEDPOLYGONALFACE((8,28,68));
#2986=IFCINDEXEDPOLYGONALFACE((18,27,26));
#2987=IFCINDEXEDPOLYGONALFACE((24,9,23));
#2988=IFCINDEXEDPOLYGONALFACE((34,49,54));
#2989=IFCINDEXEDPOLYGONALFACE((61,62,38));
#2990=IFCINDEXEDPOLYGONALFACE((32,58,57));
#2991=IFCINDEXEDPOLYGONALFACE((77,65,76));
#2992=IFCINDEXEDPOLYGONALFACE((28,9,29));
#2993=IFCINDEXEDPOLYGONALFACE((30,32,68));
#2994=IFCINDEXEDPOLYGONALFACE((18,2,27));
#2995=IFCINDEXEDPOLYGONALFACE((22,44,45,2,18,43,20,1));
#2996=IFCINDEXEDPOLYGONALFACE((61,5,60));
#2997=IFCINDEXEDPOLYGONALFACE((3,26,27));
#2998=IFCINDEXEDPOLYGONALFACE((66,3,64));
#2999=IFCINDEXEDPOLYGONALFACE((24,29,9));
#3000=IFCINDEXEDPOLYGONALFACE((48,47,35));
#3001=IFCINDEXEDPOLYGONALFACE((28,29,31));
#3002=IFCINDEXEDPOLYGONALFACE((28,31,68));
#3003=IFCINDEXEDPOLYGONALFACE((52,33,71));
#3004=IFCINDEXEDPOLYGONALFACE((15,70,69));
#3005=IFCINDEXEDPOLYGONALFACE((62,37,73));
#3006=IFCINDEXEDPOLYGONALFACE((49,47,46));
#3007=IFCINDEXEDPOLYGONALFACE((53,73,48));
#3008=IFCINDEXEDPOLYGONALFACE((70,75,53));
#3009=IFCINDEXEDPOLYGONALFACE((60,48,37));
#3010=IFCINDEXEDPOLYGONALFACE((66,65,17));
#3011=IFCINDEXEDPOLYGONALFACE((74,5,61));
#3012=IFCINDEXEDPOLYGONALFACE((63,62,16));
#3013=IFCINDEXEDPOLYGONALFACE((46,47,6));
#3014=IFCINDEXEDPOLYGONALFACE((54,49,7));
#3015=IFCINDEXEDPOLYGONALFACE((35,53,48));
#3016=IFCINDEXEDPOLYGONALFACE((48,60,59));
#3017=IFCINDEXEDPOLYGONALFACE((6,47,48));
#3018=IFCINDEXEDPOLYGONALFACE((7,49,46));
#3019=IFCINDEXEDPOLYGONALFACE((49,34,50));
#3020=IFCINDEXEDPOLYGONALFACE((57,51,34));
#3021=IFCINDEXEDPOLYGONALFACE((74,76,4));
#3022=IFCINDEXEDPOLYGONALFACE((52,51,33));
#3023=IFCINDEXEDPOLYGONALFACE((52,34,51));
#3024=IFCINDEXEDPOLYGONALFACE((50,34,52));
#3025=IFCINDEXEDPOLYGONALFACE((71,33,69));
#3026=IFCINDEXEDPOLYGONALFACE((73,36,72));
#3027=IFCINDEXEDPOLYGONALFACE((55,32,56));
#3028=IFCINDEXEDPOLYGONALFACE((56,34,54));
#3029=IFCINDEXEDPOLYGONALFACE((55,56,54));
#3030=IFCINDEXEDPOLYGONALFACE((68,55,8));
#3031=IFCINDEXEDPOLYGONALFACE((57,56,32));
#3032=IFCINDEXEDPOLYGONALFACE((59,60,5));
#3033=IFCINDEXEDPOLYGONALFACE((57,14,51));
#3034=IFCINDEXEDPOLYGONALFACE((58,32,30));
#3035=IFCINDEXEDPOLYGONALFACE((58,14,57));
#3036=IFCINDEXEDPOLYGONALFACE((59,6,48));
#3037=IFCINDEXEDPOLYGONALFACE((61,60,37));
#3038=IFCINDEXEDPOLYGONALFACE((62,61,37));
#3039=IFCINDEXEDPOLYGONALFACE((61,38,74));
#3040=IFCINDEXEDPOLYGONALFACE((72,62,73));
#3041=IFCINDEXEDPOLYGONALFACE((62,63,38));
#3042=IFCINDEXEDPOLYGONALFACE((65,64,4));
#3043=IFCINDEXEDPOLYGONALFACE((77,63,39));
#3044=IFCINDEXEDPOLYGONALFACE((76,65,4));
#3045=IFCINDEXEDPOLYGONALFACE((65,39,78,17));
#3046=IFCINDEXEDPOLYGONALFACE((65,66,64));
#3047=IFCINDEXEDPOLYGONALFACE((66,17,91,26));
#3048=IFCINDEXEDPOLYGONALFACE((30,68,31));
#3049=IFCINDEXEDPOLYGONALFACE((55,68,32));
#3050=IFCINDEXEDPOLYGONALFACE((70,53,35));
#3051=IFCINDEXEDPOLYGONALFACE((50,52,71));
#3052=IFCINDEXEDPOLYGONALFACE((71,35,50));
#3053=IFCINDEXEDPOLYGONALFACE((69,70,71));
#3054=IFCINDEXEDPOLYGONALFACE((35,71,70));
#3055=IFCINDEXEDPOLYGONALFACE((48,73,37));
#3056=IFCINDEXEDPOLYGONALFACE((16,62,72));
#3057=IFCINDEXEDPOLYGONALFACE((53,36,73));
#3058=IFCINDEXEDPOLYGONALFACE((76,74,38));
#3059=IFCINDEXEDPOLYGONALFACE((75,70,15));
#3060=IFCINDEXEDPOLYGONALFACE((75,36,53));
#3061=IFCINDEXEDPOLYGONALFACE((77,76,38));
#3062=IFCINDEXEDPOLYGONALFACE((63,77,38));
#3063=IFCINDEXEDPOLYGONALFACE((65,77,39));
#3064=IFCINDEXEDPOLYGONALFACE((90,18,26));
#3065=IFCINDEXEDPOLYGONALFACE((112,84,113));
#3066=IFCINDEXEDPOLYGONALFACE((17,95,94));
#3067=IFCINDEXEDPOLYGONALFACE((114,115,97));
#3068=IFCINDEXEDPOLYGONALFACE((98,106,109));
#3069=IFCINDEXEDPOLYGONALFACE((109,106,108));
#3070=IFCINDEXEDPOLYGONALFACE((88,1,20,43,18,87,101,102));
#3071=IFCINDEXEDPOLYGONALFACE((91,17,94,26));
#3072=IFCINDEXEDPOLYGONALFACE((95,17,78,39));
#3073=IFCINDEXEDPOLYGONALFACE((19,11,89,103,104,79,12,40));
#3074=IFCINDEXEDPOLYGONALFACE((85,93,123));
#3075=IFCINDEXEDPOLYGONALFACE((26,86,90));
#3076=IFCINDEXEDPOLYGONALFACE((97,108,112));
#3077=IFCINDEXEDPOLYGONALFACE((118,119,100));
#3078=IFCINDEXEDPOLYGONALFACE((96,63,115));
#3079=IFCINDEXEDPOLYGONALFACE((129,121,128));
#3080=IFCINDEXEDPOLYGONALFACE((93,86,94));
#3081=IFCINDEXEDPOLYGONALFACE((39,96,123));
#3082=IFCINDEXEDPOLYGONALFACE((12,79,92));
#3083=IFCINDEXEDPOLYGONALFACE((82,117,118));
#3084=IFCINDEXEDPOLYGONALFACE((80,24,92));
#3085=IFCINDEXEDPOLYGONALFACE((122,80,120));
#3086=IFCINDEXEDPOLYGONALFACE((93,95,123));
#3087=IFCINDEXEDPOLYGONALFACE((12,92,24));
#3088=IFCINDEXEDPOLYGONALFACE((122,24,80));
#3089=IFCINDEXEDPOLYGONALFACE((26,94,86));
#3090=IFCINDEXEDPOLYGONALFACE((107,106,98));
#3091=IFCINDEXEDPOLYGONALFACE((93,94,95));
#3092=IFCINDEXEDPOLYGONALFACE((90,87,18));
#3093=IFCINDEXEDPOLYGONALFACE((110,36,125));
#3094=IFCINDEXEDPOLYGONALFACE((15,124,75));
#3095=IFCINDEXEDPOLYGONALFACE((51,14,119));
#3096=IFCINDEXEDPOLYGONALFACE((108,106,105));
#3097=IFCINDEXEDPOLYGONALFACE((111,126,107));
#3098=IFCINDEXEDPOLYGONALFACE((124,69,111));
#3099=IFCINDEXEDPOLYGONALFACE((117,107,99));
#3100=IFCINDEXEDPOLYGONALFACE((122,121,13));
#3101=IFCINDEXEDPOLYGONALFACE((127,82,118));
#3102=IFCINDEXEDPOLYGONALFACE((58,119,14));
#3103=IFCINDEXEDPOLYGONALFACE((105,106,83));
#3104=IFCINDEXEDPOLYGONALFACE((112,108,84));
#3105=IFCINDEXEDPOLYGONALFACE((98,111,107));
#3106=IFCINDEXEDPOLYGONALFACE((107,117,116));
#3107=IFCINDEXEDPOLYGONALFACE((83,106,107));
#3108=IFCINDEXEDPOLYGONALFACE((84,108,105));
#3109=IFCINDEXEDPOLYGONALFACE((108,97,109));
#3110=IFCINDEXEDPOLYGONALFACE((115,72,97));
#3111=IFCINDEXEDPOLYGONALFACE((127,128,81));
#3112=IFCINDEXEDPOLYGONALFACE((110,72,36));
#3113=IFCINDEXEDPOLYGONALFACE((110,97,72));
#3114=IFCINDEXEDPOLYGONALFACE((109,97,110));
#3115=IFCINDEXEDPOLYGONALFACE((125,36,75));
#3116=IFCINDEXEDPOLYGONALFACE((126,33,51));
#3117=IFCINDEXEDPOLYGONALFACE((113,96,114));
#3118=IFCINDEXEDPOLYGONALFACE((114,97,112));
#3119=IFCINDEXEDPOLYGONALFACE((113,114,112));
#3120=IFCINDEXEDPOLYGONALFACE((123,113,85));
#3121=IFCINDEXEDPOLYGONALFACE((115,114,96));
#3122=IFCINDEXEDPOLYGONALFACE((116,117,82));
#3123=IFCINDEXEDPOLYGONALFACE((115,16,72));
#3124=IFCINDEXEDPOLYGONALFACE((63,96,39));
#3125=IFCINDEXEDPOLYGONALFACE((63,16,115));
#3126=IFCINDEXEDPOLYGONALFACE((116,83,107));
#3127=IFCINDEXEDPOLYGONALFACE((118,117,99));
#3128=IFCINDEXEDPOLYGONALFACE((119,118,99));
#3129=IFCINDEXEDPOLYGONALFACE((118,100,127));
#3130=IFCINDEXEDPOLYGONALFACE((99,126,119));
#3131=IFCINDEXEDPOLYGONALFACE((119,58,100));
#3132=IFCINDEXEDPOLYGONALFACE((121,120,81));
#3133=IFCINDEXEDPOLYGONALFACE((129,58,30));
#3134=IFCINDEXEDPOLYGONALFACE((128,121,81));
#3135=IFCINDEXEDPOLYGONALFACE((121,30,67,13));
#3136=IFCINDEXEDPOLYGONALFACE((121,122,120));
#3137=IFCINDEXEDPOLYGONALFACE((122,13,25,24));
#3138=IFCINDEXEDPOLYGONALFACE((39,123,95));
#3139=IFCINDEXEDPOLYGONALFACE((113,123,96));
#3140=IFCINDEXEDPOLYGONALFACE((124,111,98));
#3141=IFCINDEXEDPOLYGONALFACE((109,110,125));
#3142=IFCINDEXEDPOLYGONALFACE((125,98,109));
#3143=IFCINDEXEDPOLYGONALFACE((75,124,125));
#3144=IFCINDEXEDPOLYGONALFACE((98,125,124));
#3145=IFCINDEXEDPOLYGONALFACE((51,119,126));
#3146=IFCINDEXEDPOLYGONALFACE((107,126,99));
#3147=IFCINDEXEDPOLYGONALFACE((111,33,126));
#3148=IFCINDEXEDPOLYGONALFACE((128,127,100));
#3149=IFCINDEXEDPOLYGONALFACE((69,124,15));
#3150=IFCINDEXEDPOLYGONALFACE((69,33,111));
#3151=IFCINDEXEDPOLYGONALFACE((129,128,100));
#3152=IFCINDEXEDPOLYGONALFACE((58,129,100));
#3153=IFCINDEXEDPOLYGONALFACE((121,129,30));
#3154=IFCINDEXEDPOLYGONALFACE((45,44,22,1,88,102,101,87,90,86,93,85,113,84,105,83,116,82,127,81,120,80,92,79,104,103,89,11,21,42,41,10,23,9,28,8,55,7,46,6,59,5,74,4,64,3,27,2));
#3155=IFCCARTESIANPOINTLIST3D(((-5.3679457310071372,0.05819999999996571,7.3295632584114863),(-5.374161553437653,0.058199999999965724,7.2903181001258686),(-5.392200572721519,0.058199999999965744,7.2549145313703445),(-5.4202970039659926,0.0581999999999658,7.2268181001258709),(-5.4557005727215175,0.058199999999965855,7.2087790808420058),(-5.4949457310071352,0.058199999999965918,7.20256325841149),(-5.5341908892927512,0.058199999999965973,7.2087790808420058),(-5.569594458048277,0.058199999999966036,7.2268181001258727),(-5.5976908892927497,0.058199999999966084,7.2549145313703454),(-5.6157299085766157,0.058199999999966112,7.2903181001258694),(-5.6219457310071315,0.058199999999966119,7.3295632584114871),(-5.5960064616458585,0.083456137921315385,7.3295632584114871),(-5.5651696129153034,0.10242471609860015,7.3295632584114871),(-5.5309295923187758,0.1141864841310114,7.3295632584114871),(-5.4949457310071343,0.11817144621406862,7.3295632584114871),(-5.458961869695492,0.11418648413101128,7.3295632584114871),(-5.4247218490989653,0.10242471609859993,7.3295632584114871),(-5.3938850003684102,0.083456137921315066,7.3295632584114863),(-5.6117626041942881,0.068114946009961957,7.3295632584114871),(-5.3781288578025706,0.068114945993009976,7.3295632584114863),(-5.6192106521794534,0.058199999999966112,7.3122946503204842),(-5.3706808098812324,0.058199999999965724,7.3122946500274129),(-5.6067103989346831,0.058199999999966091,7.272616315748107),(-5.5805880372805801,0.092940427009957763,7.3295632584114871),(-5.5728788250979413,0.097682571554278952,7.3295632584114871),(-5.4093034247336877,0.092940427009957499,7.3295632584114871),(-5.3831810630795864,0.058199999999965737,7.272616315748107),(-5.5836426736705134,0.058199999999966057,7.240866315748109),(-5.5862858803773934,0.081874395977493838,7.2818329162814726),(-5.5480496026170396,0.10830560011480576,7.3295632584114871),(-5.5725372020525761,0.091646102893118045,7.2848353886861412),(-5.5544873697694186,0.091316122726697521,7.2619856497555908),(-5.5129376616629555,0.11617896517254001,7.3295632584114871),(-5.5313237756568734,0.09877058410881065,7.2611417678592689),(-5.5024592686700684,0.10372832519510598,7.2625892479062459),(-5.4769538003513132,0.11617896517253995,7.3295632584114871),(-5.4590118999519941,0.098973911788749688,7.2613386832058531),(-5.4366009767183821,0.090196711296472484,7.258749102792974),(-5.4418418593972291,0.10830560011480561,7.3295632584114871),(-5.6038845329200733,0.075785541965638678,7.3295632584114871),(-5.6174702803780336,0.058199999999966112,7.3013063752231773),(-5.6183404662787453,0.058199999999966112,7.3068005127718303),(-5.3860069290854895,0.075785541957162514,7.3295632584114871),(-5.3724211816594423,0.058199999999965724,7.3013063750766412),(-5.3732913675485481,0.058199999999965724,7.295812237601254),(-5.5145683101499428,0.058199999999965939,7.2056711696267479),(-5.5049804282100281,0.082321816184953558,7.227555271123097),(-5.481028993616345,0.09017092938940352,7.2388322474779159),(-5.5214130176279106,0.083078094210583472,7.2315290401243786),(-5.5172593154317227,0.10144773283405113,7.2608382994209295),(-5.5219336269908652,0.1151827246517757,7.3295632584114871),(-5.5252057454671206,0.11073657972604165,7.2911640189086357),(-5.4835458274264921,0.11131256864712261,7.283967279696542),(-5.5346132153800749,0.081098160587553217,7.2334068088186116),(-5.5518926736705145,0.058199999999966008,7.2177985904839392),(-5.5431865060345915,0.093468053616304989,7.2575360855166888),(-5.5462275177236968,0.10466632830918536,7.2891919704820483),(-5.5394895974679077,0.11124604212290859,7.3295632584114871),(-5.4753231518643268,0.05819999999996589,7.2056711696267479),(-5.4652063517387468,0.079829056421248448,7.2282871018695047),(-5.4507633565255116,0.081994603322526102,7.2366208031241959),(-5.4474135348825108,0.098108574086025233,7.2668163604600426),(-5.450401864546361,0.11124604212290845,7.3295632584114871),(-5.4062487883437562,0.058199999999965772,7.2408663157481081),(-5.41746052843125,0.087668129327194519,7.2738979806343096),(-5.4040716551070531,0.081119879578904167,7.2790069468853629),(-5.5566096077661706,0.10536515810670295,7.3295632584114871),(-5.5665705243908201,0.083421937642494517,7.2582047721867049),(-5.5039416963350449,0.11717520569330431,7.3295632584114871),(-5.4986207877102222,0.11452013254645964,7.2952975652483083),(-5.5124749564859208,0.11282895406037768,7.2918615909482511),(-5.4679578350234026,0.11518272465177562,7.3295632584114871),(-5.464694711059086,0.11086735073006744,7.2916955861634341),(-5.4379987883437551,0.058199999999965821,7.2177985904839383),(-5.4859497656792238,0.11717520569330428,7.3295632584114871),(-5.4252075459465381,0.081336524679084005,7.2527819264753361),(-5.4315728019120479,0.09946008390276076,7.2872758472151222),(-5.4332818542480963,0.10536515810670277,7.3295632584114871),(-5.6157299085766157,0.058199999999966112,7.3688084166971057),(-5.5976908892927488,0.058199999999966084,7.4042119854526298),(-5.5695944580482761,0.058199999999966036,7.4323084166971034),(-5.5341908892927503,0.058199999999965973,7.4503474359809685),(-5.4949457310071335,0.058199999999965918,7.4565632584114843),(-5.4557005727215158,0.058199999999965855,7.4503474359809685),(-5.4202970039659917,0.0581999999999658,7.4323084166971025),(-5.3922005727215181,0.058199999999965744,7.4042119854526289),(-5.374161553437653,0.058199999999965724,7.368808416697104),(-5.3706808098342016,0.05819999999996571,7.3468318664986185),(-5.6192106521750445,0.058199999999966112,7.3468318665303327),(-5.3831810630795847,0.058199999999965737,7.3865102010748664),(-5.4170126369163256,0.097682571554278702,7.3295632584114863),(-5.6067103989346823,0.058199999999966091,7.3865102010748673),(-5.4062487883437544,0.058199999999965772,7.4182602010748653),(-5.4036055817056274,0.081874396009710471,7.3772936005865652),(-5.4173542601553741,0.091646103149515643,7.3742911276821363),(-5.4354040924716447,0.09131612275771181,7.3971408672040573),(-5.4585676875682525,0.098770584400362182,7.3979847489893844),(-5.4874321936423911,0.10372832707189436,7.3965372647463683),(-5.5308795619705871,0.098973911541309356,7.3977878341922505),(-5.5532904869253201,0.090196712224520678,7.4003774108988187),(-5.3724211816359269,0.05819999999996571,7.3578201415978599),(-5.3715509957350642,0.058199999999965724,7.3523260040482397),(-5.6174702803758292,0.058199999999966112,7.3578201416137192),(-5.6166000944762233,0.058199999999966112,7.3633142791554125),(-5.4753231518643242,0.05819999999996589,7.4534553471962273),(-5.4849110341045906,0.082321817887802295,7.4315712435825256),(-5.5088624679860487,0.09017093234304871,7.4202942649660146),(-5.4684784445729937,0.083078093573013656,7.4275974775903135),(-5.4726321476901978,0.10144773121303133,7.398288221246295),(-5.4646857168428244,0.11073657997808602,7.3679624971166762),(-5.5063456347964079,0.11131256939471329,7.3751592344902788),(-5.4552782461179854,0.081098161028238247,7.4257197072076062),(-5.4379987883437542,0.058199999999965821,7.4413279263390351),(-5.4467049566265207,0.093468055768912428,7.4015904275627999),(-5.4436639438837116,0.10466632865937316,7.3699345445147175),(-5.5145683101499419,0.058199999999965939,7.4534553471962273),(-5.5246851108507897,0.079829056008457439,7.4308394152985784),(-5.539128107521619,0.081994603893008153,7.4225057119450186),(-5.5424779280546383,0.098108575873043877,7.3923101515514817),(-5.5836426736705125,0.058199999999966057,7.4182602010748662),(-5.5724309356331627,0.087668129325964253,7.385228533337858),(-5.5858198060734781,0.081119882659683937,7.3801195636723946),(-5.4233209376979783,0.083421937514101388,7.4009217449444566),(-5.4912706745022843,0.11452013302722312,7.3638289493397346),(-5.4774165060093818,0.11282895364028031,7.3672649278713509),(-5.5251967510124551,0.11086735060070563,7.3674309311506496),(-5.5518926736705128,0.058199999999966008,7.4413279263390359),(-5.5646839176945306,0.081336524789021356,7.4063445886873307),(-5.5583186628146084,0.099460083585004702,7.3718506666381698)));
#3156=IFCPOLYGONALFACESET(#3155,.T.,(#2974,#2975,#2976,#2977,#2978,#2979,#2980,#2981,#2982,#2983,#2984,#2985,#2986,#2987,#2988,#2989,#2990,#2991,#2992,#2993,#2994,#2995,#2996,#2997,#2998,#2999,#3000,#3001,#3002,#3003,#3004,#3005,#3006,#3007,#3008,#3009,#3010,#3011,#3012,#3013,#3014,#3015,#3016,#3017,#3018,#3019,#3020,#3021,#3022,#3023,#3024,#3025,#3026,#3027,#3028,#3029,#3030,#3031,#3032,#3033,#3034,#3035,#3036,#3037,#3038,#3039,#3040,#3041,#3042,#3043,#3044,#3045,#3046,#3047,#3048,#3049,#3050,#3051,#3052,#3053,#3054,#3055,#3056,#3057,#3058,#3059,#3060,#3061,#3062,#3063,#3064,#3065,#3066,#3067,#3068,#3069,#3070,#3071,#3072,#3073,#3074,#3075,#3076,#3077,#3078,#3079,#3080,#3081,#3082,#3083,#3084,#3085,#3086,#3087,#3088,#3089,#3090,#3091,#3092,#3093,#3094,#3095,#3096,#3097,#3098,#3099,#3100,#3101,#3102,#3103,#3104,#3105,#3106,#3107,#3108,#3109,#3110,#3111,#3112,#3113,#3114,#3115,#3116,#3117,#3118,#3119,#3120,#3121,#3122,#3123,#3124,#3125,#3126,#3127,#3128,#3129,#3130,#3131,#3132,#3133,#3134,#3135,#3136,#3137,#3138,#3139,#3140,#3141,#3142,#3143,#3144,#3145,#3146,#3147,#3148,#3149,#3150,#3151,#3152,#3153,#3154),$);
#3157=IFCINDEXEDCOLOURMAP(#3156,1.,#2973,(1,1,1,1,1,1,1,1,1,1,1,1,1,1,1,1,1,1,1,1,1,1,1,1,1,1,1,1,1,1,1,1,1,1,1,1,1,1,1,1,1,1,1,1,1,1,1,1,1,1,1,1,1,1,1,1,1,1,1,1,1,1,1,1,1,1,1,1,1,1,1,1,1,1,1,1,1,1,1,1,1,1,1,1,1,1,1,1,1,1,1,1,1,1,1,1,1,1,1,1,1,1,1,1,1,1,1,1,1,1,1,1,1,1,1,1,1,1,1,1,1,1,1,1,1,1,1,1,1,1,1,1,1,1,1,1,1,1,1,1,1,1,1,1,1,1,1,1,1,1,1,1,1,1,1,1,1,1,1,1,1,1,1,1,1,1,1,1,1,1,1,1,1,1,1,1,1,1,1,1,1));
#3158=IFCSTYLEDITEM(#3156,(#1163),$);
#3159=IFCCOLOURRGBLIST(((0.,0.50980392156862742,0.)));
#3160=IFCINDEXEDPOLYGONALFACE((23,12,24));
#3161=IFCINDEXEDPOLYGONALFACE((54,7,55));
#3162=IFCINDEXEDPOLYGONALFACE((13,31,29));
#3163=IFCINDEXEDPOLYGONALFACE((56,57,34));
#3164=IFCINDEXEDPOLYGONALFACE((35,47,50));
#3165=IFCINDEXEDPOLYGONALFACE((50,47,49));
#3166=IFCINDEXEDPOLYGONALFACE((61,26,3));
#3167=IFCINDEXEDPOLYGONALFACE((19,40,12,10,41,42,21,11));
#3168=IFCINDEXEDPOLYGONALFACE((25,13,29,24));
#3169=IFCINDEXEDPOLYGONALFACE((31,13,67,30));
#3170=IFCINDEXEDPOLYGONALFACE((23,10,12));
#3171=IFCINDEXEDPOLYGONALFACE((8,28,68));
#3172=IFCINDEXEDPOLYGONALFACE((18,27,26));
#3173=IFCINDEXEDPOLYGONALFACE((24,9,23));
#3174=IFCINDEXEDPOLYGONALFACE((34,49,54));
#3175=IFCINDEXEDPOLYGONALFACE((64,65,38));
#3176=IFCINDEXEDPOLYGONALFACE((32,58,57));
#3177=IFCINDEXEDPOLYGONALFACE((77,60,76));
#3178=IFCINDEXEDPOLYGONALFACE((28,9,29));
#3179=IFCINDEXEDPOLYGONALFACE((30,32,68));
#3180=IFCINDEXEDPOLYGONALFACE((18,2,27));
#3181=IFCINDEXEDPOLYGONALFACE((22,44,45,2,18,43,20,1));
#3182=IFCINDEXEDPOLYGONALFACE((64,5,63));
#3183=IFCINDEXEDPOLYGONALFACE((3,26,27));
#3184=IFCINDEXEDPOLYGONALFACE((61,3,59));
#3185=IFCINDEXEDPOLYGONALFACE((24,29,9));
#3186=IFCINDEXEDPOLYGONALFACE((48,47,35));
#3187=IFCINDEXEDPOLYGONALFACE((28,29,31));
#3188=IFCINDEXEDPOLYGONALFACE((28,31,68));
#3189=IFCINDEXEDPOLYGONALFACE((34,52,51));
#3190=IFCINDEXEDPOLYGONALFACE((69,71,70));
#3191=IFCINDEXEDPOLYGONALFACE((72,16,65));
#3192=IFCINDEXEDPOLYGONALFACE((49,47,46));
#3193=IFCINDEXEDPOLYGONALFACE((53,73,48));
#3194=IFCINDEXEDPOLYGONALFACE((71,75,53));
#3195=IFCINDEXEDPOLYGONALFACE((63,48,37));
#3196=IFCINDEXEDPOLYGONALFACE((61,60,17));
#3197=IFCINDEXEDPOLYGONALFACE((74,5,64));
#3198=IFCINDEXEDPOLYGONALFACE((66,65,16));
#3199=IFCINDEXEDPOLYGONALFACE((46,47,6));
#3200=IFCINDEXEDPOLYGONALFACE((54,49,7));
#3201=IFCINDEXEDPOLYGONALFACE((35,53,48));
#3202=IFCINDEXEDPOLYGONALFACE((48,63,62));
#3203=IFCINDEXEDPOLYGONALFACE((6,47,48));
#3204=IFCINDEXEDPOLYGONALFACE((7,49,46));
#3205=IFCINDEXEDPOLYGONALFACE((49,34,50));
#3206=IFCINDEXEDPOLYGONALFACE((34,51,50));
#3207=IFCINDEXEDPOLYGONALFACE((71,69,15));
#3208=IFCINDEXEDPOLYGONALFACE((33,70,51));
#3209=IFCINDEXEDPOLYGONALFACE((33,69,70));
#3210=IFCINDEXEDPOLYGONALFACE((34,57,52));
#3211=IFCINDEXEDPOLYGONALFACE((52,33,51));
#3212=IFCINDEXEDPOLYGONALFACE((73,53,36));
#3213=IFCINDEXEDPOLYGONALFACE((55,32,56));
#3214=IFCINDEXEDPOLYGONALFACE((56,34,54));
#3215=IFCINDEXEDPOLYGONALFACE((55,56,54));
#3216=IFCINDEXEDPOLYGONALFACE((68,55,8));
#3217=IFCINDEXEDPOLYGONALFACE((57,56,32));
#3218=IFCINDEXEDPOLYGONALFACE((60,59,4));
#3219=IFCINDEXEDPOLYGONALFACE((57,14,52));
#3220=IFCINDEXEDPOLYGONALFACE((58,32,30));
#3221=IFCINDEXEDPOLYGONALFACE((58,14,57));
#3222=IFCINDEXEDPOLYGONALFACE((76,60,4));
#3223=IFCINDEXEDPOLYGONALFACE((60,39,78,17));
#3224=IFCINDEXEDPOLYGONALFACE((60,61,59));
#3225=IFCINDEXEDPOLYGONALFACE((61,17,91,26));
#3226=IFCINDEXEDPOLYGONALFACE((62,63,5));
#3227=IFCINDEXEDPOLYGONALFACE((62,6,48));
#3228=IFCINDEXEDPOLYGONALFACE((64,63,37));
#3229=IFCINDEXEDPOLYGONALFACE((65,64,37));
#3230=IFCINDEXEDPOLYGONALFACE((64,38,74));
#3231=IFCINDEXEDPOLYGONALFACE((37,73,65));
#3232=IFCINDEXEDPOLYGONALFACE((65,66,38));
#3233=IFCINDEXEDPOLYGONALFACE((30,68,31));
#3234=IFCINDEXEDPOLYGONALFACE((77,66,39));
#3235=IFCINDEXEDPOLYGONALFACE((55,68,32));
#3236=IFCINDEXEDPOLYGONALFACE((70,71,35));
#3237=IFCINDEXEDPOLYGONALFACE((51,70,50));
#3238=IFCINDEXEDPOLYGONALFACE((35,50,70));
#3239=IFCINDEXEDPOLYGONALFACE((74,76,4));
#3240=IFCINDEXEDPOLYGONALFACE((53,35,71));
#3241=IFCINDEXEDPOLYGONALFACE((73,36,72));
#3242=IFCINDEXEDPOLYGONALFACE((48,73,37));
#3243=IFCINDEXEDPOLYGONALFACE((65,73,72));
#3244=IFCINDEXEDPOLYGONALFACE((76,74,38));
#3245=IFCINDEXEDPOLYGONALFACE((75,71,15));
#3246=IFCINDEXEDPOLYGONALFACE((75,36,53));
#3247=IFCINDEXEDPOLYGONALFACE((77,76,38));
#3248=IFCINDEXEDPOLYGONALFACE((66,77,38));
#3249=IFCINDEXEDPOLYGONALFACE((60,77,39));
#3250=IFCINDEXEDPOLYGONALFACE((90,18,26));
#3251=IFCINDEXEDPOLYGONALFACE((112,84,113));
#3252=IFCINDEXEDPOLYGONALFACE((17,95,94));
#3253=IFCINDEXEDPOLYGONALFACE((114,115,97));
#3254=IFCINDEXEDPOLYGONALFACE((98,106,109));
#3255=IFCINDEXEDPOLYGONALFACE((109,106,108));
#3256=IFCINDEXEDPOLYGONALFACE((88,1,20,43,18,87,101,102));
#3257=IFCINDEXEDPOLYGONALFACE((91,17,94,26));
#3258=IFCINDEXEDPOLYGONALFACE((95,17,78,39));
#3259=IFCINDEXEDPOLYGONALFACE((19,11,89,103,104,79,12,40));
#3260=IFCINDEXEDPOLYGONALFACE((85,93,123));
#3261=IFCINDEXEDPOLYGONALFACE((26,86,90));
#3262=IFCINDEXEDPOLYGONALFACE((97,108,112));
#3263=IFCINDEXEDPOLYGONALFACE((121,122,100));
#3264=IFCINDEXEDPOLYGONALFACE((96,66,115));
#3265=IFCINDEXEDPOLYGONALFACE((129,117,128));
#3266=IFCINDEXEDPOLYGONALFACE((93,86,94));
#3267=IFCINDEXEDPOLYGONALFACE((39,96,123));
#3268=IFCINDEXEDPOLYGONALFACE((12,79,92));
#3269=IFCINDEXEDPOLYGONALFACE((82,120,121));
#3270=IFCINDEXEDPOLYGONALFACE((80,24,92));
#3271=IFCINDEXEDPOLYGONALFACE((118,80,116));
#3272=IFCINDEXEDPOLYGONALFACE((93,95,123));
#3273=IFCINDEXEDPOLYGONALFACE((12,92,24));
#3274=IFCINDEXEDPOLYGONALFACE((118,24,80));
#3275=IFCINDEXEDPOLYGONALFACE((26,94,86));
#3276=IFCINDEXEDPOLYGONALFACE((107,106,98));
#3277=IFCINDEXEDPOLYGONALFACE((93,94,95));
#3278=IFCINDEXEDPOLYGONALFACE((90,87,18));
#3279=IFCINDEXEDPOLYGONALFACE((97,72,110));
#3280=IFCINDEXEDPOLYGONALFACE((75,125,124));
#3281=IFCINDEXEDPOLYGONALFACE((52,14,122));
#3282=IFCINDEXEDPOLYGONALFACE((108,106,105));
#3283=IFCINDEXEDPOLYGONALFACE((111,126,107));
#3284=IFCINDEXEDPOLYGONALFACE((125,69,111));
#3285=IFCINDEXEDPOLYGONALFACE((120,107,99));
#3286=IFCINDEXEDPOLYGONALFACE((118,117,13));
#3287=IFCINDEXEDPOLYGONALFACE((127,82,121));
#3288=IFCINDEXEDPOLYGONALFACE((58,122,14));
#3289=IFCINDEXEDPOLYGONALFACE((105,106,83));
#3290=IFCINDEXEDPOLYGONALFACE((112,108,84));
#3291=IFCINDEXEDPOLYGONALFACE((98,111,107));
#3292=IFCINDEXEDPOLYGONALFACE((107,120,119));
#3293=IFCINDEXEDPOLYGONALFACE((83,106,107));
#3294=IFCINDEXEDPOLYGONALFACE((84,108,105));
#3295=IFCINDEXEDPOLYGONALFACE((108,97,109));
#3296=IFCINDEXEDPOLYGONALFACE((97,110,109));
#3297=IFCINDEXEDPOLYGONALFACE((125,75,15));
#3298=IFCINDEXEDPOLYGONALFACE((36,124,110));
#3299=IFCINDEXEDPOLYGONALFACE((36,75,124));
#3300=IFCINDEXEDPOLYGONALFACE((97,115,72));
#3301=IFCINDEXEDPOLYGONALFACE((72,36,110));
#3302=IFCINDEXEDPOLYGONALFACE((126,33,52));
#3303=IFCINDEXEDPOLYGONALFACE((113,96,114));
#3304=IFCINDEXEDPOLYGONALFACE((114,97,112));
#3305=IFCINDEXEDPOLYGONALFACE((113,114,112));
#3306=IFCINDEXEDPOLYGONALFACE((123,113,85));
#3307=IFCINDEXEDPOLYGONALFACE((115,114,96));
#3308=IFCINDEXEDPOLYGONALFACE((117,116,81));
#3309=IFCINDEXEDPOLYGONALFACE((115,16,72));
#3310=IFCINDEXEDPOLYGONALFACE((66,96,39));
#3311=IFCINDEXEDPOLYGONALFACE((66,16,115));
#3312=IFCINDEXEDPOLYGONALFACE((128,117,81));
#3313=IFCINDEXEDPOLYGONALFACE((117,30,67,13));
#3314=IFCINDEXEDPOLYGONALFACE((117,118,116));
#3315=IFCINDEXEDPOLYGONALFACE((118,13,25,24));
#3316=IFCINDEXEDPOLYGONALFACE((119,120,82));
#3317=IFCINDEXEDPOLYGONALFACE((119,83,107));
#3318=IFCINDEXEDPOLYGONALFACE((121,120,99));
#3319=IFCINDEXEDPOLYGONALFACE((122,121,99));
#3320=IFCINDEXEDPOLYGONALFACE((121,100,127));
#3321=IFCINDEXEDPOLYGONALFACE((99,126,122));
#3322=IFCINDEXEDPOLYGONALFACE((122,58,100));
#3323=IFCINDEXEDPOLYGONALFACE((39,123,95));
#3324=IFCINDEXEDPOLYGONALFACE((129,58,30));
#3325=IFCINDEXEDPOLYGONALFACE((113,123,96));
#3326=IFCINDEXEDPOLYGONALFACE((124,125,98));
#3327=IFCINDEXEDPOLYGONALFACE((110,124,109));
#3328=IFCINDEXEDPOLYGONALFACE((98,109,124));
#3329=IFCINDEXEDPOLYGONALFACE((127,128,81));
#3330=IFCINDEXEDPOLYGONALFACE((111,98,125));
#3331=IFCINDEXEDPOLYGONALFACE((52,122,126));
#3332=IFCINDEXEDPOLYGONALFACE((107,126,99));
#3333=IFCINDEXEDPOLYGONALFACE((111,33,126));
#3334=IFCINDEXEDPOLYGONALFACE((128,127,100));
#3335=IFCINDEXEDPOLYGONALFACE((69,125,15));
#3336=IFCINDEXEDPOLYGONALFACE((69,33,111));
#3337=IFCINDEXEDPOLYGONALFACE((129,128,100));
#3338=IFCINDEXEDPOLYGONALFACE((58,129,100));
#3339=IFCINDEXEDPOLYGONALFACE((117,129,30));
#3340=IFCINDEXEDPOLYGONALFACE((45,44,22,1,88,102,101,87,90,86,93,85,113,84,105,83,119,82,127,81,116,80,92,79,104,103,89,11,21,42,41,10,23,9,28,8,55,7,46,6,62,5,74,4,59,3,27,2));
#3341=IFCCARTESIANPOINTLIST3D(((-5.3679412978988923,0.058199999999964898,6.9887799250781519),(-5.3741572288152879,0.058199999999964912,6.9495340818396416),(-5.3921965629374426,0.058199999999964933,6.9141298951791859),(-5.4202934845540458,0.058199999999964988,6.8860329735625818),(-5.4556976712145024,0.058199999999965044,6.867993639440428),(-5.4949435144530137,0.058199999999965106,6.8617777085240323),(-5.534189357691524,0.058199999999965162,6.8679936394404288),(-5.5695935443519806,0.058199999999965224,6.8860329735625818),(-5.5976904659685838,0.058199999999965273,6.9141298951791867),(-5.6157298000907376,0.0581999999999653,6.9495340818396434),(-5.6219457310071332,0.058199999999965307,6.9887799250781537),(-5.5960140489532577,0.083473712553796098,6.9887799250781537),(-5.5651780060319798,0.10245662954129177,6.9887799250781537),(-5.5309339275535656,0.11422760102036844,6.9887799250781537),(-5.4949435144530128,0.11821543818461852,6.9887799250781537),(-5.458953101352459,0.11422760102036833,6.9887799250781537),(-5.4247090228740458,0.10245662954129155,6.9887799250781537),(-5.3938729799527678,0.083473712553795779,6.9887799250781519),(-5.6117628279208667,0.06812453034979471,6.9887799250781537),(-5.3781242009677142,0.068124530332793087,6.9887799250781519),(-5.6192102389541363,0.0581999999999653,6.971508707985163),(-5.3706767899983978,0.058199999999964912,6.9715087076915152),(-5.6067101330296598,0.05819999999996528,6.9318319885094146),(-5.5805960274926187,0.092965171047543926,6.9887799250781537),(-5.5728870167622997,0.097710900294417855,6.9887799250781537),(-5.4092910014134068,0.092965171047543663,6.9887799250781537),(-5.3831768958763648,0.058199999999964926,6.9318319885094137),(-5.5836420051602822,0.058199999999965245,6.9000814343708852),(-5.586289769649543,0.081895876330296796,6.9410543086610828),(-5.5480559667927718,0.1083421152808301,6.9887799250781537),(-5.5725378181554888,0.091683903985841905,6.9440788703181804),(-5.5544894512641827,0.09134349736513675,6.9211997639611882),(-5.5129387210032883,0.11622151960249347,6.9887799250781537),(-5.531297467261135,0.098809142673202816,6.920353319376936),(-5.5024640046793278,0.10381202695111715,6.9219099742456294),(-5.4769483079027355,0.11622151960249341,6.9887799250781537),(-5.4590089823474903,0.099001057504185697,6.9205389150340251),(-5.4365885005339321,0.090231473232701559,6.9179838249481387),(-5.4418310621132511,0.10834211528082993,6.9887799250781537),(-5.6038884384370631,0.075799121451795404,6.9887799250781537),(-5.6174700195224379,0.058199999999965307,6.9605213949124032),(-5.6183401292382866,0.0581999999999653,6.9660150514487835),(-5.3859985904602414,0.07579912144329444,6.9887799250781519),(-5.372417009406842,0.058199999999964912,6.9605213947655784),(-5.3732871191110654,0.058199999999964912,6.9550277383026105),(-5.5145664360722693,0.058199999999965127,6.8648856739822302),(-5.5049784775641806,0.082383178897996345,6.8868185483012256),(-5.4810402224562624,0.090273770960442729,6.8981567865480446),(-5.5214145052011965,0.083078747973239775,6.890714681217915),(-5.5172385920883746,0.10143358671824239,6.9199404681122711),(-5.5245405290054039,0.11056374053091403,6.9490145791299458),(-5.5219363242784283,0.11522456031143097,6.9887799250781537),(-5.4835544761658923,0.11137816911687652,6.9432651984998417),(-5.5346356263008953,0.08112692026658927,6.8926405994017657),(-5.5518914510217519,0.058199999999965196,6.8770133065015049),(-5.5431766276696912,0.093555506125409485,6.9168555857625114),(-5.5462460722659026,0.10471075913990187,6.9484587313417752),(-5.5394949471731696,0.11128485815059927,6.9887799250781537),(-5.4062450237457442,0.05819999999996496,6.9000814343708843),(-5.4174539414814946,0.087688080774769847,6.9331010801790205),(-5.404066463721783,0.081139915715716548,6.9382201917215873),(-5.4753205928337589,0.058199999999965078,6.8648856739822302),(-5.4652032952919187,0.079844156956478965,6.8874947439457053),(-5.4507449714792502,0.082010833773689645,6.8958342182931274),(-5.4474057930243758,0.098138210017206351,6.9260258987578869),(-5.4503920817328551,0.11128485815059913,6.9887799250781537),(-5.5566169864123758,0.10539937241106094,6.9887799250781537),(-5.5665785040530826,0.08343572941054879,6.9174109666096157),(-5.503941117728151,0.11721847889355601,6.9887799250781537),(-5.5119476462787809,0.11275278404366923,6.9503465601561345),(-5.4976919315887685,0.11445398199812559,6.9539219258351341),(-5.4679507046275981,0.11522456031143087,6.9887799250781537),(-5.4646894955993641,0.11090521036462009,6.950901145774032),(-5.4379955778842737,0.058199999999965009,6.8770133065015049),(-5.4859459111778737,0.11721847889355598,6.9887799250781537),(-5.4251985886677687,0.081339068255993172,6.9119696200367686),(-5.4315422442210854,0.099475729893629863,6.9464672549615152),(-5.4332700424936498,0.10539937241106075,6.9887799250781537),(-5.6157298000907376,0.0581999999999653,7.0280257683166649),(-5.5976904659685829,0.058199999999965273,7.0634299549771216),(-5.5695935443519797,0.058199999999965224,7.0915268765937247),(-5.5341893576915222,0.058199999999965162,7.1095662107158795),(-5.4949435144530119,0.058199999999965106,7.1157821416322742),(-5.4556976712145016,0.058199999999965044,7.1095662107158777),(-5.4202934845540449,0.058199999999964988,7.0915268765937238),(-5.3921965629374418,0.058199999999964933,7.0634299549771198),(-5.374157228815287,0.058199999999964912,7.0280257683166623),(-5.3706767899512737,0.058199999999964912,7.0060511421672649),(-5.6192102389497229,0.0581999999999653,7.0060511421990084),(-5.3831768958763639,0.058199999999964926,7.0457278616468919),(-5.4170000121437258,0.097710900294417591,6.9887799250781537),(-5.6067101330296598,0.05819999999996528,7.0457278616468928),(-5.4062450237457433,0.05819999999996496,7.0774784157854222),(-5.403597259325279,0.081895876362443845,7.0365055415406346),(-5.4173492109441774,0.091683904242019512,7.033480979384235),(-5.4353975778689367,0.091343497396098372,7.0563600863322131),(-5.4585895628583456,0.098809142965082655,7.0572065308056375),(-5.4874230245247695,0.10381202882314075,7.0556498717454268),(-5.5308780464667908,0.099001057257147959,7.0570209356961238),(-5.5532985300027775,0.090231474159693723,7.0595760220780361),(-5.3724170093832804,0.058199999999964912,7.0170384552419636),(-5.3715468996672771,0.058199999999964912,7.0115447987046133),(-5.6174700195202307,0.0581999999999653,7.0170384552578362),(-5.6165999098054833,0.0581999999999653,7.0225321117872506),(-5.4753205928337563,0.058199999999965078,7.1126741761740764),(-5.4849085516431542,0.082383180597709896,7.0907412997417527),(-5.5088468060406388,0.090273773904328378,7.079403059238687),(-5.4684725238937846,0.083078747340434259,7.0868451698234187),(-5.4726484379351996,0.10143358510998511,7.0576193858543688),(-5.4653465018275869,0.11056374029905809,7.028545273374454),(-5.5063325529498215,0.11137816986076164,7.0342946490289977),(-5.4552514020881029,0.081126920711534892,7.0849192499519402),(-5.4379955778842728,0.058199999999965009,7.1005465436548008),(-5.4467104018846459,0.093555508277475052,7.0607042606478094),(-5.4436409562341055,0.10471075948847398,7.0291011169935791),(-5.5836420051602813,0.058199999999965245,7.0774784157854231),(-5.5724330894744503,0.087688080775742056,7.0444587671220269),(-5.585820564352292,0.081139918799077559,7.039339652166225),(-5.5145664360722666,0.058199999999965127,7.1126741761740764),(-5.5246837341900292,0.079844156543988534,7.0900651065546887),(-5.5391420594631073,0.082010834346057437,7.0817256301054989),(-5.542481236805159,0.0981382118052503,7.0515339465870763),(-5.4233085249275828,0.083435729282454865,7.0601488838542252),(-5.4779393861897301,0.11275278303874056,7.0272132957318441),(-5.4921951007385923,0.1144539820638644,7.0236379242879972),(-5.5251975333639596,0.11090521023535239,7.0266587048725677),(-5.5518914510217501,0.058199999999965196,7.1005465436548016),(-5.5646884418636757,0.081339068368279657,7.0655902284572329),(-5.558344787398978,0.09947572957414158,7.0310925922278029)));
#3342=IFCPOLYGONALFACESET(#3341,.T.,(#3160,#3161,#3162,#3163,#3164,#3165,#3166,#3167,#3168,#3169,#3170,#3171,#3172,#3173,#3174,#3175,#3176,#3177,#3178,#3179,#3180,#3181,#3182,#3183,#3184,#3185,#3186,#3187,#3188,#3189,#3190,#3191,#3192,#3193,#3194,#3195,#3196,#3197,#3198,#3199,#3200,#3201,#3202,#3203,#3204,#3205,#3206,#3207,#3208,#3209,#3210,#3211,#3212,#3213,#3214,#3215,#3216,#3217,#3218,#3219,#3220,#3221,#3222,#3223,#3224,#3225,#3226,#3227,#3228,#3229,#3230,#3231,#3232,#3233,#3234,#3235,#3236,#3237,#3238,#3239,#3240,#3241,#3242,#3243,#3244,#3245,#3246,#3247,#3248,#3249,#3250,#3251,#3252,#3253,#3254,#3255,#3256,#3257,#3258,#3259,#3260,#3261,#3262,#3263,#3264,#3265,#3266,#3267,#3268,#3269,#3270,#3271,#3272,#3273,#3274,#3275,#3276,#3277,#3278,#3279,#3280,#3281,#3282,#3283,#3284,#3285,#3286,#3287,#3288,#3289,#3290,#3291,#3292,#3293,#3294,#3295,#3296,#3297,#3298,#3299,#3300,#3301,#3302,#3303,#3304,#3305,#3306,#3307,#3308,#3309,#3310,#3311,#3312,#3313,#3314,#3315,#3316,#3317,#3318,#3319,#3320,#3321,#3322,#3323,#3324,#3325,#3326,#3327,#3328,#3329,#3330,#3331,#3332,#3333,#3334,#3335,#3336,#3337,#3338,#3339,#3340),$);
#3343=IFCINDEXEDCOLOURMAP(#3342,1.,#3159,(1,1,1,1,1,1,1,1,1,1,1,1,1,1,1,1,1,1,1,1,1,1,1,1,1,1,1,1,1,1,1,1,1,1,1,1,1,1,1,1,1,1,1,1,1,1,1,1,1,1,1,1,1,1,1,1,1,1,1,1,1,1,1,1,1,1,1,1,1,1,1,1,1,1,1,1,1,1,1,1,1,1,1,1,1,1,1,1,1,1,1,1,1,1,1,1,1,1,1,1,1,1,1,1,1,1,1,1,1,1,1,1,1,1,1,1,1,1,1,1,1,1,1,1,1,1,1,1,1,1,1,1,1,1,1,1,1,1,1,1,1,1,1,1,1,1,1,1,1,1,1,1,1,1,1,1,1,1,1,1,1,1,1,1,1,1,1,1,1,1,1,1,1,1,1,1,1,1,1,1,1));
#3344=IFCSTYLEDITEM(#3342,(#1352),$);
#3345=IFCCOLOURRGBLIST(((0.,0.,0.)));
#3346=IFCINDEXEDPOLYGONALFACE((12,13,14,15,16,17,18,19,20,21,22,23,24,25,26,27,1,2,3,4,5,6,7,8,9,10,11));
#3347=IFCINDEXEDPOLYGONALFACE((54,28,29,30,31,32,33,34,35,36,37,38,39,40,41,42,43,44,45,46,47,48,49,50,51,52,53));
#3348=IFCINDEXEDPOLYGONALFACE((2,1,64,28,54));
#3349=IFCINDEXEDPOLYGONALFACE((3,2,54,53));
#3350=IFCINDEXEDPOLYGONALFACE((4,3,53,52,56));
#3351=IFCINDEXEDPOLYGONALFACE((24,23,60));
#3352=IFCINDEXEDPOLYGONALFACE((61,41,40));
#3353=IFCINDEXEDPOLYGONALFACE((8,55,9));
#3354=IFCINDEXEDPOLYGONALFACE((26,59,27));
#3355=IFCINDEXEDPOLYGONALFACE((56,5,4));
#3356=IFCINDEXEDPOLYGONALFACE((56,52,51));
#3357=IFCINDEXEDPOLYGONALFACE((20,58,21));
#3358=IFCINDEXEDPOLYGONALFACE((55,48,47));
#3359=IFCINDEXEDPOLYGONALFACE((62,5,56));
#3360=IFCINDEXEDPOLYGONALFACE((11,10,63));
#3361=IFCINDEXEDPOLYGONALFACE((62,55,7));
#3362=IFCINDEXEDPOLYGONALFACE((57,14,13));
#3363=IFCINDEXEDPOLYGONALFACE((16,15,61));
#3364=IFCINDEXEDPOLYGONALFACE((63,57,12));
#3365=IFCINDEXEDPOLYGONALFACE((6,62,7));
#3366=IFCINDEXEDPOLYGONALFACE((12,11,63));
#3367=IFCINDEXEDPOLYGONALFACE((57,13,12));
#3368=IFCINDEXEDPOLYGONALFACE((55,63,10));
#3369=IFCINDEXEDPOLYGONALFACE((59,64,27));
#3370=IFCINDEXEDPOLYGONALFACE((15,57,61));
#3371=IFCINDEXEDPOLYGONALFACE((62,50,49));
#3372=IFCINDEXEDPOLYGONALFACE((62,56,51));
#3373=IFCINDEXEDPOLYGONALFACE((9,55,10));
#3374=IFCINDEXEDPOLYGONALFACE((58,37,36));
#3375=IFCINDEXEDPOLYGONALFACE((62,6,5));
#3376=IFCINDEXEDPOLYGONALFACE((14,57,15));
#3377=IFCINDEXEDPOLYGONALFACE((57,43,42));
#3378=IFCINDEXEDPOLYGONALFACE((8,7,55));
#3379=IFCINDEXEDPOLYGONALFACE((62,51,50));
#3380=IFCINDEXEDPOLYGONALFACE((49,48,55));
#3381=IFCINDEXEDPOLYGONALFACE((46,55,47));
#3382=IFCINDEXEDPOLYGONALFACE((60,34,33));
#3383=IFCINDEXEDPOLYGONALFACE((59,31,30));
#3384=IFCINDEXEDPOLYGONALFACE((55,62,49));
#3385=IFCINDEXEDPOLYGONALFACE((46,63,55));
#3386=IFCINDEXEDPOLYGONALFACE((57,63,44));
#3387=IFCINDEXEDPOLYGONALFACE((44,63,45));
#3388=IFCINDEXEDPOLYGONALFACE((45,63,46));
#3389=IFCINDEXEDPOLYGONALFACE((43,57,44));
#3390=IFCINDEXEDPOLYGONALFACE((18,17,61));
#3391=IFCINDEXEDPOLYGONALFACE((57,42,41));
#3392=IFCINDEXEDPOLYGONALFACE((61,57,41));
#3393=IFCINDEXEDPOLYGONALFACE((20,19,58));
#3394=IFCINDEXEDPOLYGONALFACE((21,60,22));
#3395=IFCINDEXEDPOLYGONALFACE((61,58,18));
#3396=IFCINDEXEDPOLYGONALFACE((19,18,58));
#3397=IFCINDEXEDPOLYGONALFACE((60,21,58));
#3398=IFCINDEXEDPOLYGONALFACE((59,26,25));
#3399=IFCINDEXEDPOLYGONALFACE((64,29,28));
#3400=IFCINDEXEDPOLYGONALFACE((64,1,27));
#3401=IFCINDEXEDPOLYGONALFACE((60,59,24));
#3402=IFCINDEXEDPOLYGONALFACE((59,25,24));
#3403=IFCINDEXEDPOLYGONALFACE((23,22,60));
#3404=IFCINDEXEDPOLYGONALFACE((40,39,61));
#3405=IFCINDEXEDPOLYGONALFACE((61,38,58));
#3406=IFCINDEXEDPOLYGONALFACE((61,39,38));
#3407=IFCINDEXEDPOLYGONALFACE((58,38,37));
#3408=IFCINDEXEDPOLYGONALFACE((35,58,36));
#3409=IFCINDEXEDPOLYGONALFACE((35,60,58));
#3410=IFCINDEXEDPOLYGONALFACE((35,34,60));
#3411=IFCINDEXEDPOLYGONALFACE((59,60,32));
#3412=IFCINDEXEDPOLYGONALFACE((60,33,32));
#3413=IFCINDEXEDPOLYGONALFACE((32,31,59));
#3414=IFCINDEXEDPOLYGONALFACE((29,59,30));
#3415=IFCINDEXEDPOLYGONALFACE((29,64,59));
#3416=IFCINDEXEDPOLYGONALFACE((17,16,61));
#3417=IFCCARTESIANPOINTLIST3D(((-5.6441707310071969,0.14519052788263762,7.5308161870531851),(-5.6441707310071969,0.058199999999965682,7.5308161870531842),(-5.6441707310071969,0.058199999999965918,7.6734042646663871),(-5.6441707310071969,0.24567439271855523,7.6734042646663871),(-5.6441707310071969,0.24478866136261629,7.6583984411543566),(-5.6441707310071969,0.24233222551665062,7.6461607598829762),(-5.6441707310071969,0.23860622251343455,7.6362774576408849),(-5.6441707310071969,0.23391178968574472,7.6283347712167284),(-5.6441707310071969,0.22855006436635772,7.6219189373991449),(-5.6441707310071969,0.22282218388804984,7.6166161929767782),(-5.6441707310071969,0.2170292662116326,7.6120127986393697),(-5.6441707310071969,0.21140637125207912,7.607776517380259),(-5.6441707310071969,0.20597487604806661,7.6038387537589163),(-5.6441707310071969,0.20071302989399234,7.6001841232716991),(-5.6441707310071969,0.19559908208425322,7.5967972414149623),(-5.6441707310071969,0.19061128191324644,7.5936627236850622),(-5.6441707310071969,0.18572787867536927,7.59076518557836),(-5.6441707310071969,0.18092942927693029,7.5880760797353313),(-5.6441707310071969,0.17621891735775877,7.5854389343999644),(-5.6441707310071969,0.1716119479957457,7.5826252838343544),(-5.6441707310071969,0.16712426728490945,7.5794058579300918),(-5.6441707310071969,0.16277162131926864,7.5755513865787707),(-5.6441707310071969,0.15856975619284155,7.5708325996719763),(-5.6441707310071969,0.15454887899655514,7.5650339359333891),(-5.6441707310071969,0.15090273742615545,7.5580948683976041),(-5.6441707310071969,0.1479284596983963,7.5500528734535237),(-5.6441707310071969,0.14592480384123721,7.5409469725293272),(-5.6377166240923478,0.14519052788263762,7.5308161870531851),(-5.6377166240923478,0.14592480384123721,7.5409469725293272),(-5.6377166240923478,0.1479284596983963,7.5500528734535237),(-5.6377166240923478,0.15090273742615545,7.5580948683976041),(-5.6377166240923478,0.15454887899655514,7.5650339359333891),(-5.6377166240923478,0.15856975619284155,7.5708325996719763),(-5.6377166240923478,0.16277162131926864,7.5755513865787707),(-5.6377166240923478,0.16712426728490945,7.5794058579300918),(-5.6377166240923478,0.1716119479957457,7.5826252838343544),(-5.6377166240923478,0.17621891735775877,7.5854389343999644),(-5.6377166240923478,0.18092942927693029,7.5880760797353313),(-5.6377166240923478,0.18572787867536927,7.59076518557836),(-5.6377166240923478,0.19061128191324644,7.5936627236850622),(-5.6377166240923478,0.19559908208425322,7.5967972414149623),(-5.6377166240923478,0.20071302989399234,7.6001841232716991),(-5.6377166240923478,0.20597487604806661,7.6038387537589163),(-5.6377166240923478,0.21140637125207912,7.607776517380259),(-5.6377166240923478,0.2170292662116326,7.6120127986393697),(-5.6377166240923478,0.22282218388804984,7.6166161929767782),(-5.6377166240923478,0.22855006436635772,7.6219189373991449),(-5.6377166240923478,0.23391178968574472,7.6283347712167284),(-5.6377166240923478,0.23860622251343455,7.6362774576408849),(-5.6377166240923478,0.24233222551665062,7.6461607598829762),(-5.6377166240923478,0.24478866136261629,7.6583984411543566),(-5.6377166240923478,0.24567439271855446,7.6734042646663871),(-5.6377166240923478,0.058199999999965918,7.6734042646663871),(-5.6377166240923478,0.058199999999965668,7.5308161870531842),(-5.640943677449771,0.231295515566288,7.6249618556255347),(-5.641475503658393,0.24567439271855526,7.6734042646663871),(-5.6409436775490072,0.20332410595561831,7.6019770081943836),(-5.6409436775504584,0.17390150564552073,7.584068501603598),(-5.6409436775502453,0.14931294318049881,7.5542092979458237),(-5.6409436775503536,0.1606508569714041,7.5733143618968173),(-5.6409436775455504,0.188157889881579,7.5921852935826148),(-5.6409436770384014,0.24167543938762942,7.6439980748868237),(-5.6409436775254811,0.21853844049262991,7.6131759835625532),(-5.6409436775497737,0.14519052788263762,7.530816187053186)));
#3418=IFCPOLYGONALFACESET(#3417,.T.,(#3346,#3347,#3348,#3349,#3350,#3351,#3352,#3353,#3354,#3355,#3356,#3357,#3358,#3359,#3360,#3361,#3362,#3363,#3364,#3365,#3366,#3367,#3368,#3369,#3370,#3371,#3372,#3373,#3374,#3375,#3376,#3377,#3378,#3379,#3380,#3381,#3382,#3383,#3384,#3385,#3386,#3387,#3388,#3389,#3390,#3391,#3392,#3393,#3394,#3395,#3396,#3397,#3398,#3399,#3400,#3401,#3402,#3403,#3404,#3405,#3406,#3407,#3408,#3409,#3410,#3411,#3412,#3413,#3414,#3415,#3416),$);
#3419=IFCINDEXEDCOLOURMAP(#3418,1.,#3345,(1,1,1,1,1,1,1,1,1,1,1,1,1,1,1,1,1,1,1,1,1,1,1,1,1,1,1,1,1,1,1,1,1,1,1,1,1,1,1,1,1,1,1,1,1,1,1,1,1,1,1,1,1,1,1,1,1,1,1,1,1,1,1,1,1,1,1,1,1,1,1));
#3420=IFCSTYLEDITEM(#3418,(#468),$);
#3421=IFCCOLOURRGBLIST(((0.,0.,0.)));
#3422=IFCINDEXEDPOLYGONALFACE((26,27,1,2,3,4,5,6,7,8,9,10,11,12,13,14,15,16,17,18,19,20,21,22,23,24,25));
#3423=IFCINDEXEDPOLYGONALFACE((32,33,34,35,36,37,38,39,40,41,42,43,44,45,46,47,48,49,50,51,52,53,54,28,29,30,31));
#3424=IFCINDEXEDPOLYGONALFACE((21,20,60));
#3425=IFCINDEXEDPOLYGONALFACE((61,44,43));
#3426=IFCINDEXEDPOLYGONALFACE((5,55,6));
#3427=IFCINDEXEDPOLYGONALFACE((23,59,24));
#3428=IFCINDEXEDPOLYGONALFACE((56,2,1));
#3429=IFCINDEXEDPOLYGONALFACE((56,28,54));
#3430=IFCINDEXEDPOLYGONALFACE((17,58,18));
#3431=IFCINDEXEDPOLYGONALFACE((55,51,50));
#3432=IFCINDEXEDPOLYGONALFACE((62,2,56));
#3433=IFCINDEXEDPOLYGONALFACE((8,7,63));
#3434=IFCINDEXEDPOLYGONALFACE((62,55,4));
#3435=IFCINDEXEDPOLYGONALFACE((57,11,10));
#3436=IFCINDEXEDPOLYGONALFACE((13,12,61));
#3437=IFCINDEXEDPOLYGONALFACE((63,57,9));
#3438=IFCINDEXEDPOLYGONALFACE((3,62,4));
#3439=IFCINDEXEDPOLYGONALFACE((9,8,63));
#3440=IFCINDEXEDPOLYGONALFACE((57,10,9));
#3441=IFCINDEXEDPOLYGONALFACE((55,63,7));
#3442=IFCINDEXEDPOLYGONALFACE((59,64,24));
#3443=IFCINDEXEDPOLYGONALFACE((12,57,61));
#3444=IFCINDEXEDPOLYGONALFACE((62,53,52));
#3445=IFCINDEXEDPOLYGONALFACE((62,56,54));
#3446=IFCINDEXEDPOLYGONALFACE((6,55,7));
#3447=IFCINDEXEDPOLYGONALFACE((58,40,39));
#3448=IFCINDEXEDPOLYGONALFACE((62,3,2));
#3449=IFCINDEXEDPOLYGONALFACE((11,57,12));
#3450=IFCINDEXEDPOLYGONALFACE((57,46,45));
#3451=IFCINDEXEDPOLYGONALFACE((5,4,55));
#3452=IFCINDEXEDPOLYGONALFACE((62,54,53));
#3453=IFCINDEXEDPOLYGONALFACE((52,51,55));
#3454=IFCINDEXEDPOLYGONALFACE((49,55,50));
#3455=IFCINDEXEDPOLYGONALFACE((60,37,36));
#3456=IFCINDEXEDPOLYGONALFACE((59,34,33));
#3457=IFCINDEXEDPOLYGONALFACE((55,62,52));
#3458=IFCINDEXEDPOLYGONALFACE((49,63,55));
#3459=IFCINDEXEDPOLYGONALFACE((57,63,47));
#3460=IFCINDEXEDPOLYGONALFACE((47,63,48));
#3461=IFCINDEXEDPOLYGONALFACE((48,63,49));
#3462=IFCINDEXEDPOLYGONALFACE((46,57,47));
#3463=IFCINDEXEDPOLYGONALFACE((15,14,61));
#3464=IFCINDEXEDPOLYGONALFACE((57,45,44));
#3465=IFCINDEXEDPOLYGONALFACE((61,57,44));
#3466=IFCINDEXEDPOLYGONALFACE((17,16,58));
#3467=IFCINDEXEDPOLYGONALFACE((18,60,19));
#3468=IFCINDEXEDPOLYGONALFACE((61,58,15));
#3469=IFCINDEXEDPOLYGONALFACE((16,15,58));
#3470=IFCINDEXEDPOLYGONALFACE((60,18,58));
#3471=IFCINDEXEDPOLYGONALFACE((59,23,22));
#3472=IFCINDEXEDPOLYGONALFACE((64,32,31));
#3473=IFCINDEXEDPOLYGONALFACE((64,25,24));
#3474=IFCINDEXEDPOLYGONALFACE((60,59,21));
#3475=IFCINDEXEDPOLYGONALFACE((59,22,21));
#3476=IFCINDEXEDPOLYGONALFACE((20,19,60));
#3477=IFCINDEXEDPOLYGONALFACE((43,42,61));
#3478=IFCINDEXEDPOLYGONALFACE((61,41,58));
#3479=IFCINDEXEDPOLYGONALFACE((61,42,41));
#3480=IFCINDEXEDPOLYGONALFACE((58,41,40));
#3481=IFCINDEXEDPOLYGONALFACE((38,58,39));
#3482=IFCINDEXEDPOLYGONALFACE((38,60,58));
#3483=IFCINDEXEDPOLYGONALFACE((38,37,60));
#3484=IFCINDEXEDPOLYGONALFACE((59,60,35));
#3485=IFCINDEXEDPOLYGONALFACE((60,36,35));
#3486=IFCINDEXEDPOLYGONALFACE((35,34,59));
#3487=IFCINDEXEDPOLYGONALFACE((32,59,33));
#3488=IFCINDEXEDPOLYGONALFACE((32,64,59));
#3489=IFCINDEXEDPOLYGONALFACE((14,13,61));
#3490=IFCINDEXEDPOLYGONALFACE((26,25,64,31,30));
#3491=IFCINDEXEDPOLYGONALFACE((27,26,30,29));
#3492=IFCINDEXEDPOLYGONALFACE((27,29,28,56,1));
#3493=IFCCARTESIANPOINTLIST3D(((-5.3457207310072254,0.14519052788263762,7.5308161870531851),(-5.3457207310072254,0.14592480384123721,7.5409469725293272),(-5.3457207310072254,0.14792845969839635,7.5500528734535255),(-5.3457207310072254,0.15090273742615559,7.5580948683976059),(-5.3457207310072254,0.15454887899655531,7.5650339359333882),(-5.3457207310072254,0.1585697561928418,7.5708325996719763),(-5.3457207310072254,0.16277162131926889,7.5755513865787707),(-5.3457207310072254,0.16712426728490981,7.5794058579300945),(-5.3457207310072254,0.17161194799574603,7.5826252838343544),(-5.3457207310072254,0.17621891735775908,7.5854389343999635),(-5.3457207310072254,0.18092942927693062,7.5880760797353322),(-5.3457207310072254,0.18572787867536958,7.59076518557836),(-5.3457207310072254,0.19061128191324678,7.5936627236850622),(-5.3457207310072254,0.19559908208425358,7.5967972414149632),(-5.3457207310072254,0.20071302989399267,7.6001841232716991),(-5.3457207310072254,0.20597487604806705,7.603838753758918),(-5.3457207310072254,0.21140637125207951,7.6077765173802607),(-5.3457207310072254,0.2170292662116329,7.6120127986393689),(-5.3457207310072254,0.2228221838880502,7.6166161929767791),(-5.3457207310072254,0.22855006436635805,7.6219189373991449),(-5.3457207310072254,0.23391178968574516,7.6283347712167311),(-5.3457207310072254,0.23860622251343491,7.6362774576408849),(-5.3457207310072254,0.2423322255166509,7.6461607598829762),(-5.3457207310072254,0.24478866136261668,7.6583984411543575),(-5.3457207310072254,0.24567439271855554,7.6734042646663871),(-5.3457207310072254,0.058199999999965911,7.673404264666388),(-5.3457207310072254,0.058199999999965668,7.5308161870531842),(-5.3521748379220737,0.14519052788263762,7.5308161870531851),(-5.3521748379220737,0.058199999999965668,7.5308161870531842),(-5.3521748379220737,0.058199999999965925,7.673404264666388),(-5.3521748379220737,0.24567439271855557,7.673404264666388),(-5.3521748379220737,0.24478866136261668,7.6583984411543575),(-5.3521748379220737,0.2423322255166509,7.6461607598829762),(-5.3521748379220737,0.23860622251343491,7.6362774576408849),(-5.3521748379220737,0.23391178968574516,7.6283347712167311),(-5.3521748379220737,0.22855006436635805,7.6219189373991449),(-5.3521748379220737,0.2228221838880502,7.6166161929767791),(-5.3521748379220737,0.2170292662116329,7.6120127986393689),(-5.3521748379220737,0.21140637125207951,7.6077765173802607),(-5.3521748379220737,0.20597487604806705,7.603838753758918),(-5.3521748379220737,0.20071302989399267,7.6001841232716991),(-5.3521748379220737,0.19559908208425358,7.5967972414149632),(-5.3521748379220737,0.19061128191324678,7.5936627236850622),(-5.3521748379220737,0.18572787867536958,7.59076518557836),(-5.3521748379220737,0.18092942927693062,7.5880760797353322),(-5.3521748379220737,0.17621891735775908,7.5854389343999635),(-5.3521748379220737,0.17161194799574603,7.5826252838343544),(-5.3521748379220737,0.16712426728490981,7.5794058579300945),(-5.3521748379220737,0.16277162131926889,7.5755513865787707),(-5.3521748379220737,0.1585697561928418,7.5708325996719763),(-5.3521748379220737,0.15454887899655531,7.5650339359333882),(-5.3521748379220737,0.15090273742615559,7.5580948683976059),(-5.3521748379220737,0.14792845969839635,7.5500528734535255),(-5.3521748379220737,0.14592480384123721,7.5409469725293272),(-5.3489477845646514,0.15653053829283059,7.5680776798178844),(-5.3484159583560302,0.14519052788263762,7.5308161870531851),(-5.3489477844654179,0.17856221490015206,7.5867652409911246),(-5.3489477844639621,0.20866805819485176,7.6057712824653079),(-5.348947784464178,0.24060909885731832,7.6409506716655695),(-5.3489477844640696,0.22571307250553799,7.6191542892757482),(-5.3489477844688764,0.19309077318282172,7.5951993987037714),(-5.3489477849760201,0.14845805336358528,7.5517563074035783),(-5.3489477844889404,0.16596866289862949,7.5784654363528299),(-5.3489477844646496,0.24567439271855562,7.6734042646663871)));
#3494=IFCPOLYGONALFACESET(#3493,.T.,(#3422,#3423,#3424,#3425,#3426,#3427,#3428,#3429,#3430,#3431,#3432,#3433,#3434,#3435,#3436,#3437,#3438,#3439,#3440,#3441,#3442,#3443,#3444,#3445,#3446,#3447,#3448,#3449,#3450,#3451,#3452,#3453,#3454,#3455,#3456,#3457,#3458,#3459,#3460,#3461,#3462,#3463,#3464,#3465,#3466,#3467,#3468,#3469,#3470,#3471,#3472,#3473,#3474,#3475,#3476,#3477,#3478,#3479,#3480,#3481,#3482,#3483,#3484,#3485,#3486,#3487,#3488,#3489,#3490,#3491,#3492),$);
#3495=IFCINDEXEDCOLOURMAP(#3494,1.,#3421,(1,1,1,1,1,1,1,1,1,1,1,1,1,1,1,1,1,1,1,1,1,1,1,1,1,1,1,1,1,1,1,1,1,1,1,1,1,1,1,1,1,1,1,1,1,1,1,1,1,1,1,1,1,1,1,1,1,1,1,1,1,1,1,1,1,1,1,1,1,1,1));
#3496=IFCSTYLEDITEM(#3494,(#468),$);
#3497=IFCCOLOURRGBLIST(((0.,0.,0.)));
#3498=IFCINDEXEDPOLYGONALFACE((1,2,3,4,5,6,7,8,9,10,11,12,13,14,15,16,17,18,19,20,21,22,23,24,25,26));
#3499=IFCINDEXEDPOLYGONALFACE((39,40,41,42,43,44,45,46,47,48,49,50,51,52,27,28,29,30,31,32,33,34,35,36,37,38));
#3500=IFCINDEXEDPOLYGONALFACE((2,1,27,52));
#3501=IFCINDEXEDPOLYGONALFACE((15,14,40,39));
#3502=IFCINDEXEDPOLYGONALFACE((3,2,52,51));
#3503=IFCINDEXEDPOLYGONALFACE((4,3,51,50));
#3504=IFCINDEXEDPOLYGONALFACE((6,5,49,48));
#3505=IFCINDEXEDPOLYGONALFACE((7,6,48,47));
#3506=IFCINDEXEDPOLYGONALFACE((50,49,5,4));
#3507=IFCINDEXEDPOLYGONALFACE((47,46,8,7));
#3508=IFCINDEXEDPOLYGONALFACE((10,9,45,44));
#3509=IFCINDEXEDPOLYGONALFACE((10,44,43,11));
#3510=IFCINDEXEDPOLYGONALFACE((13,12,42,41));
#3511=IFCINDEXEDPOLYGONALFACE((42,12,11,43));
#3512=IFCINDEXEDPOLYGONALFACE((14,13,41,40));
#3513=IFCINDEXEDPOLYGONALFACE((8,46,45,9));
#3514=IFCINDEXEDPOLYGONALFACE((16,38,37,17));
#3515=IFCINDEXEDPOLYGONALFACE((36,18,17,37));
#3516=IFCINDEXEDPOLYGONALFACE((19,35,34,20));
#3517=IFCINDEXEDPOLYGONALFACE((36,35,19,18));
#3518=IFCINDEXEDPOLYGONALFACE((20,34,33,21));
#3519=IFCINDEXEDPOLYGONALFACE((38,16,15,39));
#3520=IFCINDEXEDPOLYGONALFACE((22,32,31,23));
#3521=IFCINDEXEDPOLYGONALFACE((30,24,23,31));
#3522=IFCINDEXEDPOLYGONALFACE((25,29,28,26));
#3523=IFCINDEXEDPOLYGONALFACE((30,29,25,24));
#3524=IFCINDEXEDPOLYGONALFACE((26,28,27,1));
#3525=IFCINDEXEDPOLYGONALFACE((32,22,21,33));
#3526=IFCCARTESIANPOINTLIST3D(((-5.3458161606005659,0.24567439271855029,7.3357959313330579),(-5.3521704048136742,0.24567439271855029,7.335795931333057),(-5.3581568831108886,0.24567439271855079,7.3717162613010627),(-5.3730295823875531,0.24567439271855124,7.4049564605128513),(-5.3958223267136427,0.24567439271855165,7.4333571441929838),(-5.4250544298641881,0.24567439271855196,7.4550733172630572),(-5.4588268852148527,0.24567439271855213,7.4686942308521198),(-5.494945731007209,0.24567439271855218,7.4733350288483171),(-5.5310645767995634,0.24567439271855213,7.4686942308521198),(-5.5648370321502298,0.24567439271855196,7.4550733172630572),(-5.5940691353007734,0.24567439271855165,7.4333571441929838),(-5.6168618796268639,0.24567439271855124,7.4049564605128513),(-5.6317345789035294,0.24567439271855079,7.3717162613010636),(-5.6377210572007437,0.24567439271855029,7.3357959313330579),(-5.6440753014138521,0.24567439271855029,7.335795931333057),(-5.637871061948811,0.24567439271855079,7.3733604997108984),(-5.6223627939977145,0.24567439271855132,7.4081323706687607),(-5.5985600412561149,0.24567439271855171,7.437847995290757),(-5.5680122945532107,0.24567439271855201,7.4605729717732157),(-5.5327081244498393,0.24567439271855224,7.4748279694254549),(-5.4949457310072098,0.24567439271855229,7.4796850288483183),(-5.4571833375645795,0.24567439271855224,7.4748279694254549),(-5.4218791674612081,0.24567439271855201,7.4605729717732165),(-5.391331420758303,0.24567439271855171,7.4378479952907579),(-5.3675286680167025,0.24567439271855132,7.4081323706687607),(-5.3520204000656069,0.24567439271855079,7.3733604997108992),(-5.3458161606005659,0.058199999999960408,7.3357959313330596),(-5.3520204000656069,0.058199999999960922,7.3733604997109019),(-5.3675286680167025,0.058199999999961408,7.4081323706687625),(-5.391331420758303,0.058199999999961824,7.4378479952907597),(-5.4218791674612081,0.058199999999962136,7.4605729717732183),(-5.4571833375645795,0.05819999999996233,7.4748279694254576),(-5.4949457310072098,0.0581999999999624,7.4796850288483201),(-5.5327081244498393,0.05819999999996233,7.4748279694254576),(-5.5680122945532107,0.058199999999962136,7.4605729717732174),(-5.5985600412561149,0.058199999999961824,7.4378479952907588),(-5.6223627939977145,0.058199999999961408,7.4081323706687625),(-5.637871061948811,0.058199999999960922,7.373360499710901),(-5.6440753014138521,0.058199999999960408,7.3357959313330596),(-5.6377210572007437,0.058199999999960408,7.3357959313330596),(-5.6317345789035294,0.058199999999960908,7.3717162613010663),(-5.6168618796268639,0.058199999999961366,7.4049564605128539),(-5.5940691353007734,0.058199999999961755,7.4333571441929855),(-5.5648370321502298,0.05819999999996206,7.455073317263059),(-5.5310645767995634,0.058199999999962247,7.4686942308521216),(-5.494945731007209,0.05819999999996231,7.4733350288483198),(-5.4588268852148527,0.058199999999962247,7.4686942308521216),(-5.4250544298641881,0.05819999999996206,7.455073317263059),(-5.3958223267136427,0.058199999999961755,7.4333571441929855),(-5.3730295823875531,0.058199999999961366,7.4049564605128539),(-5.3581568831108886,0.058199999999960908,7.3717162613010654),(-5.3521704048136742,0.058199999999960408,7.3357959313330587)));
#3527=IFCPOLYGONALFACESET(#3526,.T.,(#3498,#3499,#3500,#3501,#3502,#3503,#3504,#3505,#3506,#3507,#3508,#3509,#3510,#3511,#3512,#3513,#3514,#3515,#3516,#3517,#3518,#3519,#3520,#3521,#3522,#3523,#3524,#3525),$);
#3528=IFCINDEXEDCOLOURMAP(#3527,1.,#3497,(1,1,1,1,1,1,1,1,1,1,1,1,1,1,1,1,1,1,1,1,1,1,1,1,1,1,1,1));
#3529=IFCSTYLEDITEM(#3527,(#468),$);
#3530=IFCCOLOURRGBLIST(((0.,0.,0.)));
#3531=IFCINDEXEDPOLYGONALFACE((12,13,14,15,16,17,18,19,20,21,22,23,24,25,26,27,1,2,3,4,5,6,7,8,9,10,11));
#3532=IFCINDEXEDPOLYGONALFACE((54,28,29,30,31,32,33,34,35,36,37,38,39,40,41,42,43,44,45,46,47,48,49,50,51,52,53));
#3533=IFCINDEXEDPOLYGONALFACE((2,1,64,28,54));
#3534=IFCINDEXEDPOLYGONALFACE((3,2,54,53));
#3535=IFCINDEXEDPOLYGONALFACE((4,3,53,52,56));
#3536=IFCINDEXEDPOLYGONALFACE((24,23,60));
#3537=IFCINDEXEDPOLYGONALFACE((61,41,40));
#3538=IFCINDEXEDPOLYGONALFACE((8,55,9));
#3539=IFCINDEXEDPOLYGONALFACE((26,59,27));
#3540=IFCINDEXEDPOLYGONALFACE((56,5,4));
#3541=IFCINDEXEDPOLYGONALFACE((56,52,51));
#3542=IFCINDEXEDPOLYGONALFACE((20,58,21));
#3543=IFCINDEXEDPOLYGONALFACE((55,48,47));
#3544=IFCINDEXEDPOLYGONALFACE((62,5,56));
#3545=IFCINDEXEDPOLYGONALFACE((11,10,63));
#3546=IFCINDEXEDPOLYGONALFACE((62,55,7));
#3547=IFCINDEXEDPOLYGONALFACE((57,14,13));
#3548=IFCINDEXEDPOLYGONALFACE((16,15,61));
#3549=IFCINDEXEDPOLYGONALFACE((63,57,12));
#3550=IFCINDEXEDPOLYGONALFACE((6,62,7));
#3551=IFCINDEXEDPOLYGONALFACE((12,11,63));
#3552=IFCINDEXEDPOLYGONALFACE((57,13,12));
#3553=IFCINDEXEDPOLYGONALFACE((55,63,10));
#3554=IFCINDEXEDPOLYGONALFACE((59,64,27));
#3555=IFCINDEXEDPOLYGONALFACE((15,57,61));
#3556=IFCINDEXEDPOLYGONALFACE((62,50,49));
#3557=IFCINDEXEDPOLYGONALFACE((62,56,51));
#3558=IFCINDEXEDPOLYGONALFACE((9,55,10));
#3559=IFCINDEXEDPOLYGONALFACE((58,37,36));
#3560=IFCINDEXEDPOLYGONALFACE((62,6,5));
#3561=IFCINDEXEDPOLYGONALFACE((14,57,15));
#3562=IFCINDEXEDPOLYGONALFACE((57,43,42));
#3563=IFCINDEXEDPOLYGONALFACE((8,7,55));
#3564=IFCINDEXEDPOLYGONALFACE((62,51,50));
#3565=IFCINDEXEDPOLYGONALFACE((49,48,55));
#3566=IFCINDEXEDPOLYGONALFACE((46,55,47));
#3567=IFCINDEXEDPOLYGONALFACE((60,34,33));
#3568=IFCINDEXEDPOLYGONALFACE((59,31,30));
#3569=IFCINDEXEDPOLYGONALFACE((55,62,49));
#3570=IFCINDEXEDPOLYGONALFACE((46,63,55));
#3571=IFCINDEXEDPOLYGONALFACE((57,63,44));
#3572=IFCINDEXEDPOLYGONALFACE((44,63,45));
#3573=IFCINDEXEDPOLYGONALFACE((45,63,46));
#3574=IFCINDEXEDPOLYGONALFACE((43,57,44));
#3575=IFCINDEXEDPOLYGONALFACE((18,17,61));
#3576=IFCINDEXEDPOLYGONALFACE((57,42,41));
#3577=IFCINDEXEDPOLYGONALFACE((61,57,41));
#3578=IFCINDEXEDPOLYGONALFACE((20,19,58));
#3579=IFCINDEXEDPOLYGONALFACE((21,60,22));
#3580=IFCINDEXEDPOLYGONALFACE((61,58,18));
#3581=IFCINDEXEDPOLYGONALFACE((19,18,58));
#3582=IFCINDEXEDPOLYGONALFACE((60,21,58));
#3583=IFCINDEXEDPOLYGONALFACE((59,26,25));
#3584=IFCINDEXEDPOLYGONALFACE((64,29,28));
#3585=IFCINDEXEDPOLYGONALFACE((64,1,27));
#3586=IFCINDEXEDPOLYGONALFACE((60,59,24));
#3587=IFCINDEXEDPOLYGONALFACE((59,25,24));
#3588=IFCINDEXEDPOLYGONALFACE((23,22,60));
#3589=IFCINDEXEDPOLYGONALFACE((40,39,61));
#3590=IFCINDEXEDPOLYGONALFACE((61,38,58));
#3591=IFCINDEXEDPOLYGONALFACE((61,39,38));
#3592=IFCINDEXEDPOLYGONALFACE((58,38,37));
#3593=IFCINDEXEDPOLYGONALFACE((35,58,36));
#3594=IFCINDEXEDPOLYGONALFACE((35,60,58));
#3595=IFCINDEXEDPOLYGONALFACE((35,34,60));
#3596=IFCINDEXEDPOLYGONALFACE((59,60,32));
#3597=IFCINDEXEDPOLYGONALFACE((60,33,32));
#3598=IFCINDEXEDPOLYGONALFACE((32,31,59));
#3599=IFCINDEXEDPOLYGONALFACE((29,59,30));
#3600=IFCINDEXEDPOLYGONALFACE((29,64,59));
#3601=IFCINDEXEDPOLYGONALFACE((17,16,61));
#3602=IFCCARTESIANPOINTLIST3D(((-5.6441707310071969,0.14519052788263292,7.1932078537198496),(-5.6441707310071969,0.058199999999961012,7.1932078537198514),(-5.6441707310071969,0.058199999999961248,7.3357959313330543),(-5.6441707310071969,0.24567439271855057,7.3357959313330543),(-5.6441707310071969,0.2447886613626116,7.320790107821022),(-5.6441707310071969,0.24233222551664593,7.3085524265496424),(-5.6441707310071969,0.23860622251342992,7.2986691243075521),(-5.6441707310071969,0.23391178968574008,7.2907264378833956),(-5.6441707310071969,0.22855006436635306,7.284310604065813),(-5.6441707310071969,0.22282218388804517,7.2790078596434471),(-5.6441707310071969,0.21702926621162794,7.2744044653060351),(-5.6441707310071969,0.21140637125207448,7.2701681840469243),(-5.6441707310071969,0.20597487604806197,7.2662304204255825),(-5.6441707310071969,0.2007130298939877,7.2625757899383645),(-5.6441707310071969,0.19559908208424856,7.2591889080816276),(-5.6441707310071969,0.19061128191324178,7.2560543903517294),(-5.6441707310071969,0.18572787867536458,7.2531568522450263),(-5.6441707310071969,0.18092942927692562,7.2504677464019975),(-5.6441707310071969,0.17621891735775411,7.2478306010666307),(-5.6441707310071969,0.171611947995741,7.2450169505010207),(-5.6441707310071969,0.16712426728490479,7.2417975245967598),(-5.6441707310071969,0.16277162131926395,7.2379430532454379),(-5.6441707310071969,0.15856975619283689,7.2332242663386426),(-5.6441707310071969,0.15454887899655048,7.2274256026000545),(-5.6441707310071969,0.15090273742615079,7.2204865350642695),(-5.6441707310071969,0.14792845969839161,7.21244454012019),(-5.6441707310071969,0.14592480384123252,7.2033386391959917),(-5.6377166240923478,0.14519052788263292,7.1932078537198496),(-5.6377166240923478,0.14592480384123252,7.2033386391959917),(-5.6377166240923478,0.14792845969839161,7.21244454012019),(-5.6377166240923478,0.15090273742615079,7.2204865350642695),(-5.6377166240923478,0.15454887899655048,7.2274256026000545),(-5.6377166240923478,0.15856975619283689,7.2332242663386426),(-5.6377166240923478,0.16277162131926395,7.2379430532454379),(-5.6377166240923478,0.16712426728490479,7.2417975245967598),(-5.6377166240923478,0.171611947995741,7.2450169505010207),(-5.6377166240923478,0.17621891735775411,7.2478306010666307),(-5.6377166240923478,0.18092942927692562,7.2504677464019975),(-5.6377166240923478,0.18572787867536458,7.2531568522450263),(-5.6377166240923478,0.19061128191324178,7.2560543903517294),(-5.6377166240923478,0.19559908208424856,7.2591889080816276),(-5.6377166240923478,0.2007130298939877,7.2625757899383645),(-5.6377166240923478,0.20597487604806197,7.2662304204255825),(-5.6377166240923478,0.21140637125207448,7.2701681840469243),(-5.6377166240923478,0.21702926621162794,7.2744044653060351),(-5.6377166240923478,0.22282218388804517,7.2790078596434471),(-5.6377166240923478,0.22855006436635306,7.284310604065813),(-5.6377166240923478,0.23391178968574008,7.2907264378833956),(-5.6377166240923478,0.23860622251342992,7.2986691243075521),(-5.6377166240923478,0.24233222551664593,7.3085524265496424),(-5.6377166240923478,0.2447886613626116,7.320790107821022),(-5.6377166240923478,0.24567439271854979,7.3357959313330543),(-5.6377166240923478,0.058199999999961248,7.3357959313330543),(-5.6377166240923478,0.058199999999960998,7.1932078537198514),(-5.640943677449771,0.23129551556628355,7.2873535222922046),(-5.6414755036583921,0.24567439271855054,7.3357959313330507),(-5.6409436775490045,0.20332410595561279,7.264368674861049),(-5.6409436775504584,0.17390150564551687,7.2464601682702625),(-5.6409436775502444,0.14931294318049396,7.2166009646124847),(-5.6409436775503528,0.16065085697140655,7.2357060285634907),(-5.6409436775455459,0.18815788988155924,7.2545769602492696),(-5.6409436770384023,0.2416754393876252,7.3063897415534909),(-5.6409436775254829,0.21853844049262708,7.2755676502292221),(-5.6409436775497719,0.14519052788263292,7.1932078537198469)));
#3603=IFCPOLYGONALFACESET(#3602,.T.,(#3531,#3532,#3533,#3534,#3535,#3536,#3537,#3538,#3539,#3540,#3541,#3542,#3543,#3544,#3545,#3546,#3547,#3548,#3549,#3550,#3551,#3552,#3553,#3554,#3555,#3556,#3557,#3558,#3559,#3560,#3561,#3562,#3563,#3564,#3565,#3566,#3567,#3568,#3569,#3570,#3571,#3572,#3573,#3574,#3575,#3576,#3577,#3578,#3579,#3580,#3581,#3582,#3583,#3584,#3585,#3586,#3587,#3588,#3589,#3590,#3591,#3592,#3593,#3594,#3595,#3596,#3597,#3598,#3599,#3600,#3601),$);
#3604=IFCINDEXEDCOLOURMAP(#3603,1.,#3530,(1,1,1,1,1,1,1,1,1,1,1,1,1,1,1,1,1,1,1,1,1,1,1,1,1,1,1,1,1,1,1,1,1,1,1,1,1,1,1,1,1,1,1,1,1,1,1,1,1,1,1,1,1,1,1,1,1,1,1,1,1,1,1,1,1,1,1,1,1,1,1));
#3605=IFCSTYLEDITEM(#3603,(#468),$);
#3606=IFCCOLOURRGBLIST(((0.,0.,0.)));
#3607=IFCINDEXEDPOLYGONALFACE((26,27,1,2,3,4,5,6,7,8,9,10,11,12,13,14,15,16,17,18,19,20,21,22,23,24,25));
#3608=IFCINDEXEDPOLYGONALFACE((32,33,34,35,36,37,38,39,40,41,42,43,44,45,46,47,48,49,50,51,52,53,54,28,29,30,31));
#3609=IFCINDEXEDPOLYGONALFACE((21,20,60));
#3610=IFCINDEXEDPOLYGONALFACE((61,44,43));
#3611=IFCINDEXEDPOLYGONALFACE((5,55,6));
#3612=IFCINDEXEDPOLYGONALFACE((23,59,24));
#3613=IFCINDEXEDPOLYGONALFACE((56,2,1));
#3614=IFCINDEXEDPOLYGONALFACE((56,28,54));
#3615=IFCINDEXEDPOLYGONALFACE((17,58,18));
#3616=IFCINDEXEDPOLYGONALFACE((55,51,50));
#3617=IFCINDEXEDPOLYGONALFACE((62,2,56));
#3618=IFCINDEXEDPOLYGONALFACE((8,7,63));
#3619=IFCINDEXEDPOLYGONALFACE((62,55,4));
#3620=IFCINDEXEDPOLYGONALFACE((57,11,10));
#3621=IFCINDEXEDPOLYGONALFACE((13,12,61));
#3622=IFCINDEXEDPOLYGONALFACE((63,57,9));
#3623=IFCINDEXEDPOLYGONALFACE((3,62,4));
#3624=IFCINDEXEDPOLYGONALFACE((9,8,63));
#3625=IFCINDEXEDPOLYGONALFACE((57,10,9));
#3626=IFCINDEXEDPOLYGONALFACE((55,63,7));
#3627=IFCINDEXEDPOLYGONALFACE((59,64,24));
#3628=IFCINDEXEDPOLYGONALFACE((12,57,61));
#3629=IFCINDEXEDPOLYGONALFACE((62,53,52));
#3630=IFCINDEXEDPOLYGONALFACE((62,56,54));
#3631=IFCINDEXEDPOLYGONALFACE((6,55,7));
#3632=IFCINDEXEDPOLYGONALFACE((58,40,39));
#3633=IFCINDEXEDPOLYGONALFACE((62,3,2));
#3634=IFCINDEXEDPOLYGONALFACE((11,57,12));
#3635=IFCINDEXEDPOLYGONALFACE((57,46,45));
#3636=IFCINDEXEDPOLYGONALFACE((5,4,55));
#3637=IFCINDEXEDPOLYGONALFACE((62,54,53));
#3638=IFCINDEXEDPOLYGONALFACE((52,51,55));
#3639=IFCINDEXEDPOLYGONALFACE((49,55,50));
#3640=IFCINDEXEDPOLYGONALFACE((60,37,36));
#3641=IFCINDEXEDPOLYGONALFACE((59,34,33));
#3642=IFCINDEXEDPOLYGONALFACE((55,62,52));
#3643=IFCINDEXEDPOLYGONALFACE((49,63,55));
#3644=IFCINDEXEDPOLYGONALFACE((57,63,47));
#3645=IFCINDEXEDPOLYGONALFACE((47,63,48));
#3646=IFCINDEXEDPOLYGONALFACE((48,63,49));
#3647=IFCINDEXEDPOLYGONALFACE((46,57,47));
#3648=IFCINDEXEDPOLYGONALFACE((15,14,61));
#3649=IFCINDEXEDPOLYGONALFACE((57,45,44));
#3650=IFCINDEXEDPOLYGONALFACE((61,57,44));
#3651=IFCINDEXEDPOLYGONALFACE((17,16,58));
#3652=IFCINDEXEDPOLYGONALFACE((18,60,19));
#3653=IFCINDEXEDPOLYGONALFACE((61,58,15));
#3654=IFCINDEXEDPOLYGONALFACE((16,15,58));
#3655=IFCINDEXEDPOLYGONALFACE((60,18,58));
#3656=IFCINDEXEDPOLYGONALFACE((59,23,22));
#3657=IFCINDEXEDPOLYGONALFACE((64,32,31));
#3658=IFCINDEXEDPOLYGONALFACE((64,25,24));
#3659=IFCINDEXEDPOLYGONALFACE((60,59,21));
#3660=IFCINDEXEDPOLYGONALFACE((59,22,21));
#3661=IFCINDEXEDPOLYGONALFACE((20,19,60));
#3662=IFCINDEXEDPOLYGONALFACE((43,42,61));
#3663=IFCINDEXEDPOLYGONALFACE((61,41,58));
#3664=IFCINDEXEDPOLYGONALFACE((61,42,41));
#3665=IFCINDEXEDPOLYGONALFACE((58,41,40));
#3666=IFCINDEXEDPOLYGONALFACE((38,58,39));
#3667=IFCINDEXEDPOLYGONALFACE((38,60,58));
#3668=IFCINDEXEDPOLYGONALFACE((38,37,60));
#3669=IFCINDEXEDPOLYGONALFACE((59,60,35));
#3670=IFCINDEXEDPOLYGONALFACE((60,36,35));
#3671=IFCINDEXEDPOLYGONALFACE((35,34,59));
#3672=IFCINDEXEDPOLYGONALFACE((32,59,33));
#3673=IFCINDEXEDPOLYGONALFACE((32,64,59));
#3674=IFCINDEXEDPOLYGONALFACE((14,13,61));
#3675=IFCINDEXEDPOLYGONALFACE((26,25,64,31,30));
#3676=IFCINDEXEDPOLYGONALFACE((27,26,30,29));
#3677=IFCINDEXEDPOLYGONALFACE((27,29,28,56,1));
#3678=IFCCARTESIANPOINTLIST3D(((-5.3457207310072246,0.14519052788263292,7.1932078537198514),(-5.3457207310072246,0.14592480384123252,7.2033386391959944),(-5.3457207310072246,0.14792845969839172,7.2124445401201935),(-5.3457207310072246,0.1509027374261509,7.2204865350642722),(-5.3457207310072246,0.15454887899655065,7.2274256026000545),(-5.3457207310072246,0.15856975619283714,7.2332242663386443),(-5.3457207310072246,0.16277162131926423,7.2379430532454387),(-5.3457207310072246,0.16712426728490518,7.2417975245967616),(-5.3457207310072246,0.17161194799574131,7.2450169505010233),(-5.3457207310072246,0.17621891735775441,7.2478306010666307),(-5.3457207310072246,0.18092942927692598,7.2504677464019993),(-5.3457207310072246,0.18572787867536489,7.253156852245028),(-5.3457207310072246,0.19061128191324211,7.2560543903517303),(-5.3457207310072246,0.19559908208424889,7.2591889080816303),(-5.3457207310072246,0.20071302989398798,7.2625757899383672),(-5.3457207310072246,0.20597487604806233,7.2662304204255843),(-5.3457207310072246,0.21140637125207479,7.2701681840469261),(-5.3457207310072246,0.21702926621162824,7.2744044653060369),(-5.3457207310072246,0.22282218388804556,7.279007859643448),(-5.3457207310072246,0.22855006436635336,7.2843106040658139),(-5.3457207310072246,0.2339117896857405,7.2907264378833974),(-5.3457207310072246,0.23860622251343019,7.2986691243075539),(-5.3457207310072246,0.24233222551664624,7.3085524265496433),(-5.3457207310072246,0.24478866136261199,7.3207901078210256),(-5.3457207310072246,0.24567439271855088,7.3357959313330543),(-5.3457207310072246,0.058199999999961241,7.3357959313330552),(-5.3457207310072246,0.058199999999960998,7.1932078537198514),(-5.3521748379220728,0.14519052788263295,7.1932078537198514),(-5.3521748379220728,0.058199999999960998,7.1932078537198514),(-5.3521748379220728,0.058199999999961255,7.3357959313330552),(-5.3521748379220728,0.2456743927185509,7.3357959313330552),(-5.3521748379220728,0.24478866136261199,7.3207901078210256),(-5.3521748379220728,0.24233222551664624,7.3085524265496433),(-5.3521748379220728,0.23860622251343019,7.2986691243075539),(-5.3521748379220728,0.2339117896857405,7.2907264378833974),(-5.3521748379220728,0.22855006436635336,7.2843106040658139),(-5.3521748379220728,0.22282218388804556,7.279007859643448),(-5.3521748379220728,0.21702926621162824,7.2744044653060369),(-5.3521748379220728,0.21140637125207479,7.2701681840469261),(-5.3521748379220728,0.20597487604806233,7.2662304204255843),(-5.3521748379220728,0.20071302989398798,7.2625757899383672),(-5.3521748379220728,0.19559908208424889,7.2591889080816303),(-5.3521748379220728,0.19061128191324211,7.2560543903517303),(-5.3521748379220728,0.18572787867536489,7.253156852245028),(-5.3521748379220728,0.18092942927692598,7.2504677464019993),(-5.3521748379220728,0.17621891735775441,7.2478306010666307),(-5.3521748379220728,0.17161194799574131,7.2450169505010233),(-5.3521748379220728,0.16712426728490518,7.2417975245967616),(-5.3521748379220728,0.16277162131926423,7.2379430532454387),(-5.3521748379220728,0.15856975619283714,7.2332242663386443),(-5.3521748379220728,0.15454887899655065,7.2274256026000545),(-5.3521748379220728,0.1509027374261509,7.2204865350642722),(-5.3521748379220728,0.14792845969839172,7.2124445401201935),(-5.3521748379220728,0.14592480384123252,7.2033386391959944),(-5.3489477845646496,0.15653053829279179,7.2304693464845009),(-5.3484159583560276,0.14519052788263292,7.1932078537198496),(-5.3489477844654179,0.1785622149001497,7.2491569076577917),(-5.3489477844639639,0.20866805819482498,7.2681629491319599),(-5.3489477844641762,0.24060909885731352,7.3033423383322376),(-5.3489477844640678,0.2257130725055336,7.2815459559424154),(-5.3489477844688764,0.19309077318281689,7.2575910653704385),(-5.3489477849760174,0.14845805336358281,7.2141479740702525),(-5.3489477844889395,0.16596866289859452,7.2408571030194722),(-5.3489477844646496,0.24567439271855093,7.3357959313330543)));
#3679=IFCPOLYGONALFACESET(#3678,.T.,(#3607,#3608,#3609,#3610,#3611,#3612,#3613,#3614,#3615,#3616,#3617,#3618,#3619,#3620,#3621,#3622,#3623,#3624,#3625,#3626,#3627,#3628,#3629,#3630,#3631,#3632,#3633,#3634,#3635,#3636,#3637,#3638,#3639,#3640,#3641,#3642,#3643,#3644,#3645,#3646,#3647,#3648,#3649,#3650,#3651,#3652,#3653,#3654,#3655,#3656,#3657,#3658,#3659,#3660,#3661,#3662,#3663,#3664,#3665,#3666,#3667,#3668,#3669,#3670,#3671,#3672,#3673,#3674,#3675,#3676,#3677),$);
#3680=IFCINDEXEDCOLOURMAP(#3679,1.,#3606,(1,1,1,1,1,1,1,1,1,1,1,1,1,1,1,1,1,1,1,1,1,1,1,1,1,1,1,1,1,1,1,1,1,1,1,1,1,1,1,1,1,1,1,1,1,1,1,1,1,1,1,1,1,1,1,1,1,1,1,1,1,1,1,1,1,1,1,1,1,1,1));
#3681=IFCSTYLEDITEM(#3679,(#468),$);
#3682=IFCCOLOURRGBLIST(((0.,0.,0.)));
#3683=IFCINDEXEDPOLYGONALFACE((1,2,3,4,5,6,7,8,9,10,11,12,13,14,15,16,17,18,19,20,21,22,23,24,25,26));
#3684=IFCINDEXEDPOLYGONALFACE((39,40,41,42,43,44,45,46,47,48,49,50,51,52,27,28,29,30,31,32,33,34,35,36,37,38));
#3685=IFCINDEXEDPOLYGONALFACE((2,1,27,52));
#3686=IFCINDEXEDPOLYGONALFACE((15,14,40,39));
#3687=IFCINDEXEDPOLYGONALFACE((3,2,52,51));
#3688=IFCINDEXEDPOLYGONALFACE((4,3,51,50));
#3689=IFCINDEXEDPOLYGONALFACE((6,5,49,48));
#3690=IFCINDEXEDPOLYGONALFACE((7,6,48,47));
#3691=IFCINDEXEDPOLYGONALFACE((50,49,5,4));
#3692=IFCINDEXEDPOLYGONALFACE((47,46,8,7));
#3693=IFCINDEXEDPOLYGONALFACE((10,9,45,44));
#3694=IFCINDEXEDPOLYGONALFACE((10,44,43,11));
#3695=IFCINDEXEDPOLYGONALFACE((13,12,42,41));
#3696=IFCINDEXEDPOLYGONALFACE((42,12,11,43));
#3697=IFCINDEXEDPOLYGONALFACE((14,13,41,40));
#3698=IFCINDEXEDPOLYGONALFACE((8,46,45,9));
#3699=IFCINDEXEDPOLYGONALFACE((16,38,37,17));
#3700=IFCINDEXEDPOLYGONALFACE((36,18,17,37));
#3701=IFCINDEXEDPOLYGONALFACE((19,35,34,20));
#3702=IFCINDEXEDPOLYGONALFACE((36,35,19,18));
#3703=IFCINDEXEDPOLYGONALFACE((20,34,33,21));
#3704=IFCINDEXEDPOLYGONALFACE((38,16,15,39));
#3705=IFCINDEXEDPOLYGONALFACE((22,32,31,23));
#3706=IFCINDEXEDPOLYGONALFACE((30,24,23,31));
#3707=IFCINDEXEDPOLYGONALFACE((25,29,28,26));
#3708=IFCINDEXEDPOLYGONALFACE((30,29,25,24));
#3709=IFCINDEXEDPOLYGONALFACE((26,28,27,1));
#3710=IFCINDEXEDPOLYGONALFACE((32,22,21,33));
#3711=IFCCARTESIANPOINTLIST3D(((-5.3458161606005659,0.2456743927185456,6.9950125979997209),(-5.3521704048136742,0.2456743927185456,6.9950125979997209),(-5.3581568831108886,0.2456743927185461,7.0309329279677257),(-5.3730295823875531,0.24567439271854655,7.0641731271795143),(-5.3958223267136427,0.24567439271854694,7.0925738108596468),(-5.4250544298641881,0.24567439271854724,7.1142899839297202),(-5.4588268852148527,0.24567439271854744,7.1279108975187828),(-5.494945731007209,0.24567439271854749,7.1325516955149801),(-5.5310645767995634,0.24567439271854744,7.1279108975187828),(-5.5648370321502298,0.24567439271854724,7.1142899839297202),(-5.5940691353007734,0.24567439271854694,7.0925738108596468),(-5.6168618796268639,0.24567439271854655,7.0641731271795143),(-5.6317345789035294,0.2456743927185461,7.0309329279677266),(-5.6377210572007437,0.2456743927185456,6.9950125979997209),(-5.6440753014138521,0.2456743927185456,6.9950125979997191),(-5.637871061948811,0.2456743927185461,7.0325771663775614),(-5.6223627939977145,0.2456743927185466,7.0673490373354237),(-5.5985600412561149,0.24567439271854702,7.09706466195742),(-5.5680122945532107,0.24567439271854732,7.1197896384398787),(-5.5327081244498393,0.24567439271854752,7.1340446360921179),(-5.4949457310072098,0.2456743927185476,7.1389016955149813),(-5.4571833375645795,0.24567439271854752,7.1340446360921179),(-5.4218791674612081,0.24567439271854732,7.1197896384398796),(-5.391331420758303,0.24567439271854702,7.0970646619574209),(-5.3675286680167025,0.2456743927185466,7.0673490373354237),(-5.3520204000656069,0.2456743927185461,7.0325771663775622),(-5.3458161606005659,0.058199999999955704,6.9950125979997226),(-5.3520204000656069,0.058199999999956224,7.0325771663775649),(-5.3675286680167025,0.058199999999956703,7.0673490373354255),(-5.391331420758303,0.058199999999957119,7.0970646619574227),(-5.4218791674612081,0.058199999999957432,7.1197896384398813),(-5.4571833375645795,0.058199999999957626,7.1340446360921206),(-5.4949457310072098,0.058199999999957695,7.1389016955149831),(-5.5327081244498393,0.058199999999957626,7.1340446360921206),(-5.5680122945532107,0.058199999999957432,7.1197896384398804),(-5.5985600412561149,0.058199999999957119,7.0970646619574218),(-5.6223627939977145,0.058199999999956703,7.0673490373354255),(-5.637871061948811,0.058199999999956224,7.032577166377564),(-5.6440753014138521,0.058199999999955704,6.9950125979997226),(-5.6377210572007437,0.058199999999955704,6.9950125979997226),(-5.6317345789035294,0.058199999999956203,7.0309329279677293),(-5.6168618796268639,0.058199999999956661,7.0641731271795161),(-5.5940691353007734,0.05819999999995705,7.0925738108596486),(-5.5648370321502298,0.058199999999957355,7.114289983929722),(-5.5310645767995634,0.058199999999957543,7.1279108975187846),(-5.494945731007209,0.058199999999957605,7.1325516955149828),(-5.4588268852148527,0.058199999999957543,7.1279108975187846),(-5.4250544298641881,0.058199999999957355,7.114289983929722),(-5.3958223267136427,0.05819999999995705,7.0925738108596486),(-5.3730295823875531,0.058199999999956661,7.0641731271795161),(-5.3581568831108886,0.058199999999956203,7.0309329279677284),(-5.3521704048136742,0.058199999999955704,6.9950125979997217)));
#3712=IFCPOLYGONALFACESET(#3711,.T.,(#3683,#3684,#3685,#3686,#3687,#3688,#3689,#3690,#3691,#3692,#3693,#3694,#3695,#3696,#3697,#3698,#3699,#3700,#3701,#3702,#3703,#3704,#3705,#3706,#3707,#3708,#3709,#3710),$);
#3713=IFCINDEXEDCOLOURMAP(#3712,1.,#3682,(1,1,1,1,1,1,1,1,1,1,1,1,1,1,1,1,1,1,1,1,1,1,1,1,1,1,1,1));
#3714=IFCSTYLEDITEM(#3712,(#468),$);
#3715=IFCCOLOURRGBLIST(((0.,0.,0.)));
#3716=IFCINDEXEDPOLYGONALFACE((12,13,14,15,16,17,18,19,20,21,22,23,24,25,26,27,1,2,3,4,5,6,7,8,9,10,11));
#3717=IFCINDEXEDPOLYGONALFACE((54,28,29,30,31,32,33,34,35,36,37,38,39,40,41,42,43,44,45,46,47,48,49,50,51,52,53));
#3718=IFCINDEXEDPOLYGONALFACE((2,1,64,28,54));
#3719=IFCINDEXEDPOLYGONALFACE((3,2,54,53));
#3720=IFCINDEXEDPOLYGONALFACE((4,3,53,52,56));
#3721=IFCINDEXEDPOLYGONALFACE((24,23,60));
#3722=IFCINDEXEDPOLYGONALFACE((61,41,40));
#3723=IFCINDEXEDPOLYGONALFACE((8,55,9));
#3724=IFCINDEXEDPOLYGONALFACE((26,59,27));
#3725=IFCINDEXEDPOLYGONALFACE((56,5,4));
#3726=IFCINDEXEDPOLYGONALFACE((56,52,51));
#3727=IFCINDEXEDPOLYGONALFACE((20,58,21));
#3728=IFCINDEXEDPOLYGONALFACE((55,48,47));
#3729=IFCINDEXEDPOLYGONALFACE((62,5,56));
#3730=IFCINDEXEDPOLYGONALFACE((11,10,63));
#3731=IFCINDEXEDPOLYGONALFACE((62,55,7));
#3732=IFCINDEXEDPOLYGONALFACE((57,14,13));
#3733=IFCINDEXEDPOLYGONALFACE((16,15,61));
#3734=IFCINDEXEDPOLYGONALFACE((63,57,12));
#3735=IFCINDEXEDPOLYGONALFACE((6,62,7));
#3736=IFCINDEXEDPOLYGONALFACE((12,11,63));
#3737=IFCINDEXEDPOLYGONALFACE((57,13,12));
#3738=IFCINDEXEDPOLYGONALFACE((55,63,10));
#3739=IFCINDEXEDPOLYGONALFACE((59,64,27));
#3740=IFCINDEXEDPOLYGONALFACE((15,57,61));
#3741=IFCINDEXEDPOLYGONALFACE((62,50,49));
#3742=IFCINDEXEDPOLYGONALFACE((62,56,51));
#3743=IFCINDEXEDPOLYGONALFACE((9,55,10));
#3744=IFCINDEXEDPOLYGONALFACE((58,37,36));
#3745=IFCINDEXEDPOLYGONALFACE((62,6,5));
#3746=IFCINDEXEDPOLYGONALFACE((14,57,15));
#3747=IFCINDEXEDPOLYGONALFACE((57,43,42));
#3748=IFCINDEXEDPOLYGONALFACE((8,7,55));
#3749=IFCINDEXEDPOLYGONALFACE((62,51,50));
#3750=IFCINDEXEDPOLYGONALFACE((49,48,55));
#3751=IFCINDEXEDPOLYGONALFACE((46,55,47));
#3752=IFCINDEXEDPOLYGONALFACE((60,34,33));
#3753=IFCINDEXEDPOLYGONALFACE((59,31,30));
#3754=IFCINDEXEDPOLYGONALFACE((55,62,49));
#3755=IFCINDEXEDPOLYGONALFACE((46,63,55));
#3756=IFCINDEXEDPOLYGONALFACE((57,63,44));
#3757=IFCINDEXEDPOLYGONALFACE((44,63,45));
#3758=IFCINDEXEDPOLYGONALFACE((45,63,46));
#3759=IFCINDEXEDPOLYGONALFACE((43,57,44));
#3760=IFCINDEXEDPOLYGONALFACE((18,17,61));
#3761=IFCINDEXEDPOLYGONALFACE((57,42,41));
#3762=IFCINDEXEDPOLYGONALFACE((61,57,41));
#3763=IFCINDEXEDPOLYGONALFACE((20,19,58));
#3764=IFCINDEXEDPOLYGONALFACE((21,60,22));
#3765=IFCINDEXEDPOLYGONALFACE((61,58,18));
#3766=IFCINDEXEDPOLYGONALFACE((19,18,58));
#3767=IFCINDEXEDPOLYGONALFACE((60,21,58));
#3768=IFCINDEXEDPOLYGONALFACE((59,26,25));
#3769=IFCINDEXEDPOLYGONALFACE((64,29,28));
#3770=IFCINDEXEDPOLYGONALFACE((64,1,27));
#3771=IFCINDEXEDPOLYGONALFACE((60,59,24));
#3772=IFCINDEXEDPOLYGONALFACE((59,25,24));
#3773=IFCINDEXEDPOLYGONALFACE((23,22,60));
#3774=IFCINDEXEDPOLYGONALFACE((40,39,61));
#3775=IFCINDEXEDPOLYGONALFACE((61,38,58));
#3776=IFCINDEXEDPOLYGONALFACE((61,39,38));
#3777=IFCINDEXEDPOLYGONALFACE((58,38,37));
#3778=IFCINDEXEDPOLYGONALFACE((35,58,36));
#3779=IFCINDEXEDPOLYGONALFACE((35,60,58));
#3780=IFCINDEXEDPOLYGONALFACE((35,34,60));
#3781=IFCINDEXEDPOLYGONALFACE((59,60,32));
#3782=IFCINDEXEDPOLYGONALFACE((60,33,32));
#3783=IFCINDEXEDPOLYGONALFACE((32,31,59));
#3784=IFCINDEXEDPOLYGONALFACE((29,59,30));
#3785=IFCINDEXEDPOLYGONALFACE((29,64,59));
#3786=IFCINDEXEDPOLYGONALFACE((17,16,61));
#3787=IFCCARTESIANPOINTLIST3D(((-5.6441707310071987,0.14519052788262823,6.8524245203865153),(-5.6441707310071987,0.058199999999956308,6.8524245203865179),(-5.6441707310071987,0.058199999999956543,6.9950125979997209),(-5.6441707310071987,0.24567439271854583,6.9950125979997209),(-5.6441707310071987,0.24478866136260688,6.9800067744876886),(-5.6441707310071987,0.24233222551664124,6.9677690932163072),(-5.6441707310071987,0.2386062225134252,6.9578857909742187),(-5.6441707310071987,0.23391178968573537,6.9499431045500604),(-5.6441707310071987,0.22855006436634828,6.9435272707324787),(-5.6441707310071987,0.22282218388804045,6.9382245263101128),(-5.6441707310071987,0.21702926621162316,6.9336211319727017),(-5.6441707310071987,0.21140637125206968,6.9293848507135909),(-5.6441707310071987,0.2059748760480572,6.9254470870922491),(-5.6441707310071987,0.20071302989398293,6.9217924566050311),(-5.6441707310071987,0.19559908208424384,6.9184055747482933),(-5.6441707310071987,0.19061128191323706,6.9152710570183942),(-5.6441707310071987,0.18572787867535986,6.9123735189116911),(-5.6441707310071987,0.18092942927692088,6.909684413068665),(-5.6441707310071987,0.17621891735774939,6.9070472677332972),(-5.6441707310071987,0.17161194799573631,6.9042336171676872),(-5.6441707310071987,0.16712426728490012,6.9010141912634255),(-5.6441707310071987,0.16277162131925929,6.8971597199121026),(-5.6441707310071987,0.15856975619283223,6.8924409330053091),(-5.6441707310071987,0.15454887899654582,6.8866422692667202),(-5.6441707310071987,0.1509027374261461,6.8797032017309361),(-5.6441707310071987,0.14792845969838692,6.8716612067868557),(-5.6441707310071987,0.14592480384122783,6.8625553058626583),(-5.6377166240923504,0.14519052788262823,6.8524245203865153),(-5.6377166240923504,0.14592480384122783,6.8625553058626583),(-5.6377166240923504,0.14792845969838692,6.8716612067868557),(-5.6377166240923504,0.1509027374261461,6.8797032017309361),(-5.6377166240923504,0.15454887899654582,6.8866422692667202),(-5.6377166240923504,0.15856975619283223,6.8924409330053091),(-5.6377166240923504,0.16277162131925929,6.8971597199121026),(-5.6377166240923504,0.16712426728490012,6.9010141912634255),(-5.6377166240923504,0.17161194799573631,6.9042336171676872),(-5.6377166240923504,0.17621891735774939,6.9070472677332972),(-5.6377166240923504,0.18092942927692088,6.909684413068665),(-5.6377166240923504,0.18572787867535986,6.9123735189116911),(-5.6377166240923504,0.19061128191323706,6.9152710570183942),(-5.6377166240923504,0.19559908208424384,6.9184055747482933),(-5.6377166240923504,0.20071302989398293,6.9217924566050311),(-5.6377166240923504,0.2059748760480572,6.9254470870922491),(-5.6377166240923504,0.21140637125206968,6.9293848507135909),(-5.6377166240923504,0.21702926621162316,6.9336211319727017),(-5.6377166240923504,0.22282218388804045,6.9382245263101128),(-5.6377166240923504,0.22855006436634828,6.9435272707324787),(-5.6377166240923504,0.23391178968573537,6.9499431045500604),(-5.6377166240923504,0.2386062225134252,6.9578857909742187),(-5.6377166240923504,0.24233222551664124,6.9677690932163072),(-5.6377166240923504,0.24478866136260688,6.9800067744876886),(-5.6377166240923504,0.24567439271854505,6.9950125979997209),(-5.6377166240923504,0.058199999999956543,6.9950125979997209),(-5.6377166240923504,0.058199999999956301,6.8524245203865179),(-5.640943677449771,0.23129551556626013,6.9465701889588463),(-5.6414755036583966,0.24567439271854585,6.9950125979997182),(-5.6409436775490072,0.20332410595559111,6.9235853415277049),(-5.6409436775504611,0.17390150564552673,6.9056768349369406),(-5.6409436775502479,0.14931294318050406,6.8758176312791921),(-5.6409436775503563,0.16065085697140208,6.894922695230159),(-5.6409436775455477,0.18815788988154611,6.9137936269159317),(-5.6409436770384058,0.24167543938762051,6.9656064082201583),(-5.6409436775254846,0.21853844049260432,6.9347843168958763),(-5.6409436775497737,0.14519052788262826,6.8524245203865135)));
#3788=IFCPOLYGONALFACESET(#3787,.T.,(#3716,#3717,#3718,#3719,#3720,#3721,#3722,#3723,#3724,#3725,#3726,#3727,#3728,#3729,#3730,#3731,#3732,#3733,#3734,#3735,#3736,#3737,#3738,#3739,#3740,#3741,#3742,#3743,#3744,#3745,#3746,#3747,#3748,#3749,#3750,#3751,#3752,#3753,#3754,#3755,#3756,#3757,#3758,#3759,#3760,#3761,#3762,#3763,#3764,#3765,#3766,#3767,#3768,#3769,#3770,#3771,#3772,#3773,#3774,#3775,#3776,#3777,#3778,#3779,#3780,#3781,#3782,#3783,#3784,#3785,#3786),$);
#3789=IFCINDEXEDCOLOURMAP(#3788,1.,#3715,(1,1,1,1,1,1,1,1,1,1,1,1,1,1,1,1,1,1,1,1,1,1,1,1,1,1,1,1,1,1,1,1,1,1,1,1,1,1,1,1,1,1,1,1,1,1,1,1,1,1,1,1,1,1,1,1,1,1,1,1,1,1,1,1,1,1,1,1,1,1,1));
#3790=IFCSTYLEDITEM(#3788,(#468),$);
#3791=IFCCOLOURRGBLIST(((0.,0.,0.)));
#3792=IFCINDEXEDPOLYGONALFACE((26,27,1,2,3,4,5,6,7,8,9,10,11,12,13,14,15,16,17,18,19,20,21,22,23,24,25));
#3793=IFCINDEXEDPOLYGONALFACE((32,33,34,35,36,37,38,39,40,41,42,43,44,45,46,47,48,49,50,51,52,53,54,28,29,30,31));
#3794=IFCINDEXEDPOLYGONALFACE((21,20,60));
#3795=IFCINDEXEDPOLYGONALFACE((61,44,43));
#3796=IFCINDEXEDPOLYGONALFACE((5,55,6));
#3797=IFCINDEXEDPOLYGONALFACE((23,59,24));
#3798=IFCINDEXEDPOLYGONALFACE((56,2,1));
#3799=IFCINDEXEDPOLYGONALFACE((56,28,54));
#3800=IFCINDEXEDPOLYGONALFACE((17,58,18));
#3801=IFCINDEXEDPOLYGONALFACE((55,51,50));
#3802=IFCINDEXEDPOLYGONALFACE((62,2,56));
#3803=IFCINDEXEDPOLYGONALFACE((8,7,63));
#3804=IFCINDEXEDPOLYGONALFACE((62,55,4));
#3805=IFCINDEXEDPOLYGONALFACE((57,11,10));
#3806=IFCINDEXEDPOLYGONALFACE((13,12,61));
#3807=IFCINDEXEDPOLYGONALFACE((63,57,9));
#3808=IFCINDEXEDPOLYGONALFACE((3,62,4));
#3809=IFCINDEXEDPOLYGONALFACE((9,8,63));
#3810=IFCINDEXEDPOLYGONALFACE((57,10,9));
#3811=IFCINDEXEDPOLYGONALFACE((55,63,7));
#3812=IFCINDEXEDPOLYGONALFACE((59,64,24));
#3813=IFCINDEXEDPOLYGONALFACE((12,57,61));
#3814=IFCINDEXEDPOLYGONALFACE((62,53,52));
#3815=IFCINDEXEDPOLYGONALFACE((62,56,54));
#3816=IFCINDEXEDPOLYGONALFACE((6,55,7));
#3817=IFCINDEXEDPOLYGONALFACE((58,40,39));
#3818=IFCINDEXEDPOLYGONALFACE((62,3,2));
#3819=IFCINDEXEDPOLYGONALFACE((11,57,12));
#3820=IFCINDEXEDPOLYGONALFACE((57,46,45));
#3821=IFCINDEXEDPOLYGONALFACE((5,4,55));
#3822=IFCINDEXEDPOLYGONALFACE((62,54,53));
#3823=IFCINDEXEDPOLYGONALFACE((52,51,55));
#3824=IFCINDEXEDPOLYGONALFACE((49,55,50));
#3825=IFCINDEXEDPOLYGONALFACE((60,37,36));
#3826=IFCINDEXEDPOLYGONALFACE((59,34,33));
#3827=IFCINDEXEDPOLYGONALFACE((55,62,52));
#3828=IFCINDEXEDPOLYGONALFACE((49,63,55));
#3829=IFCINDEXEDPOLYGONALFACE((57,63,47));
#3830=IFCINDEXEDPOLYGONALFACE((47,63,48));
#3831=IFCINDEXEDPOLYGONALFACE((48,63,49));
#3832=IFCINDEXEDPOLYGONALFACE((46,57,47));
#3833=IFCINDEXEDPOLYGONALFACE((15,14,61));
#3834=IFCINDEXEDPOLYGONALFACE((57,45,44));
#3835=IFCINDEXEDPOLYGONALFACE((61,57,44));
#3836=IFCINDEXEDPOLYGONALFACE((17,16,58));
#3837=IFCINDEXEDPOLYGONALFACE((18,60,19));
#3838=IFCINDEXEDPOLYGONALFACE((61,58,15));
#3839=IFCINDEXEDPOLYGONALFACE((16,15,58));
#3840=IFCINDEXEDPOLYGONALFACE((60,18,58));
#3841=IFCINDEXEDPOLYGONALFACE((59,23,22));
#3842=IFCINDEXEDPOLYGONALFACE((64,32,31));
#3843=IFCINDEXEDPOLYGONALFACE((64,25,24));
#3844=IFCINDEXEDPOLYGONALFACE((60,59,21));
#3845=IFCINDEXEDPOLYGONALFACE((59,22,21));
#3846=IFCINDEXEDPOLYGONALFACE((20,19,60));
#3847=IFCINDEXEDPOLYGONALFACE((43,42,61));
#3848=IFCINDEXEDPOLYGONALFACE((61,41,58));
#3849=IFCINDEXEDPOLYGONALFACE((61,42,41));
#3850=IFCINDEXEDPOLYGONALFACE((58,41,40));
#3851=IFCINDEXEDPOLYGONALFACE((38,58,39));
#3852=IFCINDEXEDPOLYGONALFACE((38,60,58));
#3853=IFCINDEXEDPOLYGONALFACE((38,37,60));
#3854=IFCINDEXEDPOLYGONALFACE((59,60,35));
#3855=IFCINDEXEDPOLYGONALFACE((60,36,35));
#3856=IFCINDEXEDPOLYGONALFACE((35,34,59));
#3857=IFCINDEXEDPOLYGONALFACE((32,59,33));
#3858=IFCINDEXEDPOLYGONALFACE((32,64,59));
#3859=IFCINDEXEDPOLYGONALFACE((14,13,61));
#3860=IFCINDEXEDPOLYGONALFACE((26,25,64,31,30));
#3861=IFCINDEXEDPOLYGONALFACE((27,26,30,29));
#3862=IFCINDEXEDPOLYGONALFACE((27,29,28,56,1));
#3863=IFCCARTESIANPOINTLIST3D(((-5.3457207310072263,0.14519052788262823,6.8524245203865179),(-5.3457207310072263,0.14592480384122783,6.8625553058626592),(-5.3457207310072263,0.147928459698387,6.8716612067868592),(-5.3457207310072263,0.15090273742614621,6.879703201730937),(-5.3457207310072263,0.15454887899654599,6.8866422692667211),(-5.3457207310072263,0.15856975619283242,6.8924409330053091),(-5.3457207310072263,0.16277162131925957,6.8971597199121044),(-5.3457207310072263,0.16712426728490049,6.90101419126343),(-5.3457207310072263,0.17161194799573665,6.904233617167689),(-5.3457207310072263,0.17621891735774975,6.9070472677332981),(-5.3457207310072263,0.18092942927692129,6.9096844130686659),(-5.3457207310072263,0.18572787867536023,6.9123735189116937),(-5.3457207310072263,0.19061128191323745,6.915271057018396),(-5.3457207310072263,0.1955990820842442,6.9184055747482951),(-5.3457207310072263,0.20071302989398332,6.9217924566050328),(-5.3457207310072263,0.20597487604805767,6.9254470870922509),(-5.3457207310072263,0.21140637125207012,6.9293848507135927),(-5.3457207310072263,0.21702926621162358,6.9336211319727017),(-5.3457207310072263,0.22282218388804084,6.9382245263101137),(-5.3457207310072263,0.2285500643663487,6.9435272707324796),(-5.3457207310072263,0.23391178968573584,6.9499431045500639),(-5.3457207310072263,0.23860622251342553,6.9578857909742196),(-5.3457207310072263,0.24233222551664158,6.9677690932163099),(-5.3457207310072263,0.24478866136260735,6.9800067744876904),(-5.3457207310072263,0.24567439271854621,6.9950125979997209),(-5.3457207310072263,0.058199999999956537,6.9950125979997217),(-5.3457207310072263,0.058199999999956301,6.8524245203865179),(-5.3521748379220755,0.14519052788262826,6.8524245203865179),(-5.3521748379220755,0.058199999999956301,6.8524245203865179),(-5.3521748379220755,0.05819999999995655,6.9950125979997217),(-5.3521748379220755,0.24567439271854624,6.9950125979997217),(-5.3521748379220755,0.24478866136260735,6.9800067744876904),(-5.3521748379220755,0.24233222551664158,6.9677690932163099),(-5.3521748379220755,0.23860622251342553,6.9578857909742196),(-5.3521748379220755,0.23391178968573584,6.9499431045500639),(-5.3521748379220755,0.2285500643663487,6.9435272707324796),(-5.3521748379220755,0.22282218388804084,6.9382245263101137),(-5.3521748379220755,0.21702926621162358,6.9336211319727017),(-5.3521748379220755,0.21140637125207012,6.9293848507135927),(-5.3521748379220755,0.20597487604805767,6.9254470870922509),(-5.3521748379220755,0.20071302989398332,6.9217924566050328),(-5.3521748379220755,0.1955990820842442,6.9184055747482951),(-5.3521748379220755,0.19061128191323745,6.915271057018396),(-5.3521748379220755,0.18572787867536023,6.9123735189116937),(-5.3521748379220755,0.18092942927692129,6.9096844130686659),(-5.3521748379220755,0.17621891735774975,6.9070472677332981),(-5.3521748379220755,0.17161194799573665,6.904233617167689),(-5.3521748379220755,0.16712426728490049,6.90101419126343),(-5.3521748379220755,0.16277162131925957,6.8971597199121044),(-5.3521748379220755,0.15856975619283242,6.8924409330053091),(-5.3521748379220755,0.15454887899654599,6.8866422692667211),(-5.3521748379220755,0.15090273742614621,6.879703201730937),(-5.3521748379220755,0.147928459698387,6.8716612067868592),(-5.3521748379220755,0.14592480384122783,6.8625553058626592),(-5.348947784564654,0.15653053829281446,6.8896860131512074),(-5.3484159583560311,0.14519052788262826,6.8524245203865179),(-5.3489477844654179,0.17856221490014793,6.9083735743244583),(-5.3489477844639639,0.20866805819483572,6.9273796157986363),(-5.3489477844641797,0.24060909885730133,6.9625590049988837),(-5.3489477844640696,0.22571307250550124,6.9407626226090553),(-5.3489477844688764,0.19309077318281409,6.9168077320371051),(-5.348947784976021,0.14845805336357548,6.8733646407369102),(-5.3489477844889395,0.16596866289861725,6.9000737696861583),(-5.3489477844646505,0.24567439271854621,6.9950125979997209)));
#3864=IFCPOLYGONALFACESET(#3863,.T.,(#3792,#3793,#3794,#3795,#3796,#3797,#3798,#3799,#3800,#3801,#3802,#3803,#3804,#3805,#3806,#3807,#3808,#3809,#3810,#3811,#3812,#3813,#3814,#3815,#3816,#3817,#3818,#3819,#3820,#3821,#3822,#3823,#3824,#3825,#3826,#3827,#3828,#3829,#3830,#3831,#3832,#3833,#3834,#3835,#3836,#3837,#3838,#3839,#3840,#3841,#3842,#3843,#3844,#3845,#3846,#3847,#3848,#3849,#3850,#3851,#3852,#3853,#3854,#3855,#3856,#3857,#3858,#3859,#3860,#3861,#3862),$);
#3865=IFCINDEXEDCOLOURMAP(#3864,1.,#3791,(1,1,1,1,1,1,1,1,1,1,1,1,1,1,1,1,1,1,1,1,1,1,1,1,1,1,1,1,1,1,1,1,1,1,1,1,1,1,1,1,1,1,1,1,1,1,1,1,1,1,1,1,1,1,1,1,1,1,1,1,1,1,1,1,1,1,1,1,1,1,1));
#3866=IFCSTYLEDITEM(#3864,(#468),$);
#3867=IFCCOLOURRGBLIST(((0.,0.,0.)));
#3868=IFCINDEXEDPOLYGONALFACE((7,8,9,10,11,12,13,14,15,16,17,18,19,20,21,22,23,24,1,2,3,4,5,6));
#3869=IFCINDEXEDPOLYGONALFACE((39,50,26));
#3870=IFCINDEXEDPOLYGONALFACE((36,51,46));
#3871=IFCINDEXEDPOLYGONALFACE((50,1,38,73,25));
#3872=IFCINDEXEDPOLYGONALFACE((27,39,26));
#3873=IFCINDEXEDPOLYGONALFACE((40,28,29));
#3874=IFCINDEXEDPOLYGONALFACE((7,49,8));
#3875=IFCINDEXEDPOLYGONALFACE((37,48,63,13,51));
#3876=IFCINDEXEDPOLYGONALFACE((27,28,41));
#3877=IFCINDEXEDPOLYGONALFACE((2,50,39));
#3878=IFCINDEXEDPOLYGONALFACE((42,29,30));
#3879=IFCINDEXEDPOLYGONALFACE((25,26,50));
#3880=IFCINDEXEDPOLYGONALFACE((50,2,1));
#3881=IFCINDEXEDPOLYGONALFACE((41,39,27));
#3882=IFCINDEXEDPOLYGONALFACE((42,40,29));
#3883=IFCINDEXEDPOLYGONALFACE((3,39,41));
#3884=IFCINDEXEDPOLYGONALFACE((40,41,28));
#3885=IFCINDEXEDPOLYGONALFACE((4,41,40));
#3886=IFCINDEXEDPOLYGONALFACE((40,42,5));
#3887=IFCINDEXEDPOLYGONALFACE((4,40,5));
#3888=IFCINDEXEDPOLYGONALFACE((43,7,6));
#3889=IFCINDEXEDPOLYGONALFACE((2,39,3));
#3890=IFCINDEXEDPOLYGONALFACE((49,43,31));
#3891=IFCINDEXEDPOLYGONALFACE((44,32,33));
#3892=IFCINDEXEDPOLYGONALFACE((46,47,35));
#3893=IFCINDEXEDPOLYGONALFACE((11,46,12));
#3894=IFCINDEXEDPOLYGONALFACE((34,45,33));
#3895=IFCINDEXEDPOLYGONALFACE((46,35,36));
#3896=IFCINDEXEDPOLYGONALFACE((9,45,10));
#3897=IFCINDEXEDPOLYGONALFACE((47,45,34));
#3898=IFCINDEXEDPOLYGONALFACE((34,35,47));
#3899=IFCINDEXEDPOLYGONALFACE((37,51,36));
#3900=IFCINDEXEDPOLYGONALFACE((13,12,51));
#3901=IFCINDEXEDPOLYGONALFACE((32,49,31));
#3902=IFCINDEXEDPOLYGONALFACE((8,49,44));
#3903=IFCINDEXEDPOLYGONALFACE((43,42,30));
#3904=IFCINDEXEDPOLYGONALFACE((7,43,49));
#3905=IFCINDEXEDPOLYGONALFACE((42,43,6));
#3906=IFCINDEXEDPOLYGONALFACE((9,44,45));
#3907=IFCINDEXEDPOLYGONALFACE((45,44,33));
#3908=IFCINDEXEDPOLYGONALFACE((10,45,47));
#3909=IFCINDEXEDPOLYGONALFACE((47,46,11));
#3910=IFCINDEXEDPOLYGONALFACE((31,43,30));
#3911=IFCINDEXEDPOLYGONALFACE((44,49,32));
#3912=IFCINDEXEDPOLYGONALFACE((5,42,6));
#3913=IFCINDEXEDPOLYGONALFACE((8,44,9));
#3914=IFCINDEXEDPOLYGONALFACE((10,47,11));
#3915=IFCINDEXEDPOLYGONALFACE((51,12,46));
#3916=IFCINDEXEDPOLYGONALFACE((3,41,4));
#3917=IFCINDEXEDPOLYGONALFACE((64,75,52));
#3918=IFCINDEXEDPOLYGONALFACE((62,76,71));
#3919=IFCINDEXEDPOLYGONALFACE((75,13,63,48,37));
#3920=IFCINDEXEDPOLYGONALFACE((53,64,52));
#3921=IFCINDEXEDPOLYGONALFACE((65,54,55));
#3922=IFCINDEXEDPOLYGONALFACE((19,74,20));
#3923=IFCINDEXEDPOLYGONALFACE((25,73,38,1,76));
#3924=IFCINDEXEDPOLYGONALFACE((53,54,66));
#3925=IFCINDEXEDPOLYGONALFACE((14,75,64));
#3926=IFCINDEXEDPOLYGONALFACE((67,55,56));
#3927=IFCINDEXEDPOLYGONALFACE((37,52,75));
#3928=IFCINDEXEDPOLYGONALFACE((75,14,13));
#3929=IFCINDEXEDPOLYGONALFACE((66,64,53));
#3930=IFCINDEXEDPOLYGONALFACE((67,65,55));
#3931=IFCINDEXEDPOLYGONALFACE((15,64,66));
#3932=IFCINDEXEDPOLYGONALFACE((65,66,54));
#3933=IFCINDEXEDPOLYGONALFACE((16,66,65));
#3934=IFCINDEXEDPOLYGONALFACE((65,67,17));
#3935=IFCINDEXEDPOLYGONALFACE((16,65,17));
#3936=IFCINDEXEDPOLYGONALFACE((68,19,18));
#3937=IFCINDEXEDPOLYGONALFACE((14,64,15));
#3938=IFCINDEXEDPOLYGONALFACE((74,68,57));
#3939=IFCINDEXEDPOLYGONALFACE((69,58,59));
#3940=IFCINDEXEDPOLYGONALFACE((71,72,61));
#3941=IFCINDEXEDPOLYGONALFACE((23,71,24));
#3942=IFCINDEXEDPOLYGONALFACE((60,70,59));
#3943=IFCINDEXEDPOLYGONALFACE((71,61,62));
#3944=IFCINDEXEDPOLYGONALFACE((21,70,22));
#3945=IFCINDEXEDPOLYGONALFACE((72,70,60));
#3946=IFCINDEXEDPOLYGONALFACE((60,61,72));
#3947=IFCINDEXEDPOLYGONALFACE((25,76,62));
#3948=IFCINDEXEDPOLYGONALFACE((1,24,76));
#3949=IFCINDEXEDPOLYGONALFACE((58,74,57));
#3950=IFCINDEXEDPOLYGONALFACE((20,74,69));
#3951=IFCINDEXEDPOLYGONALFACE((68,67,56));
#3952=IFCINDEXEDPOLYGONALFACE((19,68,74));
#3953=IFCINDEXEDPOLYGONALFACE((67,68,18));
#3954=IFCINDEXEDPOLYGONALFACE((21,69,70));
#3955=IFCINDEXEDPOLYGONALFACE((70,69,59));
#3956=IFCINDEXEDPOLYGONALFACE((22,70,72));
#3957=IFCINDEXEDPOLYGONALFACE((72,71,23));
#3958=IFCINDEXEDPOLYGONALFACE((57,68,56));
#3959=IFCINDEXEDPOLYGONALFACE((69,74,58));
#3960=IFCINDEXEDPOLYGONALFACE((17,67,18));
#3961=IFCINDEXEDPOLYGONALFACE((20,69,21));
#3962=IFCINDEXEDPOLYGONALFACE((22,72,23));
#3963=IFCINDEXEDPOLYGONALFACE((76,24,71));
#3964=IFCINDEXEDPOLYGONALFACE((15,66,16));
#3965=IFCINDEXEDPOLYGONALFACE((96,97,142));
#3966=IFCINDEXEDPOLYGONALFACE((165,113,114));
#3967=IFCINDEXEDPOLYGONALFACE((111,148,110));
#3968=IFCINDEXEDPOLYGONALFACE((142,202,26));
#3969=IFCINDEXEDPOLYGONALFACE((188,156,168));
#3970=IFCINDEXEDPOLYGONALFACE((200,150,136));
#3971=IFCINDEXEDPOLYGONALFACE((202,142,128));
#3972=IFCINDEXEDPOLYGONALFACE((139,149,130));
#3973=IFCINDEXEDPOLYGONALFACE((155,82,83));
#3974=IFCINDEXEDPOLYGONALFACE((30,168,156));
#3975=IFCINDEXEDPOLYGONALFACE((95,26,25));
#3976=IFCINDEXEDPOLYGONALFACE((149,102,103));
#3977=IFCINDEXEDPOLYGONALFACE((99,100,139));
#3978=IFCINDEXEDPOLYGONALFACE((169,31,156));
#3979=IFCINDEXEDPOLYGONALFACE((101,102,149));
#3980=IFCINDEXEDPOLYGONALFACE((232,131,195));
#3981=IFCINDEXEDPOLYGONALFACE((144,136,155));
#3982=IFCINDEXEDPOLYGONALFACE((149,139,100));
#3983=IFCINDEXEDPOLYGONALFACE((142,97,224));
#3984=IFCINDEXEDPOLYGONALFACE((211,147,132));
#3985=IFCINDEXEDPOLYGONALFACE((101,149,100));
#3986=IFCINDEXEDPOLYGONALFACE((94,146,93));
#3987=IFCINDEXEDPOLYGONALFACE((221,36,35));
#3988=IFCINDEXEDPOLYGONALFACE((224,97,98));
#3989=IFCINDEXEDPOLYGONALFACE((95,96,142));
#3990=IFCINDEXEDPOLYGONALFACE((162,186,231));
#3991=IFCINDEXEDPOLYGONALFACE((211,154,147));
#3992=IFCINDEXEDPOLYGONALFACE((30,156,31));
#3993=IFCINDEXEDPOLYGONALFACE((33,160,34));
#3994=IFCINDEXEDPOLYGONALFACE((164,28,27));
#3995=IFCINDEXEDPOLYGONALFACE((78,151,123));
#3996=IFCINDEXEDPOLYGONALFACE((179,160,33));
#3997=IFCINDEXEDPOLYGONALFACE((37,36,94));
#3998=IFCINDEXEDPOLYGONALFACE((159,171,175));
#3999=IFCINDEXEDPOLYGONALFACE((146,94,36));
#4000=IFCINDEXEDPOLYGONALFACE((172,129,221));
#4001=IFCINDEXEDPOLYGONALFACE((226,176,225));
#4002=IFCINDEXEDPOLYGONALFACE((109,110,148));
#4003=IFCINDEXEDPOLYGONALFACE((179,33,32));
#4004=IFCINDEXEDPOLYGONALFACE((197,189,187));
#4005=IFCINDEXEDPOLYGONALFACE((115,171,159));
#4006=IFCINDEXEDPOLYGONALFACE((91,223,90));
#4007=IFCINDEXEDPOLYGONALFACE((169,32,31));
#4008=IFCINDEXEDPOLYGONALFACE((138,143,89));
#4009=IFCINDEXEDPOLYGONALFACE((138,89,90));
#4010=IFCINDEXEDPOLYGONALFACE((155,83,84));
#4011=IFCINDEXEDPOLYGONALFACE((172,34,160));
#4012=IFCINDEXEDPOLYGONALFACE((223,129,138));
#4013=IFCINDEXEDPOLYGONALFACE((224,99,139));
#4014=IFCINDEXEDPOLYGONALFACE((223,92,146));
#4015=IFCINDEXEDPOLYGONALFACE((93,146,92));
#4016=IFCINDEXEDPOLYGONALFACE((140,149,103));
#4017=IFCINDEXEDPOLYGONALFACE((193,185,194));
#4018=IFCINDEXEDPOLYGONALFACE((129,223,146));
#4019=IFCINDEXEDPOLYGONALFACE((143,87,88));
#4020=IFCINDEXEDPOLYGONALFACE((104,154,140));
#4021=IFCINDEXEDPOLYGONALFACE((139,178,128));
#4022=IFCINDEXEDPOLYGONALFACE((166,151,135));
#4023=IFCINDEXEDPOLYGONALFACE((154,105,106));
#4024=IFCINDEXEDPOLYGONALFACE((89,143,88));
#4025=IFCINDEXEDPOLYGONALFACE((95,142,26));
#4026=IFCINDEXEDPOLYGONALFACE((147,154,107));
#4027=IFCINDEXEDPOLYGONALFACE((108,109,147));
#4028=IFCINDEXEDPOLYGONALFACE((119,158,118));
#4029=IFCINDEXEDPOLYGONALFACE((109,148,147));
#4030=IFCINDEXEDPOLYGONALFACE((140,130,149));
#4031=IFCINDEXEDPOLYGONALFACE((185,163,184));
#4032=IFCINDEXEDPOLYGONALFACE((108,147,107));
#4033=IFCINDEXEDPOLYGONALFACE((128,164,202));
#4034=IFCINDEXEDPOLYGONALFACE((211,134,154));
#4035=IFCINDEXEDPOLYGONALFACE((111,113,148));
#4036=IFCINDEXEDPOLYGONALFACE((128,142,224));
#4037=IFCINDEXEDPOLYGONALFACE((112,113,111));
#4038=IFCINDEXEDPOLYGONALFACE((144,143,131));
#4039=IFCINDEXEDPOLYGONALFACE((178,139,130));
#4040=IFCINDEXEDPOLYGONALFACE((132,148,165));
#4041=IFCINDEXEDPOLYGONALFACE((118,158,170));
#4042=IFCINDEXEDPOLYGONALFACE((173,129,172));
#4043=IFCINDEXEDPOLYGONALFACE((158,119,174));
#4044=IFCINDEXEDPOLYGONALFACE((195,131,194));
#4045=IFCINDEXEDPOLYGONALFACE((203,204,231));
#4046=IFCINDEXEDPOLYGONALFACE((165,159,132));
#4047=IFCINDEXEDPOLYGONALFACE((129,173,177));
#4048=IFCINDEXEDPOLYGONALFACE((148,132,147));
#4049=IFCINDEXEDPOLYGONALFACE((161,140,134));
#4050=IFCINDEXEDPOLYGONALFACE((174,119,120));
#4051=IFCINDEXEDPOLYGONALFACE((162,231,204));
#4052=IFCINDEXEDPOLYGONALFACE((144,86,87));
#4053=IFCINDEXEDPOLYGONALFACE((86,144,85));
#4054=IFCINDEXEDPOLYGONALFACE((161,130,140));
#4055=IFCINDEXEDPOLYGONALFACE((207,128,178));
#4056=IFCINDEXEDPOLYGONALFACE((150,82,155));
#4057=IFCINDEXEDPOLYGONALFACE((131,143,199));
#4058=IFCINDEXEDPOLYGONALFACE((151,80,150));
#4059=IFCINDEXEDPOLYGONALFACE((82,150,81));
#4060=IFCINDEXEDPOLYGONALFACE((116,117,215));
#4061=IFCINDEXEDPOLYGONALFACE((150,135,151));
#4062=IFCINDEXEDPOLYGONALFACE((154,104,105));
#4063=IFCINDEXEDPOLYGONALFACE((144,87,143));
#4064=IFCINDEXEDPOLYGONALFACE((166,123,151));
#4065=IFCINDEXEDPOLYGONALFACE((218,122,166));
#4066=IFCINDEXEDPOLYGONALFACE((140,103,104));
#4067=IFCINDEXEDPOLYGONALFACE((167,222,198));
#4068=IFCINDEXEDPOLYGONALFACE((80,81,150));
#4069=IFCINDEXEDPOLYGONALFACE((151,78,79));
#4070=IFCINDEXEDPOLYGONALFACE((79,80,151));
#4071=IFCINDEXEDPOLYGONALFACE((123,77,78));
#4072=IFCINDEXEDPOLYGONALFACE((184,163,228));
#4073=IFCINDEXEDPOLYGONALFACE((196,197,187));
#4074=IFCINDEXEDPOLYGONALFACE((150,200,135));
#4075=IFCINDEXEDPOLYGONALFACE((134,212,161));
#4076=IFCINDEXEDPOLYGONALFACE((141,174,157));
#4077=IFCINDEXEDPOLYGONALFACE((121,157,120));
#4078=IFCINDEXEDPOLYGONALFACE((117,118,170));
#4079=IFCINDEXEDPOLYGONALFACE((155,85,144));
#4080=IFCINDEXEDPOLYGONALFACE((28,209,29));
#4081=IFCINDEXEDPOLYGONALFACE((199,138,177));
#4082=IFCINDEXEDPOLYGONALFACE((159,114,115));
#4083=IFCINDEXEDPOLYGONALFACE((154,106,107));
#4084=IFCINDEXEDPOLYGONALFACE((140,154,134));
#4085=IFCINDEXEDPOLYGONALFACE((155,84,85));
#4086=IFCINDEXEDPOLYGONALFACE((150,155,136));
#4087=IFCINDEXEDPOLYGONALFACE((30,29,168));
#4088=IFCINDEXEDPOLYGONALFACE((156,190,169));
#4089=IFCINDEXEDPOLYGONALFACE((166,167,218));
#4090=IFCINDEXEDPOLYGONALFACE((198,157,167));
#4091=IFCINDEXEDPOLYGONALFACE((158,227,180));
#4092=IFCINDEXEDPOLYGONALFACE((180,153,170));
#4093=IFCINDEXEDPOLYGONALFACE((115,116,171));
#4094=IFCINDEXEDPOLYGONALFACE((159,175,216));
#4095=IFCINDEXEDPOLYGONALFACE((160,219,173));
#4096=IFCINDEXEDPOLYGONALFACE((34,172,35));
#4097=IFCINDEXEDPOLYGONALFACE((204,208,162));
#4098=IFCINDEXEDPOLYGONALFACE((161,208,206));
#4099=IFCINDEXEDPOLYGONALFACE((126,175,176));
#4100=IFCINDEXEDPOLYGONALFACE((133,181,182));
#4101=IFCINDEXEDPOLYGONALFACE((191,192,145));
#4102=IFCINDEXEDPOLYGONALFACE((180,181,133));
#4103=IFCINDEXEDPOLYGONALFACE((207,164,128));
#4104=IFCINDEXEDPOLYGONALFACE((209,164,152));
#4105=IFCINDEXEDPOLYGONALFACE((113,165,148));
#4106=IFCINDEXEDPOLYGONALFACE((159,165,114));
#4107=IFCINDEXEDPOLYGONALFACE((167,166,135));
#4108=IFCINDEXEDPOLYGONALFACE((123,166,122));
#4109=IFCINDEXEDPOLYGONALFACE((135,200,222));
#4110=IFCINDEXEDPOLYGONALFACE((218,157,121));
#4111=IFCINDEXEDPOLYGONALFACE((209,168,29));
#4112=IFCINDEXEDPOLYGONALFACE((156,188,137));
#4113=IFCINDEXEDPOLYGONALFACE((190,156,137));
#4114=IFCINDEXEDPOLYGONALFACE((179,169,145));
#4115=IFCINDEXEDPOLYGONALFACE((180,170,158));
#4116=IFCINDEXEDPOLYGONALFACE((215,170,153));
#4117=IFCINDEXEDPOLYGONALFACE((215,171,116));
#4118=IFCINDEXEDPOLYGONALFACE((175,126,216));
#4119=IFCINDEXEDPOLYGONALFACE((173,172,160));
#4120=IFCINDEXEDPOLYGONALFACE((221,129,146));
#4121=IFCINDEXEDPOLYGONALFACE((219,160,145));
#4122=IFCINDEXEDPOLYGONALFACE((129,177,138));
#4123=IFCINDEXEDPOLYGONALFACE((157,174,120));
#4124=IFCINDEXEDPOLYGONALFACE((158,174,141));
#4125=IFCINDEXEDPOLYGONALFACE((171,153,175));
#4126=IFCINDEXEDPOLYGONALFACE((162,208,214));
#4127=IFCINDEXEDPOLYGONALFACE((175,153,176));
#4128=IFCINDEXEDPOLYGONALFACE((225,176,153));
#4129=IFCINDEXEDPOLYGONALFACE((220,177,173));
#4130=IFCINDEXEDPOLYGONALFACE((131,210,194));
#4131=IFCINDEXEDPOLYGONALFACE((206,178,130));
#4132=IFCINDEXEDPOLYGONALFACE((124,205,207));
#4133=IFCINDEXEDPOLYGONALFACE((169,179,32));
#4134=IFCINDEXEDPOLYGONALFACE((160,179,145));
#4135=IFCINDEXEDPOLYGONALFACE((227,141,181));
#4136=IFCINDEXEDPOLYGONALFACE((180,133,225));
#4137=IFCINDEXEDPOLYGONALFACE((184,181,141));
#4138=IFCINDEXEDPOLYGONALFACE((228,163,229));
#4139=IFCINDEXEDPOLYGONALFACE((228,229,182));
#4140=IFCINDEXEDPOLYGONALFACE((186,133,182));
#4141=IFCINDEXEDPOLYGONALFACE((192,193,125));
#4142=IFCINDEXEDPOLYGONALFACE((137,191,190));
#4143=IFCINDEXEDPOLYGONALFACE((217,141,198));
#4144=IFCINDEXEDPOLYGONALFACE((184,217,185));
#4145=IFCINDEXEDPOLYGONALFACE((222,201,127));
#4146=IFCINDEXEDPOLYGONALFACE((193,194,125));
#4147=IFCINDEXEDPOLYGONALFACE((182,229,196));
#4148=IFCINDEXEDPOLYGONALFACE((226,162,176));
#4149=IFCINDEXEDPOLYGONALFACE((196,186,182));
#4150=IFCINDEXEDPOLYGONALFACE((188,189,137));
#4151=IFCINDEXEDPOLYGONALFACE((168,152,188));
#4152=IFCINDEXEDPOLYGONALFACE((203,189,205));
#4153=IFCINDEXEDPOLYGONALFACE((205,188,152));
#4154=IFCINDEXEDPOLYGONALFACE((203,187,189));
#4155=IFCINDEXEDPOLYGONALFACE((137,197,191));
#4156=IFCINDEXEDPOLYGONALFACE((145,169,190));
#4157=IFCINDEXEDPOLYGONALFACE((192,191,183));
#4158=IFCINDEXEDPOLYGONALFACE((145,190,191));
#4159=IFCINDEXEDPOLYGONALFACE((183,229,230));
#4160=IFCINDEXEDPOLYGONALFACE((125,220,192));
#4161=IFCINDEXEDPOLYGONALFACE((230,192,183));
#4162=IFCINDEXEDPOLYGONALFACE((185,193,163));
#4163=IFCINDEXEDPOLYGONALFACE((195,194,185));
#4164=IFCINDEXEDPOLYGONALFACE((131,199,210));
#4165=IFCINDEXEDPOLYGONALFACE((127,195,185));
#4166=IFCINDEXEDPOLYGONALFACE((144,232,136));
#4167=IFCINDEXEDPOLYGONALFACE((197,196,183));
#4168=IFCINDEXEDPOLYGONALFACE((231,196,187));
#4169=IFCINDEXEDPOLYGONALFACE((191,197,183));
#4170=IFCINDEXEDPOLYGONALFACE((189,197,137));
#4171=IFCINDEXEDPOLYGONALFACE((217,198,127));
#4172=IFCINDEXEDPOLYGONALFACE((141,157,198));
#4173=IFCINDEXEDPOLYGONALFACE((138,199,143));
#4174=IFCINDEXEDPOLYGONALFACE((199,177,210));
#4175=IFCINDEXEDPOLYGONALFACE((201,200,136));
#4176=IFCINDEXEDPOLYGONALFACE((222,127,198));
#4177=IFCINDEXEDPOLYGONALFACE((232,201,136));
#4178=IFCINDEXEDPOLYGONALFACE((195,127,201));
#4179=IFCINDEXEDPOLYGONALFACE((164,27,202));
#4180=IFCINDEXEDPOLYGONALFACE((26,202,27));
#4181=IFCINDEXEDPOLYGONALFACE((189,188,205));
#4182=IFCINDEXEDPOLYGONALFACE((203,124,204));
#4183=IFCINDEXEDPOLYGONALFACE((206,204,124));
#4184=IFCINDEXEDPOLYGONALFACE((204,206,208));
#4185=IFCINDEXEDPOLYGONALFACE((207,205,152));
#4186=IFCINDEXEDPOLYGONALFACE((124,203,205));
#4187=IFCINDEXEDPOLYGONALFACE((178,206,124));
#4188=IFCINDEXEDPOLYGONALFACE((130,161,206));
#4189=IFCINDEXEDPOLYGONALFACE((207,152,164));
#4190=IFCINDEXEDPOLYGONALFACE((124,207,178));
#4191=IFCINDEXEDPOLYGONALFACE((212,213,161));
#4192=IFCINDEXEDPOLYGONALFACE((213,126,214));
#4193=IFCINDEXEDPOLYGONALFACE((164,209,28));
#4194=IFCINDEXEDPOLYGONALFACE((168,209,152));
#4195=IFCINDEXEDPOLYGONALFACE((220,210,177));
#4196=IFCINDEXEDPOLYGONALFACE((194,210,125));
#4197=IFCINDEXEDPOLYGONALFACE((216,211,132));
#4198=IFCINDEXEDPOLYGONALFACE((212,134,211));
#4199=IFCINDEXEDPOLYGONALFACE((216,212,211));
#4200=IFCINDEXEDPOLYGONALFACE((212,126,213));
#4201=IFCINDEXEDPOLYGONALFACE((214,126,176));
#4202=IFCINDEXEDPOLYGONALFACE((208,161,213));
#4203=IFCINDEXEDPOLYGONALFACE((162,214,176));
#4204=IFCINDEXEDPOLYGONALFACE((208,213,214));
#4205=IFCINDEXEDPOLYGONALFACE((170,215,117));
#4206=IFCINDEXEDPOLYGONALFACE((171,215,153));
#4207=IFCINDEXEDPOLYGONALFACE((216,126,212));
#4208=IFCINDEXEDPOLYGONALFACE((159,216,132));
#4209=IFCINDEXEDPOLYGONALFACE((185,217,127));
#4210=IFCINDEXEDPOLYGONALFACE((141,217,184));
#4211=IFCINDEXEDPOLYGONALFACE((157,218,167));
#4212=IFCINDEXEDPOLYGONALFACE((121,122,218));
#4213=IFCINDEXEDPOLYGONALFACE((192,219,145));
#4214=IFCINDEXEDPOLYGONALFACE((220,173,219));
#4215=IFCINDEXEDPOLYGONALFACE((192,220,219));
#4216=IFCINDEXEDPOLYGONALFACE((220,125,210));
#4217=IFCINDEXEDPOLYGONALFACE((36,221,146));
#4218=IFCINDEXEDPOLYGONALFACE((35,172,221));
#4219=IFCINDEXEDPOLYGONALFACE((135,222,167));
#4220=IFCINDEXEDPOLYGONALFACE((201,222,200));
#4221=IFCINDEXEDPOLYGONALFACE((90,223,138));
#4222=IFCINDEXEDPOLYGONALFACE((92,223,91));
#4223=IFCINDEXEDPOLYGONALFACE((99,224,98));
#4224=IFCINDEXEDPOLYGONALFACE((128,224,139));
#4225=IFCINDEXEDPOLYGONALFACE((180,225,153));
#4226=IFCINDEXEDPOLYGONALFACE((226,133,186));
#4227=IFCINDEXEDPOLYGONALFACE((133,226,225));
#4228=IFCINDEXEDPOLYGONALFACE((162,226,186));
#4229=IFCINDEXEDPOLYGONALFACE((141,227,158));
#4230=IFCINDEXEDPOLYGONALFACE((181,180,227));
#4231=IFCINDEXEDPOLYGONALFACE((182,181,228));
#4232=IFCINDEXEDPOLYGONALFACE((184,228,181));
#4233=IFCINDEXEDPOLYGONALFACE((230,163,193));
#4234=IFCINDEXEDPOLYGONALFACE((196,229,183));
#4235=IFCINDEXEDPOLYGONALFACE((163,230,229));
#4236=IFCINDEXEDPOLYGONALFACE((192,230,193));
#4237=IFCINDEXEDPOLYGONALFACE((196,231,186));
#4238=IFCINDEXEDPOLYGONALFACE((231,187,203));
#4239=IFCINDEXEDPOLYGONALFACE((131,232,144));
#4240=IFCINDEXEDPOLYGONALFACE((201,232,195));
#4241=IFCINDEXEDPOLYGONALFACE((272,83,261));
#4242=IFCINDEXEDPOLYGONALFACE((52,37,94));
#4243=IFCINDEXEDPOLYGONALFACE((92,266,93));
#4244=IFCINDEXEDPOLYGONALFACE((57,282,273));
#4245=IFCINDEXEDPOLYGONALFACE((244,337,292));
#4246=IFCINDEXEDPOLYGONALFACE((276,265,294));
#4247=IFCINDEXEDPOLYGONALFACE((95,263,96));
#4248=IFCINDEXEDPOLYGONALFACE((56,55,294));
#4249=IFCINDEXEDPOLYGONALFACE((276,54,287));
#4250=IFCINDEXEDPOLYGONALFACE((308,82,81));
#4251=IFCINDEXEDPOLYGONALFACE((339,52,266));
#4252=IFCINDEXEDPOLYGONALFACE((327,306,279));
#4253=IFCINDEXEDPOLYGONALFACE((92,91,343));
#4254=IFCINDEXEDPOLYGONALFACE((285,252,289));
#4255=IFCINDEXEDPOLYGONALFACE((259,249,343));
#4256=IFCINDEXEDPOLYGONALFACE((297,260,248));
#4257=IFCINDEXEDPOLYGONALFACE((298,258,297));
#4258=IFCINDEXEDPOLYGONALFACE((88,332,89));
#4259=IFCINDEXEDPOLYGONALFACE((90,89,259));
#4260=IFCINDEXEDPOLYGONALFACE((254,315,316));
#4261=IFCINDEXEDPOLYGONALFACE((268,332,87));
#4262=IFCINDEXEDPOLYGONALFACE((251,268,334));
#4263=IFCINDEXEDPOLYGONALFACE((345,258,247));
#4264=IFCINDEXEDPOLYGONALFACE((268,251,332));
#4265=IFCINDEXEDPOLYGONALFACE((235,236,274));
#4266=IFCINDEXEDPOLYGONALFACE((266,94,93));
#4267=IFCINDEXEDPOLYGONALFACE((94,266,52));
#4268=IFCINDEXEDPOLYGONALFACE((270,307,312));
#4269=IFCINDEXEDPOLYGONALFACE((250,263,311));
#4270=IFCINDEXEDPOLYGONALFACE((319,60,59));
#4271=IFCINDEXEDPOLYGONALFACE((272,86,85));
#4272=IFCINDEXEDPOLYGONALFACE((277,293,267));
#4273=IFCINDEXEDPOLYGONALFACE((78,269,79));
#4274=IFCINDEXEDPOLYGONALFACE((62,263,95));
#4275=IFCINDEXEDPOLYGONALFACE((273,282,304));
#4276=IFCINDEXEDPOLYGONALFACE((95,25,62));
#4277=IFCINDEXEDPOLYGONALFACE((250,311,278));
#4278=IFCINDEXEDPOLYGONALFACE((280,233,234));
#4279=IFCINDEXEDPOLYGONALFACE((102,271,260));
#4280=IFCINDEXEDPOLYGONALFACE((268,272,334));
#4281=IFCINDEXEDPOLYGONALFACE((299,300,286));
#4282=IFCINDEXEDPOLYGONALFACE((99,98,264));
#4283=IFCINDEXEDPOLYGONALFACE((236,291,274));
#4284=IFCINDEXEDPOLYGONALFACE((271,99,264));
#4285=IFCINDEXEDPOLYGONALFACE((101,100,271));
#4286=IFCINDEXEDPOLYGONALFACE((278,61,60));
#4287=IFCINDEXEDPOLYGONALFACE((315,314,245));
#4288=IFCINDEXEDPOLYGONALFACE((264,263,250));
#4289=IFCINDEXEDPOLYGONALFACE((318,245,313));
#4290=IFCINDEXEDPOLYGONALFACE((264,97,263));
#4291=IFCINDEXEDPOLYGONALFACE((96,263,97));
#4292=IFCINDEXEDPOLYGONALFACE((302,305,306));
#4293=IFCINDEXEDPOLYGONALFACE((281,323,253));
#4294=IFCINDEXEDPOLYGONALFACE((264,98,97));
#4295=IFCINDEXEDPOLYGONALFACE((273,58,57));
#4296=IFCINDEXEDPOLYGONALFACE((272,85,84));
#4297=IFCINDEXEDPOLYGONALFACE((249,292,290));
#4298=IFCINDEXEDPOLYGONALFACE((277,240,241));
#4299=IFCINDEXEDPOLYGONALFACE((253,308,269));
#4300=IFCINDEXEDPOLYGONALFACE((268,86,272));
#4301=IFCINDEXEDPOLYGONALFACE((274,281,333));
#4302=IFCINDEXEDPOLYGONALFACE((269,308,80));
#4303=IFCINDEXEDPOLYGONALFACE((272,261,255));
#4304=IFCINDEXEDPOLYGONALFACE((275,238,284));
#4305=IFCINDEXEDPOLYGONALFACE((83,82,261));
#4306=IFCINDEXEDPOLYGONALFACE((293,338,267));
#4307=IFCINDEXEDPOLYGONALFACE((246,309,310));
#4308=IFCINDEXEDPOLYGONALFACE((251,259,332));
#4309=IFCINDEXEDPOLYGONALFACE((321,322,246));
#4310=IFCINDEXEDPOLYGONALFACE((276,290,335));
#4311=IFCINDEXEDPOLYGONALFACE((78,233,269));
#4312=IFCINDEXEDPOLYGONALFACE((316,260,254));
#4313=IFCINDEXEDPOLYGONALFACE((346,109,108));
#4314=IFCINDEXEDPOLYGONALFACE((77,233,78));
#4315=IFCINDEXEDPOLYGONALFACE((264,254,271));
#4316=IFCINDEXEDPOLYGONALFACE((253,269,280));
#4317=IFCINDEXEDPOLYGONALFACE((271,102,101));
#4318=IFCINDEXEDPOLYGONALFACE((262,291,275));
#4319=IFCINDEXEDPOLYGONALFACE((297,106,105));
#4320=IFCINDEXEDPOLYGONALFACE((253,280,281));
#4321=IFCINDEXEDPOLYGONALFACE((236,237,291));
#4322=IFCINDEXEDPOLYGONALFACE((275,237,238));
#4323=IFCINDEXEDPOLYGONALFACE((347,264,250));
#4324=IFCINDEXEDPOLYGONALFACE((261,308,253));
#4325=IFCINDEXEDPOLYGONALFACE((247,340,341));
#4326=IFCINDEXEDPOLYGONALFACE((239,240,295));
#4327=IFCINDEXEDPOLYGONALFACE((260,297,104));
#4328=IFCINDEXEDPOLYGONALFACE((104,103,260));
#4329=IFCINDEXEDPOLYGONALFACE((104,297,105));
#4330=IFCINDEXEDPOLYGONALFACE((343,90,259));
#4331=IFCINDEXEDPOLYGONALFACE((80,79,269));
#4332=IFCINDEXEDPOLYGONALFACE((345,346,258));
#4333=IFCINDEXEDPOLYGONALFACE((310,320,246));
#4334=IFCINDEXEDPOLYGONALFACE((346,110,109));
#4335=IFCINDEXEDPOLYGONALFACE((258,346,107));
#4336=IFCINDEXEDPOLYGONALFACE((86,268,87));
#4337=IFCINDEXEDPOLYGONALFACE((107,106,258));
#4338=IFCINDEXEDPOLYGONALFACE((249,266,343));
#4339=IFCINDEXEDPOLYGONALFACE((272,84,83));
#4340=IFCINDEXEDPOLYGONALFACE((288,277,241));
#4341=IFCINDEXEDPOLYGONALFACE((249,287,339));
#4342=IFCINDEXEDPOLYGONALFACE((260,103,102));
#4343=IFCINDEXEDPOLYGONALFACE((256,242,243));
#4344=IFCINDEXEDPOLYGONALFACE((272,255,334));
#4345=IFCINDEXEDPOLYGONALFACE((311,62,61));
#4346=IFCINDEXEDPOLYGONALFACE((112,111,243));
#4347=IFCINDEXEDPOLYGONALFACE((271,100,99));
#4348=IFCINDEXEDPOLYGONALFACE((111,110,256));
#4349=IFCINDEXEDPOLYGONALFACE((256,243,111));
#4350=IFCINDEXEDPOLYGONALFACE((270,313,314));
#4351=IFCINDEXEDPOLYGONALFACE((260,271,254));
#4352=IFCINDEXEDPOLYGONALFACE((267,295,277));
#4353=IFCINDEXEDPOLYGONALFACE((275,285,348));
#4354=IFCINDEXEDPOLYGONALFACE((283,59,58));
#4355=IFCINDEXEDPOLYGONALFACE((57,56,282));
#4356=IFCINDEXEDPOLYGONALFACE((55,54,276));
#4357=IFCINDEXEDPOLYGONALFACE((273,307,283));
#4358=IFCINDEXEDPOLYGONALFACE((58,273,283));
#4359=IFCINDEXEDPOLYGONALFACE((323,309,246));
#4360=IFCINDEXEDPOLYGONALFACE((246,322,323));
#4361=IFCINDEXEDPOLYGONALFACE((284,238,239));
#4362=IFCINDEXEDPOLYGONALFACE((275,284,285));
#4363=IFCINDEXEDPOLYGONALFACE((287,54,53));
#4364=IFCINDEXEDPOLYGONALFACE((276,287,290));
#4365=IFCINDEXEDPOLYGONALFACE((288,241,242));
#4366=IFCINDEXEDPOLYGONALFACE((293,286,338));
#4367=IFCINDEXEDPOLYGONALFACE((319,278,60));
#4368=IFCINDEXEDPOLYGONALFACE((317,270,314));
#4369=IFCINDEXEDPOLYGONALFACE((302,327,328));
#4370=IFCINDEXEDPOLYGONALFACE((326,296,325));
#4371=IFCINDEXEDPOLYGONALFACE((233,280,269));
#4372=IFCINDEXEDPOLYGONALFACE((333,281,280));
#4373=IFCINDEXEDPOLYGONALFACE((280,234,333));
#4374=IFCINDEXEDPOLYGONALFACE((281,274,309));
#4375=IFCINDEXEDPOLYGONALFACE((294,282,56));
#4376=IFCINDEXEDPOLYGONALFACE((273,304,257));
#4377=IFCINDEXEDPOLYGONALFACE((307,273,257));
#4378=IFCINDEXEDPOLYGONALFACE((319,283,270));
#4379=IFCINDEXEDPOLYGONALFACE((295,284,239));
#4380=IFCINDEXEDPOLYGONALFACE((267,338,344));
#4381=IFCINDEXEDPOLYGONALFACE((267,285,284));
#4382=IFCINDEXEDPOLYGONALFACE((303,328,252));
#4383=IFCINDEXEDPOLYGONALFACE((342,298,299));
#4384=IFCINDEXEDPOLYGONALFACE((350,248,316));
#4385=IFCINDEXEDPOLYGONALFACE((339,287,53));
#4386=IFCINDEXEDPOLYGONALFACE((290,287,249));
#4387=IFCINDEXEDPOLYGONALFACE((256,288,242));
#4388=IFCINDEXEDPOLYGONALFACE((277,340,293));
#4389=IFCINDEXEDPOLYGONALFACE((349,279,310));
#4390=IFCINDEXEDPOLYGONALFACE((275,348,262));
#4391=IFCINDEXEDPOLYGONALFACE((292,249,259));
#4392=IFCINDEXEDPOLYGONALFACE((276,335,265));
#4393=IFCINDEXEDPOLYGONALFACE((275,291,237));
#4394=IFCINDEXEDPOLYGONALFACE((274,291,262));
#4395=IFCINDEXEDPOLYGONALFACE((259,251,292));
#4396=IFCINDEXEDPOLYGONALFACE((292,251,326));
#4397=IFCINDEXEDPOLYGONALFACE((340,277,288));
#4398=IFCINDEXEDPOLYGONALFACE((286,342,299));
#4399=IFCINDEXEDPOLYGONALFACE((276,294,55));
#4400=IFCINDEXEDPOLYGONALFACE((282,294,265));
#4401=IFCINDEXEDPOLYGONALFACE((277,295,240));
#4402=IFCINDEXEDPOLYGONALFACE((284,295,267));
#4403=IFCINDEXEDPOLYGONALFACE((320,321,246));
#4404=IFCINDEXEDPOLYGONALFACE((296,320,324));
#4405=IFCINDEXEDPOLYGONALFACE((298,297,248));
#4406=IFCINDEXEDPOLYGONALFACE((297,258,106));
#4407=IFCINDEXEDPOLYGONALFACE((299,298,248));
#4408=IFCINDEXEDPOLYGONALFACE((247,258,298));
#4409=IFCINDEXEDPOLYGONALFACE((350,300,299));
#4410=IFCINDEXEDPOLYGONALFACE((286,293,342));
#4411=IFCINDEXEDPOLYGONALFACE((312,301,313));
#4412=IFCINDEXEDPOLYGONALFACE((286,300,303));
#4413=IFCINDEXEDPOLYGONALFACE((331,302,329));
#4414=IFCINDEXEDPOLYGONALFACE((252,338,351));
#4415=IFCINDEXEDPOLYGONALFACE((305,331,304));
#4416=IFCINDEXEDPOLYGONALFACE((327,279,289));
#4417=IFCINDEXEDPOLYGONALFACE((318,303,300));
#4418=IFCINDEXEDPOLYGONALFACE((328,329,302));
#4419=IFCINDEXEDPOLYGONALFACE((282,265,304));
#4420=IFCINDEXEDPOLYGONALFACE((329,330,331));
#4421=IFCINDEXEDPOLYGONALFACE((304,265,305));
#4422=IFCINDEXEDPOLYGONALFACE((265,335,336));
#4423=IFCINDEXEDPOLYGONALFACE((336,305,265));
#4424=IFCINDEXEDPOLYGONALFACE((324,325,296));
#4425=IFCINDEXEDPOLYGONALFACE((312,307,257));
#4426=IFCINDEXEDPOLYGONALFACE((270,283,307));
#4427=IFCINDEXEDPOLYGONALFACE((82,308,261));
#4428=IFCINDEXEDPOLYGONALFACE((80,308,81));
#4429=IFCINDEXEDPOLYGONALFACE((274,262,309));
#4430=IFCINDEXEDPOLYGONALFACE((310,309,262));
#4431=IFCINDEXEDPOLYGONALFACE((349,310,262));
#4432=IFCINDEXEDPOLYGONALFACE((279,324,320));
#4433=IFCINDEXEDPOLYGONALFACE((62,311,263));
#4434=IFCINDEXEDPOLYGONALFACE((61,278,311));
#4435=IFCINDEXEDPOLYGONALFACE((330,312,257));
#4436=IFCINDEXEDPOLYGONALFACE((318,313,301));
#4437=IFCINDEXEDPOLYGONALFACE((314,313,245));
#4438=IFCINDEXEDPOLYGONALFACE((270,312,313));
#4439=IFCINDEXEDPOLYGONALFACE((245,316,315));
#4440=IFCINDEXEDPOLYGONALFACE((270,317,278));
#4441=IFCINDEXEDPOLYGONALFACE((264,347,254));
#4442=IFCINDEXEDPOLYGONALFACE((317,315,250));
#4443=IFCINDEXEDPOLYGONALFACE((350,245,300));
#4444=IFCINDEXEDPOLYGONALFACE((260,316,248));
#4445=IFCINDEXEDPOLYGONALFACE((315,317,314));
#4446=IFCINDEXEDPOLYGONALFACE((250,278,317));
#4447=IFCINDEXEDPOLYGONALFACE((303,318,301));
#4448=IFCINDEXEDPOLYGONALFACE((245,318,300));
#4449=IFCINDEXEDPOLYGONALFACE((283,319,59));
#4450=IFCINDEXEDPOLYGONALFACE((278,319,270));
#4451=IFCINDEXEDPOLYGONALFACE((279,320,310));
#4452=IFCINDEXEDPOLYGONALFACE((296,334,321));
#4453=IFCINDEXEDPOLYGONALFACE((296,321,320));
#4454=IFCINDEXEDPOLYGONALFACE((322,255,261));
#4455=IFCINDEXEDPOLYGONALFACE((255,322,321));
#4456=IFCINDEXEDPOLYGONALFACE((253,322,261));
#4457=IFCINDEXEDPOLYGONALFACE((253,323,322));
#4458=IFCINDEXEDPOLYGONALFACE((309,323,281));
#4459=IFCINDEXEDPOLYGONALFACE((279,306,324));
#4460=IFCINDEXEDPOLYGONALFACE((325,306,244));
#4461=IFCINDEXEDPOLYGONALFACE((306,325,324));
#4462=IFCINDEXEDPOLYGONALFACE((326,325,244));
#4463=IFCINDEXEDPOLYGONALFACE((292,326,244));
#4464=IFCINDEXEDPOLYGONALFACE((326,251,334));
#4465=IFCINDEXEDPOLYGONALFACE((252,327,289));
#4466=IFCINDEXEDPOLYGONALFACE((306,327,302));
#4467=IFCINDEXEDPOLYGONALFACE((252,328,327));
#4468=IFCINDEXEDPOLYGONALFACE((329,303,301));
#4469=IFCINDEXEDPOLYGONALFACE((303,329,328));
#4470=IFCINDEXEDPOLYGONALFACE((301,312,330));
#4471=IFCINDEXEDPOLYGONALFACE((331,330,257));
#4472=IFCINDEXEDPOLYGONALFACE((301,330,329));
#4473=IFCINDEXEDPOLYGONALFACE((304,331,257));
#4474=IFCINDEXEDPOLYGONALFACE((302,331,305));
#4475=IFCINDEXEDPOLYGONALFACE((89,332,259));
#4476=IFCINDEXEDPOLYGONALFACE((87,332,88));
#4477=IFCINDEXEDPOLYGONALFACE((234,235,333));
#4478=IFCINDEXEDPOLYGONALFACE((274,333,235));
#4479=IFCINDEXEDPOLYGONALFACE((321,334,255));
#4480=IFCINDEXEDPOLYGONALFACE((326,334,296));
#4481=IFCINDEXEDPOLYGONALFACE((290,337,335));
#4482=IFCINDEXEDPOLYGONALFACE((335,337,336));
#4483=IFCINDEXEDPOLYGONALFACE((244,306,336));
#4484=IFCINDEXEDPOLYGONALFACE((305,336,306));
#4485=IFCINDEXEDPOLYGONALFACE((292,337,290));
#4486=IFCINDEXEDPOLYGONALFACE((336,337,244));
#4487=IFCINDEXEDPOLYGONALFACE((351,338,286));
#4488=IFCINDEXEDPOLYGONALFACE((344,252,285));
#4489=IFCINDEXEDPOLYGONALFACE((52,339,53));
#4490=IFCINDEXEDPOLYGONALFACE((249,339,266));
#4491=IFCINDEXEDPOLYGONALFACE((341,340,288));
#4492=IFCINDEXEDPOLYGONALFACE((247,293,340));
#4493=IFCINDEXEDPOLYGONALFACE((288,256,341));
#4494=IFCINDEXEDPOLYGONALFACE((345,341,256));
#4495=IFCINDEXEDPOLYGONALFACE((293,247,342));
#4496=IFCINDEXEDPOLYGONALFACE((298,342,247));
#4497=IFCINDEXEDPOLYGONALFACE((92,343,266));
#4498=IFCINDEXEDPOLYGONALFACE((90,343,91));
#4499=IFCINDEXEDPOLYGONALFACE((252,344,338));
#4500=IFCINDEXEDPOLYGONALFACE((285,267,344));
#4501=IFCINDEXEDPOLYGONALFACE((341,345,247));
#4502=IFCINDEXEDPOLYGONALFACE((346,345,256));
#4503=IFCINDEXEDPOLYGONALFACE((346,256,110));
#4504=IFCINDEXEDPOLYGONALFACE((346,108,107));
#4505=IFCINDEXEDPOLYGONALFACE((250,315,347));
#4506=IFCINDEXEDPOLYGONALFACE((315,254,347));
#4507=IFCINDEXEDPOLYGONALFACE((285,289,348));
#4508=IFCINDEXEDPOLYGONALFACE((349,348,289));
#4509=IFCINDEXEDPOLYGONALFACE((348,349,262));
#4510=IFCINDEXEDPOLYGONALFACE((279,349,289));
#4511=IFCINDEXEDPOLYGONALFACE((248,350,299));
#4512=IFCINDEXEDPOLYGONALFACE((245,350,316));
#4513=IFCINDEXEDPOLYGONALFACE((286,303,351));
#4514=IFCINDEXEDPOLYGONALFACE((252,351,303));
#4515=IFCINDEXEDPOLYGONALFACE((370,371,372,373,374,375,352,353,354,355,356,357,358,359,360,361,362,363,364,365,366,367,368,369));
#4516=IFCINDEXEDPOLYGONALFACE((435,492,434));
#4517=IFCINDEXEDPOLYGONALFACE((391,446,447));
#4518=IFCINDEXEDPOLYGONALFACE((114,401,115));
#4519=IFCINDEXEDPOLYGONALFACE((372,371,414));
#4520=IFCINDEXEDPOLYGONALFACE((375,374,476));
#4521=IFCINDEXEDPOLYGONALFACE((77,123,493));
#4522=IFCINDEXEDPOLYGONALFACE((406,477,478));
#4523=IFCINDEXEDPOLYGONALFACE((395,407,485));
#4524=IFCINDEXEDPOLYGONALFACE((390,444,445));
#4525=IFCINDEXEDPOLYGONALFACE((115,415,116));
#4526=IFCINDEXEDPOLYGONALFACE((477,375,476));
#4527=IFCINDEXEDPOLYGONALFACE((438,405,394));
#4528=IFCINDEXEDPOLYGONALFACE((403,416,367));
#4529=IFCINDEXEDPOLYGONALFACE((476,407,395));
#4530=IFCINDEXEDPOLYGONALFACE((401,436,390));
#4531=IFCINDEXEDPOLYGONALFACE((399,123,122));
#4532=IFCINDEXEDPOLYGONALFACE((418,427,428));
#4533=IFCINDEXEDPOLYGONALFACE((415,115,401));
#4534=IFCINDEXEDPOLYGONALFACE((436,442,444));
#4535=IFCINDEXEDPOLYGONALFACE((436,114,113));
#4536=IFCINDEXEDPOLYGONALFACE((443,364,535,402));
#4537=IFCINDEXEDPOLYGONALFACE((116,482,117));
#4538=IFCINDEXEDPOLYGONALFACE((370,398,371));
#4539=IFCINDEXEDPOLYGONALFACE((368,453,369));
#4540=IFCINDEXEDPOLYGONALFACE((464,392,467));
#4541=IFCINDEXEDPOLYGONALFACE((112,400,442));
#4542=IFCINDEXEDPOLYGONALFACE((380,411,423));
#4543=IFCINDEXEDPOLYGONALFACE((482,405,117));
#4544=IFCINDEXEDPOLYGONALFACE((385,461,462));
#4545=IFCINDEXEDPOLYGONALFACE((450,469,471));
#4546=IFCINDEXEDPOLYGONALFACE((413,398,370));
#4547=IFCINDEXEDPOLYGONALFACE((384,420,421));
#4548=IFCINDEXEDPOLYGONALFACE((366,365,437));
#4549=IFCINDEXEDPOLYGONALFACE((440,439,456));
#4550=IFCINDEXEDPOLYGONALFACE((397,410,120));
#4551=IFCINDEXEDPOLYGONALFACE((403,367,366));
#4552=IFCINDEXEDPOLYGONALFACE((419,119,118));
#4553=IFCINDEXEDPOLYGONALFACE((437,443,446));
#4554=IFCINDEXEDPOLYGONALFACE((389,410,411));
#4555=IFCINDEXEDPOLYGONALFACE((384,421,427));
#4556=IFCINDEXEDPOLYGONALFACE((475,373,372));
#4557=IFCINDEXEDPOLYGONALFACE((473,474,424));
#4558=IFCINDEXEDPOLYGONALFACE((118,405,419));
#4559=IFCINDEXEDPOLYGONALFACE((120,119,397));
#4560=IFCINDEXEDPOLYGONALFACE((437,403,366));
#4561=IFCINDEXEDPOLYGONALFACE((387,408,451));
#4562=IFCINDEXEDPOLYGONALFACE((471,508,409));
#4563=IFCINDEXEDPOLYGONALFACE((114,436,401));
#4564=IFCINDEXEDPOLYGONALFACE((411,397,497));
#4565=IFCINDEXEDPOLYGONALFACE((494,387,396));
#4566=IFCINDEXEDPOLYGONALFACE((121,426,122));
#4567=IFCINDEXEDPOLYGONALFACE((468,463,464));
#4568=IFCINDEXEDPOLYGONALFACE((398,413,461));
#4569=IFCINDEXEDPOLYGONALFACE((414,371,398));
#4570=IFCINDEXEDPOLYGONALFACE((393,414,454));
#4571=IFCINDEXEDPOLYGONALFACE((438,488,417));
#4572=IFCINDEXEDPOLYGONALFACE((117,405,118));
#4573=IFCINDEXEDPOLYGONALFACE((374,373,407));
#4574=IFCINDEXEDPOLYGONALFACE((501,480,430));
#4575=IFCINDEXEDPOLYGONALFACE((122,426,399));
#4576=IFCINDEXEDPOLYGONALFACE((494,493,399));
#4577=IFCINDEXEDPOLYGONALFACE((120,410,121));
#4578=IFCINDEXEDPOLYGONALFACE((370,369,413));
#4579=IFCINDEXEDPOLYGONALFACE((454,414,398));
#4580=IFCINDEXEDPOLYGONALFACE((399,389,408));
#4581=IFCINDEXEDPOLYGONALFACE((493,123,399));
#4582=IFCINDEXEDPOLYGONALFACE((404,427,421));
#4583=IFCINDEXEDPOLYGONALFACE((436,444,390));
#4584=IFCINDEXEDPOLYGONALFACE((490,415,420));
#4585=IFCINDEXEDPOLYGONALFACE((412,403,391));
#4586=IFCINDEXEDPOLYGONALFACE((437,446,391));
#4587=IFCINDEXEDPOLYGONALFACE((367,416,368));
#4588=IFCINDEXEDPOLYGONALFACE((429,458,431));
#4589=IFCINDEXEDPOLYGONALFACE((429,501,435));
#4590=IFCINDEXEDPOLYGONALFACE((394,488,438));
#4591=IFCINDEXEDPOLYGONALFACE((496,419,495));
#4592=IFCINDEXEDPOLYGONALFACE((475,407,373));
#4593=IFCINDEXEDPOLYGONALFACE((375,477,352));
#4594=IFCINDEXEDPOLYGONALFACE((393,498,485));
#4595=IFCINDEXEDPOLYGONALFACE((380,452,507));
#4596=IFCINDEXEDPOLYGONALFACE((503,409,449));
#4597=IFCINDEXEDPOLYGONALFACE((447,381,609,459));
#4598=IFCINDEXEDPOLYGONALFACE((449,460,448));
#4599=IFCINDEXEDPOLYGONALFACE((411,410,397));
#4600=IFCINDEXEDPOLYGONALFACE((426,410,389));
#4601=IFCINDEXEDPOLYGONALFACE((397,496,497));
#4602=IFCINDEXEDPOLYGONALFACE((452,506,507));
#4603=IFCINDEXEDPOLYGONALFACE((391,447,484));
#4604=IFCINDEXEDPOLYGONALFACE((383,464,472));
#4605=IFCINDEXEDPOLYGONALFACE((453,413,369));
#4606=IFCINDEXEDPOLYGONALFACE((398,461,385));
#4607=IFCINDEXEDPOLYGONALFACE((454,398,385));
#4608=IFCINDEXEDPOLYGONALFACE((475,414,393));
#4609=IFCINDEXEDPOLYGONALFACE((482,415,394));
#4610=IFCINDEXEDPOLYGONALFACE((420,415,401));
#4611=IFCINDEXEDPOLYGONALFACE((403,412,472));
#4612=IFCINDEXEDPOLYGONALFACE((416,467,453));
#4613=IFCINDEXEDPOLYGONALFACE((432,384,427));
#4614=IFCINDEXEDPOLYGONALFACE((425,491,483));
#4615=IFCINDEXEDPOLYGONALFACE((498,393,454));
#4616=IFCINDEXEDPOLYGONALFACE((455,432,439));
#4617=IFCINDEXEDPOLYGONALFACE((495,419,405));
#4618=IFCINDEXEDPOLYGONALFACE((397,119,419));
#4619=IFCINDEXEDPOLYGONALFACE((420,487,421));
#4620=IFCINDEXEDPOLYGONALFACE((489,490,384));
#4621=IFCINDEXEDPOLYGONALFACE((487,420,401));
#4622=IFCINDEXEDPOLYGONALFACE((502,390,445));
#4623=IFCINDEXEDPOLYGONALFACE((439,440,377));
#4624=IFCINDEXEDPOLYGONALFACE((456,434,499));
#4625=IFCINDEXEDPOLYGONALFACE((425,386,500));
#4626=IFCINDEXEDPOLYGONALFACE((386,425,423));
#4627=IFCINDEXEDPOLYGONALFACE((377,440,441));
#4628=IFCINDEXEDPOLYGONALFACE((470,469,424));
#4629=IFCINDEXEDPOLYGONALFACE((417,455,491));
#4630=IFCINDEXEDPOLYGONALFACE((474,425,424));
#4631=IFCINDEXEDPOLYGONALFACE((410,426,121));
#4632=IFCINDEXEDPOLYGONALFACE((399,426,389));
#4633=IFCINDEXEDPOLYGONALFACE((403,437,391));
#4634=IFCINDEXEDPOLYGONALFACE((428,427,404));
#4635=IFCINDEXEDPOLYGONALFACE((432,427,418));
#4636=IFCINDEXEDPOLYGONALFACE((429,428,404));
#4637=IFCINDEXEDPOLYGONALFACE((434,418,428));
#4638=IFCINDEXEDPOLYGONALFACE((439,432,418));
#4639=IFCINDEXEDPOLYGONALFACE((429,376,501));
#4640=IFCINDEXEDPOLYGONALFACE((481,480,513,388));
#4641=IFCINDEXEDPOLYGONALFACE((478,388,531,406));
#4642=IFCINDEXEDPOLYGONALFACE((458,457,634,431));
#4643=IFCINDEXEDPOLYGONALFACE((429,431,511,376));
#4644=IFCINDEXEDPOLYGONALFACE((489,417,488));
#4645=IFCINDEXEDPOLYGONALFACE((433,463,468));
#4646=IFCINDEXEDPOLYGONALFACE((441,483,377));
#4647=IFCINDEXEDPOLYGONALFACE((435,434,428));
#4648=IFCINDEXEDPOLYGONALFACE((382,498,499));
#4649=IFCINDEXEDPOLYGONALFACE((429,435,428));
#4650=IFCINDEXEDPOLYGONALFACE((492,430,479));
#4651=IFCINDEXEDPOLYGONALFACE((442,436,113));
#4652=IFCINDEXEDPOLYGONALFACE((443,437,365));
#4653=IFCINDEXEDPOLYGONALFACE((500,438,417));
#4654=IFCINDEXEDPOLYGONALFACE((495,438,386));
#4655=IFCINDEXEDPOLYGONALFACE((456,439,418));
#4656=IFCINDEXEDPOLYGONALFACE((455,439,377));
#4657=IFCINDEXEDPOLYGONALFACE((385,465,466));
#4658=IFCINDEXEDPOLYGONALFACE((433,465,462));
#4659=IFCINDEXEDPOLYGONALFACE((462,465,385));
#4660=IFCINDEXEDPOLYGONALFACE((441,433,470));
#4661=IFCINDEXEDPOLYGONALFACE((112,442,113));
#4662=IFCINDEXEDPOLYGONALFACE((442,400,444));
#4663=IFCINDEXEDPOLYGONALFACE((364,443,365));
#4664=IFCINDEXEDPOLYGONALFACE((443,402,446));
#4665=IFCINDEXEDPOLYGONALFACE((400,379,444));
#4666=IFCINDEXEDPOLYGONALFACE((445,444,379));
#4667=IFCINDEXEDPOLYGONALFACE((445,379,457));
#4668=IFCINDEXEDPOLYGONALFACE((421,502,404));
#4669=IFCINDEXEDPOLYGONALFACE((446,402,519,381));
#4670=IFCINDEXEDPOLYGONALFACE((447,446,381));
#4671=IFCINDEXEDPOLYGONALFACE((460,459,448));
#4672=IFCINDEXEDPOLYGONALFACE((391,484,412));
#4673=IFCINDEXEDPOLYGONALFACE((378,451,449));
#4674=IFCINDEXEDPOLYGONALFACE((449,448,509,378));
#4675=IFCINDEXEDPOLYGONALFACE((450,504,452));
#4676=IFCINDEXEDPOLYGONALFACE((503,504,450));
#4677=IFCINDEXEDPOLYGONALFACE((473,424,469));
#4678=IFCINDEXEDPOLYGONALFACE((451,378,560,505,586,387));
#4679=IFCINDEXEDPOLYGONALFACE((451,408,452));
#4680=IFCINDEXEDPOLYGONALFACE((506,452,408));
#4681=IFCINDEXEDPOLYGONALFACE((450,452,380));
#4682=IFCINDEXEDPOLYGONALFACE((416,453,368));
#4683=IFCINDEXEDPOLYGONALFACE((453,392,486));
#4684=IFCINDEXEDPOLYGONALFACE((466,454,385));
#4685=IFCINDEXEDPOLYGONALFACE((498,454,422));
#4686=IFCINDEXEDPOLYGONALFACE((491,455,377));
#4687=IFCINDEXEDPOLYGONALFACE((455,417,489));
#4688=IFCINDEXEDPOLYGONALFACE((434,456,418));
#4689=IFCINDEXEDPOLYGONALFACE((440,456,422));
#4690=IFCINDEXEDPOLYGONALFACE((458,429,404));
#4691=IFCINDEXEDPOLYGONALFACE((457,458,445));
#4692=IFCINDEXEDPOLYGONALFACE((458,404,502));
#4693=IFCINDEXEDPOLYGONALFACE((460,449,409));
#4694=IFCINDEXEDPOLYGONALFACE((459,460,447));
#4695=IFCINDEXEDPOLYGONALFACE((447,460,409));
#4696=IFCINDEXEDPOLYGONALFACE((486,413,453));
#4697=IFCINDEXEDPOLYGONALFACE((462,463,433));
#4698=IFCINDEXEDPOLYGONALFACE((463,486,392));
#4699=IFCINDEXEDPOLYGONALFACE((465,433,441));
#4700=IFCINDEXEDPOLYGONALFACE((486,462,461));
#4701=IFCINDEXEDPOLYGONALFACE((464,463,392));
#4702=IFCINDEXEDPOLYGONALFACE((453,467,392));
#4703=IFCINDEXEDPOLYGONALFACE((464,383,468));
#4704=IFCINDEXEDPOLYGONALFACE((441,440,465));
#4705=IFCINDEXEDPOLYGONALFACE((466,465,440));
#4706=IFCINDEXEDPOLYGONALFACE((440,422,466));
#4707=IFCINDEXEDPOLYGONALFACE((454,466,422));
#4708=IFCINDEXEDPOLYGONALFACE((403,467,416));
#4709=IFCINDEXEDPOLYGONALFACE((472,464,467));
#4710=IFCINDEXEDPOLYGONALFACE((469,468,383));
#4711=IFCINDEXEDPOLYGONALFACE((470,433,468));
#4712=IFCINDEXEDPOLYGONALFACE((471,469,383));
#4713=IFCINDEXEDPOLYGONALFACE((473,450,380));
#4714=IFCINDEXEDPOLYGONALFACE((469,470,468));
#4715=IFCINDEXEDPOLYGONALFACE((470,424,483));
#4716=IFCINDEXEDPOLYGONALFACE((508,471,383));
#4717=IFCINDEXEDPOLYGONALFACE((503,471,409));
#4718=IFCINDEXEDPOLYGONALFACE((403,472,467));
#4719=IFCINDEXEDPOLYGONALFACE((472,412,508));
#4720=IFCINDEXEDPOLYGONALFACE((450,473,469));
#4721=IFCINDEXEDPOLYGONALFACE((474,380,423));
#4722=IFCINDEXEDPOLYGONALFACE((380,474,473));
#4723=IFCINDEXEDPOLYGONALFACE((425,474,423));
#4724=IFCINDEXEDPOLYGONALFACE((414,475,372));
#4725=IFCINDEXEDPOLYGONALFACE((407,475,393));
#4726=IFCINDEXEDPOLYGONALFACE((407,476,374));
#4727=IFCINDEXEDPOLYGONALFACE((477,476,395));
#4728=IFCINDEXEDPOLYGONALFACE((477,395,478));
#4729=IFCINDEXEDPOLYGONALFACE((477,406,352));
#4730=IFCINDEXEDPOLYGONALFACE((479,478,395));
#4731=IFCINDEXEDPOLYGONALFACE((388,478,481));
#4732=IFCINDEXEDPOLYGONALFACE((485,479,395));
#4733=IFCINDEXEDPOLYGONALFACE((492,479,382));
#4734=IFCINDEXEDPOLYGONALFACE((481,479,430));
#4735=IFCINDEXEDPOLYGONALFACE((479,481,478));
#4736=IFCINDEXEDPOLYGONALFACE((480,481,430));
#4737=IFCINDEXEDPOLYGONALFACE((415,482,116));
#4738=IFCINDEXEDPOLYGONALFACE((405,482,394));
#4739=IFCINDEXEDPOLYGONALFACE((470,483,441));
#4740=IFCINDEXEDPOLYGONALFACE((425,483,424));
#4741=IFCINDEXEDPOLYGONALFACE((447,409,484));
#4742=IFCINDEXEDPOLYGONALFACE((508,484,409));
#4743=IFCINDEXEDPOLYGONALFACE((393,485,407));
#4744=IFCINDEXEDPOLYGONALFACE((479,485,382));
#4745=IFCINDEXEDPOLYGONALFACE((462,486,463));
#4746=IFCINDEXEDPOLYGONALFACE((413,486,461));
#4747=IFCINDEXEDPOLYGONALFACE((401,390,487));
#4748=IFCINDEXEDPOLYGONALFACE((390,421,487));
#4749=IFCINDEXEDPOLYGONALFACE((490,488,394));
#4750=IFCINDEXEDPOLYGONALFACE((489,432,455));
#4751=IFCINDEXEDPOLYGONALFACE((490,489,488));
#4752=IFCINDEXEDPOLYGONALFACE((384,432,489));
#4753=IFCINDEXEDPOLYGONALFACE((415,490,394));
#4754=IFCINDEXEDPOLYGONALFACE((384,490,420));
#4755=IFCINDEXEDPOLYGONALFACE((483,491,377));
#4756=IFCINDEXEDPOLYGONALFACE((491,425,500));
#4757=IFCINDEXEDPOLYGONALFACE((434,492,382));
#4758=IFCINDEXEDPOLYGONALFACE((435,430,492));
#4759=IFCINDEXEDPOLYGONALFACE((494,399,408));
#4760=IFCINDEXEDPOLYGONALFACE((77,493,396));
#4761=IFCINDEXEDPOLYGONALFACE((387,494,408));
#4762=IFCINDEXEDPOLYGONALFACE((396,493,494));
#4763=IFCINDEXEDPOLYGONALFACE((438,495,405));
#4764=IFCINDEXEDPOLYGONALFACE((496,495,386));
#4765=IFCINDEXEDPOLYGONALFACE((497,386,423));
#4766=IFCINDEXEDPOLYGONALFACE((419,496,397));
#4767=IFCINDEXEDPOLYGONALFACE((386,497,496));
#4768=IFCINDEXEDPOLYGONALFACE((411,497,423));
#4769=IFCINDEXEDPOLYGONALFACE((499,498,422));
#4770=IFCINDEXEDPOLYGONALFACE((485,498,382));
#4771=IFCINDEXEDPOLYGONALFACE((456,499,422));
#4772=IFCINDEXEDPOLYGONALFACE((382,499,434));
#4773=IFCINDEXEDPOLYGONALFACE((438,500,386));
#4774=IFCINDEXEDPOLYGONALFACE((491,500,417));
#4775=IFCINDEXEDPOLYGONALFACE((501,376,577,588,480));
#4776=IFCINDEXEDPOLYGONALFACE((435,501,430));
#4777=IFCINDEXEDPOLYGONALFACE((390,502,421));
#4778=IFCINDEXEDPOLYGONALFACE((458,502,445));
#4779=IFCINDEXEDPOLYGONALFACE((504,449,451));
#4780=IFCINDEXEDPOLYGONALFACE((471,503,450));
#4781=IFCINDEXEDPOLYGONALFACE((449,504,503));
#4782=IFCINDEXEDPOLYGONALFACE((452,504,451));
#4783=IFCINDEXEDPOLYGONALFACE((408,389,506));
#4784=IFCINDEXEDPOLYGONALFACE((507,389,411));
#4785=IFCINDEXEDPOLYGONALFACE((389,507,506));
#4786=IFCINDEXEDPOLYGONALFACE((411,380,507));
#4787=IFCINDEXEDPOLYGONALFACE((472,508,383));
#4788=IFCINDEXEDPOLYGONALFACE((508,412,484));
#4789=IFCINDEXEDPOLYGONALFACE((564,621,563));
#4790=IFCINDEXEDPOLYGONALFACE((522,575,576));
#4791=IFCINDEXEDPOLYGONALFACE((234,530,235));
#4792=IFCINDEXEDPOLYGONALFACE((360,359,543));
#4793=IFCINDEXEDPOLYGONALFACE((363,362,605));
#4794=IFCINDEXEDPOLYGONALFACE((112,243,622));
#4795=IFCINDEXEDPOLYGONALFACE((535,606,607));
#4796=IFCINDEXEDPOLYGONALFACE((526,536,614));
#4797=IFCINDEXEDPOLYGONALFACE((521,573,574));
#4798=IFCINDEXEDPOLYGONALFACE((235,544,236));
#4799=IFCINDEXEDPOLYGONALFACE((606,363,605));
#4800=IFCINDEXEDPOLYGONALFACE((567,534,525));
#4801=IFCINDEXEDPOLYGONALFACE((532,545,355));
#4802=IFCINDEXEDPOLYGONALFACE((605,536,526));
#4803=IFCINDEXEDPOLYGONALFACE((530,565,521));
#4804=IFCINDEXEDPOLYGONALFACE((529,243,242));
#4805=IFCINDEXEDPOLYGONALFACE((547,556,557));
#4806=IFCINDEXEDPOLYGONALFACE((544,235,530));
#4807=IFCINDEXEDPOLYGONALFACE((565,571,573));
#4808=IFCINDEXEDPOLYGONALFACE((565,234,233));
#4809=IFCINDEXEDPOLYGONALFACE((572,352,406,531));
#4810=IFCINDEXEDPOLYGONALFACE((236,611,237));
#4811=IFCINDEXEDPOLYGONALFACE((358,528,359));
#4812=IFCINDEXEDPOLYGONALFACE((356,582,357));
#4813=IFCINDEXEDPOLYGONALFACE((593,523,596));
#4814=IFCINDEXEDPOLYGONALFACE((77,396,571));
#4815=IFCINDEXEDPOLYGONALFACE((512,540,552));
#4816=IFCINDEXEDPOLYGONALFACE((611,534,237));
#4817=IFCINDEXEDPOLYGONALFACE((517,590,591));
#4818=IFCINDEXEDPOLYGONALFACE((579,598,600));
#4819=IFCINDEXEDPOLYGONALFACE((542,528,358));
#4820=IFCINDEXEDPOLYGONALFACE((516,549,550));
#4821=IFCINDEXEDPOLYGONALFACE((354,353,566));
#4822=IFCINDEXEDPOLYGONALFACE((569,568,585));
#4823=IFCINDEXEDPOLYGONALFACE((527,539,240));
#4824=IFCINDEXEDPOLYGONALFACE((532,355,354));
#4825=IFCINDEXEDPOLYGONALFACE((548,239,238));
#4826=IFCINDEXEDPOLYGONALFACE((566,572,575));
#4827=IFCINDEXEDPOLYGONALFACE((520,539,540));
#4828=IFCINDEXEDPOLYGONALFACE((516,550,556));
#4829=IFCINDEXEDPOLYGONALFACE((604,361,360));
#4830=IFCINDEXEDPOLYGONALFACE((602,603,553));
#4831=IFCINDEXEDPOLYGONALFACE((238,534,548));
#4832=IFCINDEXEDPOLYGONALFACE((240,239,527));
#4833=IFCINDEXEDPOLYGONALFACE((566,532,354));
#4834=IFCINDEXEDPOLYGONALFACE((379,537,580));
#4835=IFCINDEXEDPOLYGONALFACE((600,637,538));
#4836=IFCINDEXEDPOLYGONALFACE((234,565,530));
#4837=IFCINDEXEDPOLYGONALFACE((540,527,626));
#4838=IFCINDEXEDPOLYGONALFACE((623,379,400));
#4839=IFCINDEXEDPOLYGONALFACE((241,555,242));
#4840=IFCINDEXEDPOLYGONALFACE((597,592,593));
#4841=IFCINDEXEDPOLYGONALFACE((528,542,590));
#4842=IFCINDEXEDPOLYGONALFACE((543,359,528));
#4843=IFCINDEXEDPOLYGONALFACE((524,543,583));
#4844=IFCINDEXEDPOLYGONALFACE((567,617,546));
#4845=IFCINDEXEDPOLYGONALFACE((237,534,238));
#4846=IFCINDEXEDPOLYGONALFACE((362,361,536));
#4847=IFCINDEXEDPOLYGONALFACE((630,609,559));
#4848=IFCINDEXEDPOLYGONALFACE((242,555,529));
#4849=IFCINDEXEDPOLYGONALFACE((623,622,529));
#4850=IFCINDEXEDPOLYGONALFACE((240,539,241));
#4851=IFCINDEXEDPOLYGONALFACE((358,357,542));
#4852=IFCINDEXEDPOLYGONALFACE((583,543,528));
#4853=IFCINDEXEDPOLYGONALFACE((529,520,537));
#4854=IFCINDEXEDPOLYGONALFACE((622,243,529));
#4855=IFCINDEXEDPOLYGONALFACE((533,556,550));
#4856=IFCINDEXEDPOLYGONALFACE((565,573,521));
#4857=IFCINDEXEDPOLYGONALFACE((619,544,549));
#4858=IFCINDEXEDPOLYGONALFACE((541,532,522));
#4859=IFCINDEXEDPOLYGONALFACE((566,575,522));
#4860=IFCINDEXEDPOLYGONALFACE((355,545,356));
#4861=IFCINDEXEDPOLYGONALFACE((558,587,560));
#4862=IFCINDEXEDPOLYGONALFACE((558,630,564));
#4863=IFCINDEXEDPOLYGONALFACE((525,617,567));
#4864=IFCINDEXEDPOLYGONALFACE((625,548,624));
#4865=IFCINDEXEDPOLYGONALFACE((604,536,361));
#4866=IFCINDEXEDPOLYGONALFACE((363,606,364));
#4867=IFCINDEXEDPOLYGONALFACE((524,627,614));
#4868=IFCINDEXEDPOLYGONALFACE((512,581,636));
#4869=IFCINDEXEDPOLYGONALFACE((632,538,578));
#4870=IFCINDEXEDPOLYGONALFACE((576,513,480,588));
#4871=IFCINDEXEDPOLYGONALFACE((578,589,577));
#4872=IFCINDEXEDPOLYGONALFACE((540,539,527));
#4873=IFCINDEXEDPOLYGONALFACE((555,539,520));
#4874=IFCINDEXEDPOLYGONALFACE((527,625,626));
#4875=IFCINDEXEDPOLYGONALFACE((581,635,636));
#4876=IFCINDEXEDPOLYGONALFACE((522,576,613));
#4877=IFCINDEXEDPOLYGONALFACE((515,593,601));
#4878=IFCINDEXEDPOLYGONALFACE((582,542,357));
#4879=IFCINDEXEDPOLYGONALFACE((528,590,517));
#4880=IFCINDEXEDPOLYGONALFACE((583,528,517));
#4881=IFCINDEXEDPOLYGONALFACE((604,543,524));
#4882=IFCINDEXEDPOLYGONALFACE((611,544,525));
#4883=IFCINDEXEDPOLYGONALFACE((549,544,530));
#4884=IFCINDEXEDPOLYGONALFACE((532,541,601));
#4885=IFCINDEXEDPOLYGONALFACE((545,596,582));
#4886=IFCINDEXEDPOLYGONALFACE((561,516,556));
#4887=IFCINDEXEDPOLYGONALFACE((554,620,612));
#4888=IFCINDEXEDPOLYGONALFACE((627,524,583));
#4889=IFCINDEXEDPOLYGONALFACE((584,561,568));
#4890=IFCINDEXEDPOLYGONALFACE((624,548,534));
#4891=IFCINDEXEDPOLYGONALFACE((527,239,548));
#4892=IFCINDEXEDPOLYGONALFACE((549,616,550));
#4893=IFCINDEXEDPOLYGONALFACE((618,619,516));
#4894=IFCINDEXEDPOLYGONALFACE((616,549,530));
#4895=IFCINDEXEDPOLYGONALFACE((631,521,574));
#4896=IFCINDEXEDPOLYGONALFACE((568,569,510));
#4897=IFCINDEXEDPOLYGONALFACE((585,563,628));
#4898=IFCINDEXEDPOLYGONALFACE((554,518,629));
#4899=IFCINDEXEDPOLYGONALFACE((518,554,552));
#4900=IFCINDEXEDPOLYGONALFACE((510,569,570));
#4901=IFCINDEXEDPOLYGONALFACE((599,598,553));
#4902=IFCINDEXEDPOLYGONALFACE((546,584,620));
#4903=IFCINDEXEDPOLYGONALFACE((603,554,553));
#4904=IFCINDEXEDPOLYGONALFACE((539,555,241));
#4905=IFCINDEXEDPOLYGONALFACE((529,555,520));
#4906=IFCINDEXEDPOLYGONALFACE((532,566,522));
#4907=IFCINDEXEDPOLYGONALFACE((557,556,533));
#4908=IFCINDEXEDPOLYGONALFACE((561,556,547));
#4909=IFCINDEXEDPOLYGONALFACE((558,557,533));
#4910=IFCINDEXEDPOLYGONALFACE((563,547,557));
#4911=IFCINDEXEDPOLYGONALFACE((568,561,547));
#4912=IFCINDEXEDPOLYGONALFACE((558,509,630));
#4913=IFCINDEXEDPOLYGONALFACE((610,609,381,519));
#4914=IFCINDEXEDPOLYGONALFACE((607,519,402,535));
#4915=IFCINDEXEDPOLYGONALFACE((587,586,505,560));
#4916=IFCINDEXEDPOLYGONALFACE((558,560,378,509));
#4917=IFCINDEXEDPOLYGONALFACE((618,546,617));
#4918=IFCINDEXEDPOLYGONALFACE((562,592,597));
#4919=IFCINDEXEDPOLYGONALFACE((570,612,510));
#4920=IFCINDEXEDPOLYGONALFACE((564,563,557));
#4921=IFCINDEXEDPOLYGONALFACE((514,627,628));
#4922=IFCINDEXEDPOLYGONALFACE((558,564,557));
#4923=IFCINDEXEDPOLYGONALFACE((621,559,608));
#4924=IFCINDEXEDPOLYGONALFACE((571,565,233));
#4925=IFCINDEXEDPOLYGONALFACE((572,566,353));
#4926=IFCINDEXEDPOLYGONALFACE((629,567,546));
#4927=IFCINDEXEDPOLYGONALFACE((624,567,518));
#4928=IFCINDEXEDPOLYGONALFACE((585,568,547));
#4929=IFCINDEXEDPOLYGONALFACE((584,568,510));
#4930=IFCINDEXEDPOLYGONALFACE((517,594,595));
#4931=IFCINDEXEDPOLYGONALFACE((562,594,591));
#4932=IFCINDEXEDPOLYGONALFACE((591,594,517));
#4933=IFCINDEXEDPOLYGONALFACE((570,562,599));
#4934=IFCINDEXEDPOLYGONALFACE((77,571,233));
#4935=IFCINDEXEDPOLYGONALFACE((571,396,573));
#4936=IFCINDEXEDPOLYGONALFACE((352,572,353));
#4937=IFCINDEXEDPOLYGONALFACE((572,531,575));
#4938=IFCINDEXEDPOLYGONALFACE((396,387,573));
#4939=IFCINDEXEDPOLYGONALFACE((574,573,387));
#4940=IFCINDEXEDPOLYGONALFACE((574,387,586));
#4941=IFCINDEXEDPOLYGONALFACE((550,631,533));
#4942=IFCINDEXEDPOLYGONALFACE((575,531,388,513));
#4943=IFCINDEXEDPOLYGONALFACE((576,575,513));
#4944=IFCINDEXEDPOLYGONALFACE((589,588,577));
#4945=IFCINDEXEDPOLYGONALFACE((522,613,541));
#4946=IFCINDEXEDPOLYGONALFACE((511,580,578));
#4947=IFCINDEXEDPOLYGONALFACE((578,577,376,511));
#4948=IFCINDEXEDPOLYGONALFACE((579,633,581));
#4949=IFCINDEXEDPOLYGONALFACE((632,633,579));
#4950=IFCINDEXEDPOLYGONALFACE((602,553,598));
#4951=IFCINDEXEDPOLYGONALFACE((580,511,431,634,457,379));
#4952=IFCINDEXEDPOLYGONALFACE((580,537,581));
#4953=IFCINDEXEDPOLYGONALFACE((635,581,537));
#4954=IFCINDEXEDPOLYGONALFACE((579,581,512));
#4955=IFCINDEXEDPOLYGONALFACE((545,582,356));
#4956=IFCINDEXEDPOLYGONALFACE((582,523,615));
#4957=IFCINDEXEDPOLYGONALFACE((595,583,517));
#4958=IFCINDEXEDPOLYGONALFACE((627,583,551));
#4959=IFCINDEXEDPOLYGONALFACE((620,584,510));
#4960=IFCINDEXEDPOLYGONALFACE((584,546,618));
#4961=IFCINDEXEDPOLYGONALFACE((563,585,547));
#4962=IFCINDEXEDPOLYGONALFACE((569,585,551));
#4963=IFCINDEXEDPOLYGONALFACE((587,558,533));
#4964=IFCINDEXEDPOLYGONALFACE((586,587,574));
#4965=IFCINDEXEDPOLYGONALFACE((587,533,631));
#4966=IFCINDEXEDPOLYGONALFACE((589,578,538));
#4967=IFCINDEXEDPOLYGONALFACE((588,589,576));
#4968=IFCINDEXEDPOLYGONALFACE((576,589,538));
#4969=IFCINDEXEDPOLYGONALFACE((615,542,582));
#4970=IFCINDEXEDPOLYGONALFACE((591,592,562));
#4971=IFCINDEXEDPOLYGONALFACE((592,615,523));
#4972=IFCINDEXEDPOLYGONALFACE((594,562,570));
#4973=IFCINDEXEDPOLYGONALFACE((615,591,590));
#4974=IFCINDEXEDPOLYGONALFACE((593,592,523));
#4975=IFCINDEXEDPOLYGONALFACE((582,596,523));
#4976=IFCINDEXEDPOLYGONALFACE((593,515,597));
#4977=IFCINDEXEDPOLYGONALFACE((570,569,594));
#4978=IFCINDEXEDPOLYGONALFACE((595,594,569));
#4979=IFCINDEXEDPOLYGONALFACE((569,551,595));
#4980=IFCINDEXEDPOLYGONALFACE((583,595,551));
#4981=IFCINDEXEDPOLYGONALFACE((532,596,545));
#4982=IFCINDEXEDPOLYGONALFACE((601,593,596));
#4983=IFCINDEXEDPOLYGONALFACE((598,597,515));
#4984=IFCINDEXEDPOLYGONALFACE((599,562,597));
#4985=IFCINDEXEDPOLYGONALFACE((600,598,515));
#4986=IFCINDEXEDPOLYGONALFACE((602,579,512));
#4987=IFCINDEXEDPOLYGONALFACE((598,599,597));
#4988=IFCINDEXEDPOLYGONALFACE((599,553,612));
#4989=IFCINDEXEDPOLYGONALFACE((637,600,515));
#4990=IFCINDEXEDPOLYGONALFACE((632,600,538));
#4991=IFCINDEXEDPOLYGONALFACE((532,601,596));
#4992=IFCINDEXEDPOLYGONALFACE((601,541,637));
#4993=IFCINDEXEDPOLYGONALFACE((579,602,598));
#4994=IFCINDEXEDPOLYGONALFACE((603,512,552));
#4995=IFCINDEXEDPOLYGONALFACE((512,603,602));
#4996=IFCINDEXEDPOLYGONALFACE((554,603,552));
#4997=IFCINDEXEDPOLYGONALFACE((543,604,360));
#4998=IFCINDEXEDPOLYGONALFACE((536,604,524));
#4999=IFCINDEXEDPOLYGONALFACE((536,605,362));
#5000=IFCINDEXEDPOLYGONALFACE((606,605,526));
#5001=IFCINDEXEDPOLYGONALFACE((606,526,607));
#5002=IFCINDEXEDPOLYGONALFACE((606,535,364));
#5003=IFCINDEXEDPOLYGONALFACE((608,607,526));
#5004=IFCINDEXEDPOLYGONALFACE((519,607,610));
#5005=IFCINDEXEDPOLYGONALFACE((614,608,526));
#5006=IFCINDEXEDPOLYGONALFACE((621,608,514));
#5007=IFCINDEXEDPOLYGONALFACE((610,608,559));
#5008=IFCINDEXEDPOLYGONALFACE((608,610,607));
#5009=IFCINDEXEDPOLYGONALFACE((609,610,559));
#5010=IFCINDEXEDPOLYGONALFACE((544,611,236));
#5011=IFCINDEXEDPOLYGONALFACE((534,611,525));
#5012=IFCINDEXEDPOLYGONALFACE((599,612,570));
#5013=IFCINDEXEDPOLYGONALFACE((554,612,553));
#5014=IFCINDEXEDPOLYGONALFACE((576,538,613));
#5015=IFCINDEXEDPOLYGONALFACE((637,613,538));
#5016=IFCINDEXEDPOLYGONALFACE((524,614,536));
#5017=IFCINDEXEDPOLYGONALFACE((608,614,514));
#5018=IFCINDEXEDPOLYGONALFACE((591,615,592));
#5019=IFCINDEXEDPOLYGONALFACE((542,615,590));
#5020=IFCINDEXEDPOLYGONALFACE((530,521,616));
#5021=IFCINDEXEDPOLYGONALFACE((521,550,616));
#5022=IFCINDEXEDPOLYGONALFACE((619,617,525));
#5023=IFCINDEXEDPOLYGONALFACE((618,561,584));
#5024=IFCINDEXEDPOLYGONALFACE((619,618,617));
#5025=IFCINDEXEDPOLYGONALFACE((516,561,618));
#5026=IFCINDEXEDPOLYGONALFACE((544,619,525));
#5027=IFCINDEXEDPOLYGONALFACE((516,619,549));
#5028=IFCINDEXEDPOLYGONALFACE((612,620,510));
#5029=IFCINDEXEDPOLYGONALFACE((620,554,629));
#5030=IFCINDEXEDPOLYGONALFACE((563,621,514));
#5031=IFCINDEXEDPOLYGONALFACE((564,559,621));
#5032=IFCINDEXEDPOLYGONALFACE((623,529,537));
#5033=IFCINDEXEDPOLYGONALFACE((112,622,400));
#5034=IFCINDEXEDPOLYGONALFACE((379,623,537));
#5035=IFCINDEXEDPOLYGONALFACE((400,622,623));
#5036=IFCINDEXEDPOLYGONALFACE((567,624,534));
#5037=IFCINDEXEDPOLYGONALFACE((625,624,518));
#5038=IFCINDEXEDPOLYGONALFACE((626,518,552));
#5039=IFCINDEXEDPOLYGONALFACE((548,625,527));
#5040=IFCINDEXEDPOLYGONALFACE((518,626,625));
#5041=IFCINDEXEDPOLYGONALFACE((540,626,552));
#5042=IFCINDEXEDPOLYGONALFACE((628,627,551));
#5043=IFCINDEXEDPOLYGONALFACE((614,627,514));
#5044=IFCINDEXEDPOLYGONALFACE((585,628,551));
#5045=IFCINDEXEDPOLYGONALFACE((514,628,563));
#5046=IFCINDEXEDPOLYGONALFACE((567,629,518));
#5047=IFCINDEXEDPOLYGONALFACE((620,629,546));
#5048=IFCINDEXEDPOLYGONALFACE((630,509,448,459,609));
#5049=IFCINDEXEDPOLYGONALFACE((564,630,559));
#5050=IFCINDEXEDPOLYGONALFACE((521,631,550));
#5051=IFCINDEXEDPOLYGONALFACE((587,631,574));
#5052=IFCINDEXEDPOLYGONALFACE((633,578,580));
#5053=IFCINDEXEDPOLYGONALFACE((600,632,579));
#5054=IFCINDEXEDPOLYGONALFACE((578,633,632));
#5055=IFCINDEXEDPOLYGONALFACE((581,633,580));
#5056=IFCINDEXEDPOLYGONALFACE((537,520,635));
#5057=IFCINDEXEDPOLYGONALFACE((636,520,540));
#5058=IFCINDEXEDPOLYGONALFACE((520,636,635));
#5059=IFCINDEXEDPOLYGONALFACE((540,512,636));
#5060=IFCINDEXEDPOLYGONALFACE((601,637,515));
#5061=IFCINDEXEDPOLYGONALFACE((637,541,613));
#5062=IFCCARTESIANPOINTLIST3D(((-0.049999999999978569,-2.5804254728542753E-014,4.808478229563165),(-0.048296291314431881,0.012940952255100117,4.808478229563165),(-0.043301270189200353,0.02499999999997397,4.8084782295631658),(-0.035355339059305789,0.035355339059301251,4.8084782295631658),(-0.02499999999997847,0.043301270189195704,4.8084782295631658),(-0.012940952255104556,0.048296291314427142,4.8084782295631658),(2.1381946711438416E-014,0.049999999999973718,4.8084782295631658),(0.012940952255147324,0.048296291314427177,4.8084782295631658),(0.02500000000002121,0.04330127018919578,4.8084782295631658),(0.035355339059348553,0.035355339059301355,4.8084782295631658),(0.043301270189243138,0.024999999999974123,4.8084782295631658),(0.048296291314474701,0.012940952255100306,4.808478229563165),(0.050000000000021444,-2.5297386895720468E-014,4.808478229563165),(0.048296291314475111,-0.012940952255151399,4.808478229563165),(0.043301270189243818,-0.025000000000025516,4.808478229563165),(0.035355339059349421,-0.035355339059353057,4.808478229563165),(0.025000000000022154,-0.043301270189247808,4.808478229563165),(0.012940952255148248,-0.048296291314479503,4.808478229563165),(2.2161391304166466E-014,-0.050000000000026287,4.808478229563165),(-0.012940952255103973,-0.048296291314479871,4.808478229563165),(-0.024999999999977988,-0.043301270189248557,4.808478229563165),(-0.035355339059305518,-0.035355339059354084,4.808478229563165),(-0.043301270189200242,-0.025000000000026737,4.808478229563165),(-0.048296291314431847,-0.012940952255152844,4.808478229563165),(-0.049999999999977611,4.0689785336905689E-014,5.4000000000000004),(-0.048296291314412279,0.012940952255161536,5.4000000000000004),(-0.043301270189167088,0.025000000000021751,5.4000000000000004),(-0.035355339059267625,0.035355339059330276,5.4000000000000004),(-0.024999999999945399,0.043301270189206063,5.4000000000000004),(-0.012940952255085238,0.048296291314423888,5.4000000000000004),(2.2160351245288707E-014,0.049999999999965537,5.4000000000000004),(0.012940952255129316,0.048296291314424068,5.4000000000000004),(0.024999999999989635,0.043301270189206383,5.4000000000000004),(0.035355339059312055,0.03535533905933063,5.4000000000000004),(0.043301270189211677,0.025000000000022091,5.4000000000000004),(0.048296291314456972,0.012940952255161876,5.4000000000000004),(0.050000000000022395,-3.3166085019665018E-014,5.4000000000000004),(-0.049999999999978166,1.5880956918889613E-015,5.0553790201163737),(-0.046193976623688737,0.019134171622699311,5.1042391148221409),(-0.030438071447589764,0.039667667016698591,5.1042391148112873),(-0.039667667012024378,0.030438071453683869,5.1042391148161226),(-0.019134171615375912,0.046193976626717238,5.1042391148073341),(-0.0065263096106704839,0.049572243068700991,5.1042391147593857),(0.019134171620218052,0.046193976624729717,5.1042391147989861),(0.030438071451939133,0.039667667013394844,5.1042391147970196),(0.046193976626159219,0.019134171616840868,5.1042391147939465),(0.039667667015598568,0.030438071449083028,5.1042391147953525),(0.050000000000021999,-2.999291322453452E-014,5.1530992098516402),(0.0065263096133817457,0.049572243068349814,5.1042391148013051),(-0.049066333967581456,0.0096174253820353241,5.1272216375687236),(0.04906633396892477,0.0096174253754062709,5.0812565916564214),(0.048296291314494727,-0.012940952255089917,5.4000000000000004),(0.043301270189277083,-0.024999999999977741,5.3999999999999995),(0.035355339059387647,-0.035355339059323969,5.3999999999999995),(0.025000000000055343,-0.043301270189237379,5.3999999999999995),(0.012940952255167561,-0.048296291314482757,5.3999999999999995),(2.2850977996046749E-014,-0.050000000000034468,5.3999999999999995),(-0.012940952255121978,-0.048296291314482973,5.3999999999999995),(-0.025000000000009567,-0.043301270189237948,5.3999999999999995),(-0.035355339059342059,-0.035355339059324774,5.3999999999999995),(-0.043301270189231612,-0.024999999999978921,5.4000000000000004),(-0.048296291314449569,-0.012940952255091273,5.4000000000000004),(0.050000000000021846,2.4479126939765408E-015,5.0553790197284112),(0.046193976625112113,-0.019134171619429572,5.1042391147918629),(0.030438071449615713,-0.039667667015238404,5.1042391147904418),(0.039667667013888436,-0.030438071451372464,5.1042391147910831),(0.019134171617357112,-0.046193976625975491,5.1042391147899169),(0.0065263096109164096,-0.049572243068735131,5.1042391147739608),(-0.019134171619018765,-0.046193976625269056,5.1042391147887711),(-0.030438071451059701,-0.039667667014096762,5.1042391147884656),(-0.046193976625827061,-0.019134171617597673,5.1042391147878705),(-0.039667667015013792,-0.030438071449848742,5.1042391147881681),(-0.049999999999978006,-3.1514506014795906E-014,5.1530992099683965),(-0.0065263096118651862,-0.04957224306860445,5.1042391147891015),(0.049066333968588054,-0.009617425377185301,5.1272216378855022),(-0.049066333968962865,-0.0096174253750487687,5.0812565915600763),(-1.5999999999999612,1.7756311976061331E-014,7.0500000000000025),(-1.4561930244663259,1.7843134479234401E-014,7.0437212518513812),(-1.3134805068495279,1.8102941217079574E-014,7.0249327924701435),(-1.1729485755808051,1.8533754903446253E-014,6.9937776133769622),(-1.035666763512612,1.9132296786048761E-014,6.9504928242967479),(-0.90267986812781276,1.989401159975103E-014,6.8954078486104695),(-0.77499999999996816,2.08131022348848E-014,6.8289419162443208),(-0.65359888002074307,2.1882573856754615E-014,6.7516008730768338),(-0.53940044401718035,2.3094287140553418E-014,6.6639733311463107),(-0.43327381104216783,2.4439020216539016E-014,6.5667261889577988),(-0.33602666885365851,2.5906538854031124E-014,6.4605995559827862),(-0.24839912692313684,2.7485674350086452E-014,6.3464011199792223),(-0.17105808375565054,2.9164408530071943E-014,6.224999999999997),(-0.10459215138950279,3.0929965213230479E-014,6.0973201318721513),(-0.049507175703227227,3.2768907447130959E-014,5.9643332364873505),(-0.0062223866230140786,3.466723977098972E-014,5.8270514244191576),(0.024932792470166255,3.6610514729577803E-014,5.686519493150433),(0.043721251851402534,3.8583942827078851E-014,5.5438069755336352),(-0.055898217957771966,3.915238572010109E-014,5.5350914012588701),(-0.07354798283105464,3.7298559325478895E-014,5.6691546753837407),(-0.1028149692519208,3.5473058606805236E-014,5.8011695199089051),(-0.14347643778181821,3.36897767268167E-014,5.9301312221547837),(-0.19522293009316791,3.1962285537395041E-014,6.0550583056980809),(-0.25766062413409463,3.0303732289579445E-014,6.1749999999999972),(-0.33031433135203614,2.872673957504763E-014,6.2890434763441183),(-0.41263111316555656,2.7243309260571413E-014,6.3963207950141321),(-0.50398448916082295,2.5864731146563667E-014,6.4960155108391451),(-0.60367920498583472,2.4601497044880227E-014,6.5873688868344127),(-0.71095652365584816,2.3463220929796506E-014,6.6696856686479347),(-0.82499999999996876,2.2458565769858195E-014,6.7423393758658774),(-0.94494169430188335,2.1595177597459797E-014,6.8047770699068053),(-1.0698687778451796,2.0879627317921307E-014,6.8565235622181557),(-1.1988304800910579,2.0317360700931068E-014,6.8971850307480551),(-1.330845324616222,1.9912656934950251E-014,6.9264520171689234),(-1.4649085987410928,1.9668596060004787E-014,6.9441017820422068),(-1.5999999999999626,-5.539742755646209E-014,6.9500000000000028),(-1.5999999999999626,0.01294095225507564,6.95170370868553),(-1.5999999999999626,0.024999999999963385,6.956698729810749),(-1.5999999999999621,0.035355339059309453,6.9646446609406398),(-1.5999999999999621,0.043301270189222169,6.9749999999999712),(-1.5999999999999621,0.048296291314466784,6.9870590477448591),(-1.5999999999999619,0.050000000000018092,7.0000000000000044),(-1.5999999999999619,0.048296291314466347,7.0129409522551489),(-1.5999999999999617,0.043301270189220822,7.0250000000000359),(-1.5999999999999617,0.035355339059307454,7.0353553390593682),(-1.5999999999999617,0.024999999999961397,7.0433012701892572),(-1.5999999999999615,0.012940952255074084,7.0482962913144753),(-0.28179760511567592,0.037287420985201415,6.2466732952032435),(-0.21981376202589359,0.037860199848097541,6.2721588778173079),(-0.87249425748124743,0.032818219987196105,6.7825510176203823),(-0.85017629493864921,0.033087092945670006,6.8557220673023025),(-0.11895700152831752,0.02203515643929892,5.8742379386692898),(-0.0292036606063679,0.02217258621239537,5.8878677668536037),(-0.36780451682431908,0.020751912972727111,6.3477315104839747),(-0.38703412203641507,0.022610320493074248,6.510589340318659),(-1.1269260988480108,0.019473469130206766,6.8801876779630575),(-0.85284204371218741,0.049676469003565642,6.8084087379628349),(-0.76326889801674147,0.017913160633186178,6.7086943423632004),(-1.1110659994622458,0.019873653717886342,6.9715809858356108),(-0.717468675185294,0.018127759045187694,6.7901164750186531),(-0.14873502799756225,0.049664215097572725,6.0598117771494797),(-0.13709724380410537,0.014966941213449225,6.1581919396549454),(-0.22462512924252395,0.014027012614587381,6.1190774965021397),(-0.55138197289700575,0.013114442776979597,6.5438225122161455),(-1.0909539294264212,0.045974610685105666,6.9375811353080241),(-0.086271387233866181,0.011952538716815429,5.7400318995828101),(-0.29155776727079807,0.012329699180232901,6.4026893453270599),(-0.48657546677706631,0.012329699180214163,6.6156038863211517),(-0.058270433253704138,0.045980366203918051,5.8962962486840667),(0.010389301238903786,0.012107363199604477,5.7524741571568816),(-1.003925888318242,0.010671430231381198,6.8320504138316869),(-1.2604927693988541,0.010671430231951004,6.9135414017272927),(-0.36996581453938654,0.010388832836933403,6.3449337372594403),(-0.97160108510496079,0.010964076202019264,6.9243360696849567),(-1.247049948634773,0.010964076202110316,7.0105626069249984),(-0.091923864199988006,0.039962816177399198,5.8364068004448333),(-1.1798953844612257,0.046371140519223142,6.924473512804032),(-0.76572505632867371,0.0088395017737714059,6.7072595027231658),(-0.71494062002827397,0.008920581438296828,6.7915901937920591),(-0.03935081244308114,0.049617674496994148,5.7235176471525957),(-1.2854425754862713,0.039456640137961838,7.0000851285104417),(-1.2868630304789439,0.049526018058554305,6.9760618546276696),(-1.299563557109209,0.030702209872682486,6.9313431540654049),(0.0010749162023475293,0.039460119842392241,5.7094564949679709),(-0.56408475258340474,0.027342965275614105,6.5639055111670084),(-0.57066991120315091,0.043454187731155593,6.5924533145955841),(-0.56043518705607798,0.04627462007505611,6.6410746339796169),(-0.063074532728966515,0.030675501543392891,5.6703131765279391),(-1.3714675025798331,0.020698521947774499,6.9375948805918961),(-1.3596936281570455,0.021159922538049332,7.0276581421223518),(-1.2107923479578908,0.030459114939492,6.9927882724352299),(-0.038904086029808931,0.046299432236797826,5.6508539261780086),(-0.013130724712138279,0.049535268510738785,5.652301804960886),(-1.3508995939874711,0.049607351113101737,6.9741587464634511),(-1.3540401201567358,0.039832973140207166,6.9503897982403906),(0.020652498270000715,0.030220572173795684,5.6500795278146025),(-0.046042076366724964,0.033165849357630915,5.9160900743598948),(-1.3610046042648174,0.046093087115815036,7.0016427998687654),(-1.0964215491647837,0.037283957212550164,6.8835463656642029),(-0.84607220680694262,0.042905212298256244,6.7820622067165433),(-0.12635272928805197,0.026734609193872747,6.1248147947554799),(-0.22419617203142028,0.0268737501238328,6.1307645854962907),(0.0026838425746290697,0.046096138451378027,5.631860828579379),(-1.0945042216239309,0.04996278077265421,6.9160162783591188),(-0.88619276515435241,0.049127230055519631,6.8423349449608368),(-0.62088535142712065,0.04984888755703825,6.6703462559132563),(-0.31014691887591017,0.049368453047022406,6.3600477761508944),(-0.80740412978488696,0.044502037713418159,6.816069316742408),(-0.60283415118779782,0.038314639030865578,6.6920878082491999),(-0.60666110104598936,0.048775914938196691,6.6402466760879362),(-0.3350773478212789,0.047690989886338908,6.3550578762321788),(-0.093773153065417017,0.047717828789520876,5.8936765736642629),(-0.19705549405172224,0.046934537205111308,6.1327224639862967),(-0.075414063492904734,0.049898924160351361,5.8957986015605943),(-0.17236025487121703,0.049625255834918898,6.1358223870495925),(-0.20411863204593841,0.045794427208849402,6.2222817652519833),(-0.36446008892370196,0.043242645045074371,6.4556492121078008),(-0.39220472156044589,0.034607343593254535,6.5036367002966147),(-0.55582065743732623,0.028956931419114783,6.6656174971606106),(-0.43619544086034601,0.049936979467252784,6.4943192097751359),(-0.27551309588662781,0.049859403807019149,6.2909310566591978),(-1.0568230504979272,0.036891973051912753,6.9408095219289283),(-0.23445838470899893,0.02214332238003338,6.316929541924817),(-0.90650740604276736,0.020089762166277513,6.8925418417199644),(-0.78240011264052645,0.026013497607871455,6.8247785862132888),(-0.065044135881091494,0.021341717741699909,5.6475121293779091),(-0.2875256617729538,0.043676895770506367,6.2718500230644505),(-0.41997854879479329,0.040129885955177309,6.4358550385462383),(-0.17332334701777405,0.041899538561740994,6.0618373305241242),(-0.40465306850083599,0.031920057331541643,6.4047259385166715),(-0.15756696971448447,0.034513075178169018,6.0040912204723531),(-0.57960197559940962,0.036395374005482116,6.5875416585632918),(-0.042896177789820494,0.039801143318716002,5.5987483531850932),(-0.22235418611617427,0.030585849588225793,6.2889481351223848),(-0.93834877579774378,0.019245995311777269,6.8059428339582837),(-0.82419862765008578,0.02564646337325532,6.75004649906219),(-0.70055494679536001,0.031399069044906656,6.6759295265104948),(-0.75124349506340571,0.038102767087553745,6.7179752163937305),(-1.4106489965792282,0.046273564861932778,6.9696796223282993),(-1.0711977455358181,0.029008794873905459,6.8668701620136892),(-0.8840271168282523,0.03974795561800256,6.8647078249423297),(-1.4206854656340175,0.029477595554968952,7.0305564226637953),(-0.061500007099442131,0.040573894643438829,5.9360716648972405),(-0.11855094595200766,0.03646350468877884,6.0898951099329803),(0.02276325820191414,0.021316284469199646,5.6709542056199833),(-1.0168408704528122,0.030014487015563994,6.932804546651993),(-0.050311123949823136,0.013172520648869814,5.9613720178644369),(-0.1460550037664971,0.0099849542703945408,5.940062112121554),(-0.94780588060235549,0.047275915944976377,6.8431967275461458),(-0.75309153166334897,0.046928943568525817,6.7370988578847513),(-1.0819156774239109,0.049356582765436904,6.9222477150256649),(-0.70348901562367183,0.048336202959795092,6.7406577086780661),(-0.46436599786052551,0.048981082992062851,6.5413030000696262),(-0.3579572249114506,0.047238421335339655,6.434425666597404),(-0.47812516577424002,0.047081992151675425,6.5170589125008034),(-0.5563856524466102,0.020570367342598515,6.672312150160213),(-1.5999999999999615,-0.01294095225517692,7.048296291314438),(-1.5999999999999617,-0.02500000000003717,7.0433012701891924),(-1.5999999999999617,-0.035355339059346111,7.0353553390592936),(-1.5999999999999617,-0.043301270189221946,7.024999999999971),(-1.5999999999999619,-0.048296291314439875,7.0129409522551116),(-1.5999999999999619,-0.04999999999998192,7.0000000000000036),(-1.5999999999999621,-0.048296291314440638,6.9870590477448973),(-1.5999999999999621,-0.043301270189222786,6.9750000000000352),(-1.5999999999999621,-0.035355339059346839,6.9646446609407127),(-1.5999999999999626,-0.025000000000037971,6.9566987298108129),(-1.5999999999999626,-0.012940952255177504,6.9517037086855673),(-0.21981376250484544,-0.037860200000850476,6.2721588782436326),(-0.28179760478575228,-0.037287420949070012,6.2466732946148582),(-0.85017629427926167,-0.033087093113349543,6.8557220667961403),(-0.99701875896098258,-0.027486861567842517,6.836838220763152),(-0.54811672234221009,-0.024160462240659718,6.5468988877106016),(-0.029203660746019048,-0.0221725863326056,5.8878677671026125),(-0.1189570013321694,-0.022035156404882336,5.8742379380014196),(-0.29358735362506155,-0.021181831314587056,6.4001352320780009),(-0.72538187968249335,-0.049694677426625991,6.7331986634253242),(-1.1110659992814964,-0.019873653819327167,6.9715809857333442),(-0.29112122569390814,-0.018646224200765896,6.2369771806532635),(-0.59928769660457615,-0.019505548454641228,6.7069113494250949),(-1.2583073732232934,-0.015844171986444621,6.9145100834552187),(-0.14873502786156606,-0.049664215087721682,6.0598117766473045),(-0.88066364171568168,-0.014841566510617226,6.7755166824052999),(-0.13703469412004665,-0.014620135782100549,6.1583046942549711),(-0.45618874821485339,-0.013052085694792392,6.4486052927207487),(-0.84152357603726091,-0.014083356582744374,6.863057456985759),(-1.0909539304874087,-0.045974610718201886,6.9375811355776449),(-0.086271387146717032,-0.011952538699578852,5.7400318991755643),(-0.16780018367253638,-0.011952538698899184,5.9964894734517289),(-0.058270433134102545,-0.045980366235232328,5.8962962480727903),(0.010389301223791834,-0.012107363263417591,5.7524741571513571),(-1.1148881141766018,-0.046399032218683023,6.9051222688599054),(-0.38427920978762686,-0.011609576321728382,6.5135597835988479),(-1.2470499486651072,-0.010964076255137969,7.0105626069194367),(-0.091923864111894599,-0.039962816149614278,5.8364068000078069),(-0.29270882693065192,-0.0092379171795119123,6.2343614400525196),(-0.59676452596050067,-0.0096735639605264583,6.7087788033416267),(-0.039350812413139862,-0.049617674491719423,5.723517646802061),(-1.2854425761565456,-0.039456640171564063,7.0000851285981636),(-1.2868630310383276,-0.049526018064821015,6.9760618546924658),(0.0010749162570507281,-0.039460119873593873,5.7094564944731694),(-1.2970241444868396,-0.039871561780763121,6.9403150056190501),(-0.063074532685384904,-0.030675501521970922,5.6703131761843943),(-0.58899161773184761,-0.045919689281052847,6.6655276567894211),(-1.3596936277873657,-0.021159922621450063,7.0276581420283781),(-1.2107923472628306,-0.030459115018282766,6.9927882722030512),(-0.013130724722373269,-0.049535268515630913,5.6523018047949369),(-0.038904086032912968,-0.04629943222560106,5.6508539260253716),(-1.3508995941979147,-0.049607351109040347,6.9741587464644299),(-1.0248657864369013,-0.049930052851964689,6.8902239359274047),(-0.70229183321429733,-0.041198766605393906,6.6900630222626916),(0.020652498332948053,-0.030220572203389071,5.6500795272590816),(-1.3537728735324226,-0.030654202614062712,6.9409509051972762),(-0.81486875042030438,-0.049046628430166037,6.8052612181463079),(-0.046042075592502583,-0.033165849435317508,5.9160900718100331),(-1.3610046049079707,-0.046093087130994685,7.0016427999281374),(-0.12947690758428068,-0.026699389428965745,6.1311824174001419),(-0.9851365327724122,-0.039568605154295659,6.8439749581667737),(0.0026838425943185719,-0.04609613846554917,5.6318608282064968),(-1.37391286813271,-0.04628900877577842,6.9648488668561574),(-0.46521221014367742,-0.033862415637779426,6.5795468337447032),(-0.65419068539225445,-0.014008124551474939,6.6305105030637197),(-0.74863837902763419,-0.023768989039025638,6.7024413671856742),(-0.64755867368494113,-0.033125288217997637,6.6387126966322665),(-0.46727186601352694,-0.039828276163029586,6.4867899200310877),(-0.30111035231975702,-0.046716180612617446,6.3034241226495107),(-0.37725893889044876,-0.049899774551822408,6.4368413190573621),(-0.53429328592823244,-0.047178958655425325,6.5711361250500939),(-0.075414063432427431,-0.049898924165219294,5.89579860112406),(-0.19581555681879034,-0.049278838759042203,6.1844834411270444),(-0.33567571026224724,-0.046132460748959943,6.4117105966412566),(-0.093773152951978023,-0.047717828774925163,5.8936765731690963),(-1.0324508787565694,-0.010587923487444634,6.9481109183988279),(-1.0568230502455656,-0.036891973176711973,6.9408095216952681),(-0.83896069951342789,-0.042493719407514861,6.8372999400440753),(-0.065044135788940305,-0.021341717723561499,5.6475121287528705),(-0.18267551995614087,-0.047336100418089791,6.1070518402059113),(-0.22820173217296313,-0.043126564905784245,6.1732069692898497),(-0.17091935983337406,-0.038041225007227487,6.044164698756421),(-0.2160615374213678,-0.028721523213895685,6.1179281750516834),(-0.36622398874273143,-0.028721523212878342,6.3531543876945706),(-0.11489955358557177,-0.032872269911886631,5.885114138881641),(-0.34386524183947564,-0.042499557047136385,6.3479091411420558),(-0.042896177773355776,-0.03980114330557652,5.5987483529203912),(-0.65574930142889809,-0.037744462474174678,6.7320669425955861),(-0.65585096373715523,-0.029219312944807715,6.7416649843029459),(-0.82212224245332644,-0.024161285638324096,6.8480682842787637),(-1.0063019636950215,-0.027992041935508569,6.9302990275945557),(-0.49591048138527538,-0.041143864739657601,6.5969580506367729),(-0.35225756989801738,-0.038541410212171098,6.4517035132770406),(-0.29107681653223633,-0.030913306419403219,6.3869242520728449),(-0.5793436366730732,-0.04957486190314446,6.6406141053357617),(-0.51763230594340737,-0.049771389173425204,6.5718448011771562),(-0.3611660284943648,-0.049344863364635776,6.3997697208291209),(-0.24295226826990643,-0.049184564335208243,6.2304961873542402),(-0.21340212331718603,-0.049998657664897576,6.1976052018136736),(-0.24680690437880032,-0.012083922411506846,6.3415303752487118),(-1.4206854661097554,-0.0294775956728025,7.0305564226295623),(-0.43690043642236065,-0.020657265618218464,6.5640356957206452),(-0.061500006910485877,-0.040573894699924111,5.9360716641162865),(-0.16041635938183993,-0.044389758918060233,6.1495109695323453),(-0.11855094586301872,-0.036463504734805939,6.0898951096255294),(-0.86846133010806825,-0.045497088277475568,6.799615455376057),(0.030962309621861476,-0.020819154431364846,5.6179421715641444),(-1.1478194208206685,-0.034442505820233837,6.8969508441630563),(-1.1835140511339481,-0.027241917038171047,6.901376287203373),(-0.81959676267006965,-0.035834592080203932,6.7566887152491031),(-0.050073799759637487,-0.013192484528431057,5.9607004026486292),(-0.95654222772107433,-0.048501615133498134,6.8516313341216195),(-1.0594894997066824,-0.018840518635682105,6.8566354954683888),(-1.1072717787611672,-0.0096208839230088657,6.870583639100003),(-0.19362448731933746,-0.020577438848164729,6.0620894567079384),(-1.0504831238252177,-0.049220834457809531,6.9120333220000223),(-0.90027386980073243,-0.046663559048330999,6.8588260550823206),(-0.48565253450280921,-0.032891296487123571,6.4950528247745432),(-0.69005552954145433,-0.04595080522931605,6.6920194990729724),(-5.2158781148530116,-5.6362042633775961E-014,6.9500000000000153),(-5.2158781148530116,-0.012940952255182391,6.951703708685562),(-5.2158781148530116,-0.025000000000056446,6.9566987298107934),(-5.2158781148530116,-0.035355339059383963,6.9646446609406878),(-5.2158781148530116,-0.04330127018927829,6.9750000000000147),(-5.2158781148530116,-0.048296291314510013,6.9870590477448893),(-5.2158781148530116,-0.050000000000056589,7.000000000000016),(-5.2158781148530116,-0.048296291314509854,7.0129409522551418),(-5.2158781148530116,-0.043301270189278505,7.0250000000000155),(-5.2158781148530116,-0.035355339059383699,7.0353553390593433),(-5.2158781148530116,-0.025000000000056234,7.0433012701892377),(-5.2158781148530116,-0.012940952255182242,7.0482962913144682),(-5.2158781148530116,-5.6604003021476434E-014,7.0500000000000149),(-5.2158781148530116,0.012940952255069247,7.0482962913144682),(-5.2158781148530116,0.024999999999943175,7.0433012701892368),(-5.2158781148530116,0.035355339059270713,7.0353553390593433),(-5.2158781148530116,0.043301270189165061,7.0250000000000155),(-5.2158781148530116,0.048296291314396819,7.0129409522551409),(-5.2158781148530116,0.049999999999943416,7.000000000000016),(-5.2158781148530116,0.048296291314396965,6.9870590477448893),(-5.2158781148530116,0.043301270189165922,6.9750000000000156),(-5.2158781148530116,0.035355339059271441,6.9646446609406878),(-5.2158781148530116,0.024999999999944286,6.9566987298107934),(-5.2158781148530116,0.012940952255070548,6.951703708685562),(-3.5752061869060743,-5.5699310861657718E-014,6.9500000000000099),(-3.407939057563798,0.049572243070133512,6.993473690400398),(-3.2406779211497625,-5.6297641252518471E-014,7.0500000000000087),(-2.5876023531724734,-5.586912241755952E-014,6.9500000000000064),(-2.8540561009161776,0.03966766700935799,7.0304380714571515),(-4.2282780180013866,-5.6139959690102414E-014,7.0500000000000123),(-4.1310086886294393,0.030438071504063736,6.9603323330266438),(-4.0426238502723733,0.03966766698951836,7.0304380714830108),(-2.6540066315875164,0.039667667023346037,6.9695619285610926),(-4.3219110598009767,0.049572243074105564,6.9934736904305712),(-2.4433325184742025,0.049572243067480593,7.0065263096197699),(-2.587610622046582,-5.640191085760833E-014,7.0500000000000069),(-4.3955421508795434,-5.5558259843378536E-014,6.9500000000000117),(-2.2702889439706193,0.030438071446002007,7.0396676670179259),(-2.2402884552103903,0.019134171631683225,6.953806023380027),(-4.5755896607891442,0.019134171599966075,7.0461939766331296),(-4.5830107181146467,0.046193976615888005,7.0191341716414914),(-4.6234359206169851,0.039667667035389778,6.9695619285767947),(-2.1784750863182958,0.046193976628856222,6.9808658283898355),(-4.6293544799907016,0.019134171656528785,6.9538060233903263),(-2.0938105736207695,-5.6480751638816355E-014,7.0500000000000069),(-2.0859962670345022,0.046193976623467269,7.0191341716231861),(-4.7891233669145468,0.049572243071321492,6.9934736904094255),(-2.0160820854921688,0.019134171615001541,7.0461939766268937),(-2.0938011765862177,-5.5954028068224368E-014,6.9500000000000046),(-2.0048741444278133,0.030438071457288985,6.9603323329907454),(-4.7220780664271986,-5.6061118908894382E-014,7.050000000000014),(-4.8110039709878718,0.030438071439458373,7.0396676670229557),(-3.0071046488736344,0.021517755671734456,6.9548670165970785),(-1.9830213357758419,0.04957224306935528,6.9934736903944819),(-4.8057108731468219,-5.5487734206952897E-014,6.9500000000000144),(-4.8301194495515691,0.030438071470135931,6.9603323330006122),(-2.5230363810773482,0.017091362595988358,7.0469881402548689),(-3.8439082818372645,0.020851015147023793,7.0454448585357818),(-1.9546277718270859,0.039667667012262625,7.0304380714533643),(-2.4043419363831813,0.040841756268275853,7.0288435598516985),(-4.3451866291665509,0.031123603382891243,7.0391321007928527),(-4.8753748267246193,0.049572243066666938,7.0065263096259578),(-4.8753748267023473,0.046193976632450659,6.980865828398521),(-1.9364332493323073,0.039667667018418437,6.9695619285546684),(-4.8794448658756231,0.039667667006896667,7.0304380714603658),(-2.750237522723125,0.048611897236244504,6.9883002800423624),(-3.4333217541646288,0.038994391794902813,6.9687040352674563),(-1.9331518310955889,0.049572243068066395,7.0065263096153192),(-2.2952199404982001,0.036747615493739658,6.9660940601734787),(-2.6166853104775858,0.02842572541758611,6.9588663381829408),(-4.0622049637817259,0.043766360122243379,6.9758234468617921),(-2.6760759521543629,0.046386286298485457,7.0186631305902836),(-3.3534102226757141,0.047202259954519536,7.0164908051707888),(-2.9481027012651277,0.049813010672310233,7.0043201814492839),(-1.9081652674690595,0.030438071448043943,7.0396676670163583),(-2.9977805038123657,0.033711906459327354,6.9630742994261023),(-3.3797009115491772,0.028151914429777845,6.9586784594438384),(-3.3972068032675171,0.014134668393678673,6.9520394834327419),(-3.9622059936743121,0.013979022999020737,6.951993886681068),(-3.0814050103198189,-5.5784216512322567E-014,6.9500000000000073),(-3.0514013465072445,0.043027833892106057,6.9745322653039565),(-4.0165510312945347,0.048638708552068005,7.0115877534656956),(-3.7408710280376587,0.032879609782412333,6.9623312960064752),(-3.6964082102154054,0.022333013501505027,6.9552648180070973),(-1.8919009219564544,0.019134171625282921,6.9538060233773749),(-4.9239771934390921,0.019134171609674646,7.0461939766291088),(-2.3740062377088638,0.049376607981366498,6.9921291306548277),(-3.4002165237318205,0.045973720694542912,6.9803425076498913),(-3.7895209295356147,0.048153170709710987,6.9865362653548244),(-3.7647572409433412,0.049997508208111989,7.0004991722890217),(-1.8928993328026673,0.0085578404621790075,6.9507378099692829),(-4.9229787825759432,0.0085578404476737771,7.0492621900332564),(-2.1865403434613491,0.0095855042280115349,6.9509274199914746),(-2.5436817339529871,0.012404569999816907,6.9515631685272714),(-4.6293377725481877,0.0095855042013826431,7.0490725800137461),(-4.2721963828378877,0.01240456995844939,7.0484368314833423),(-3.7344779695755741,-5.6218800471310439E-014,7.0500000000000105),(-3.4875725841482343,0.012439694988491772,7.0484278224638768),(-3.3315707050198458,0.030514837176587692,7.039608644411083),(-3.0038491237876412,0.014456678345560138,7.0478644382732334),(-2.8298664159770581,0.027964225998535975,7.0414487884539501),(-4.92801890553012,0.046193976621031231,7.0191341716290765),(-4.466177554575955,0.046159993789762536,6.9807839917432535),(-3.1061009009105258,0.048274393952872412,6.9869776005099986),(-3.7090797400753717,0.043307661618620152,6.9750110735500366),(-2.8345036817461464,-5.5826669464941037E-014,6.9500000000000064),(-2.957954347683089,0.010697403080167277,6.9511577481340341),(-3.9813779937884806,-5.6179380080706426E-014,7.0500000000000105),(-3.8579237693454194,0.010266368714788714,7.0489346673986031),(-4.5555172133944222,0.049953366426752181,7.0021589772182748),(-4.2428234849401392,0.049837370699753129,7.0040294517902382),(-4.3152637776531364,0.047953061582203679,7.0141599394380174),(-4.3036897742044378,0.043522685999368982,7.0246125131466908),(-4.0392172554165269,0.049883861622304806,6.9965940713981318),(-4.0976937173715928,0.048101272429156405,6.9863520114782318),(-4.5817171383793927,0.041159165240670266,7.0283887850512707),(-4.0149228315312939,0.045138695129822361,7.0215057713642723),(-3.6202003543872636,0.041956693625114914,7.027196247168388),(-3.7022616374491379,0.047169269071007797,7.016584934588411),(-3.737962464930277,0.032985343361952711,7.0375761509909029),(-4.3435235644763335,0.03805433708396079,7.0324325057480426),(-3.2318047185474059,0.041534108319232932,7.0278373462478383),(-3.0208794229242018,0.046019095036247661,7.0195510330172075),(-4.9501812826745253,0.039667667024035957,6.9695619285619985),(-4.9534485800826893,0.019134171635586096,6.9538060233816523),(-4.7914015300436024,0.010523993346581925,6.9511200903843049),(-4.4814608757082794,0.010182778925209806,6.9510478701856817),(-4.2728063472246598,0.019675061685623649,6.9540337955921574),(-3.985373428612264,-5.5628785479804176E-014,6.9500000000000117),(-4.1923036456359437,0.0075415309629148731,6.9505720189494511),(-1.857976278929943,0.046193976627204689,6.9808658283858476),(-3.4473758415670543,0.0497178042100496,7.005304709655169),(-4.2839852044922573,0.022346558006182016,7.0447284176477876),(-4.4805640691111224,0.028812196375777165,6.9591361120303112),(-4.550051376809396,0.048809427967976202,7.0108461855706841),(-2.3079459512066594,0.02877049264502983,6.959106739516657),(-2.4907193318991951,0.046793652705889748,6.9823831311966327),(-2.7709329459021581,0.04507777107824943,6.9783668182041678),(-2.3723844647677508,0.042686658191912877,6.973964462509838),(-3.1348610329965441,0.049892974326998601,6.9967302732836281),(-4.0077339461118209,0.022969309121015545,6.9555881678096974),(-1.9043423081032909,0.0090611082402299471,7.0491721091418524),(-2.2414406190899414,0.010751830522519511,7.0488302994094285),(-2.1882421748113394,0.049989215190982914,7.0010384433465331),(-2.1902007978366242,0.048863197005066,7.010601319655529),(-2.3803942983601067,0.046616747583711107,7.0180797910582928),(-4.277119561227817,0.038364363266353889,6.9679348221404878),(-3.9676798530117749,0.037988915787683965,6.9674908893189729),(-2.6712429514202962,0.049986602408107463,6.9988425978710431),(-3.6786757737772464,0.0099301346858722672,6.9509959958256644),(-2.7165010048048761,0.02013138092032745,6.9542318068716087),(-3.5238776078096112,0.022857773290178064,7.0444693400019958),(-3.2104160734452036,0.022045757207645348,7.0448774396455489),(-2.9141442715981718,-5.6349776055063403E-014,7.0500000000000087),(-2.5343475385663989,0.02637354456735895,7.0424786551923564),(-2.6312610452595369,0.034532628079706688,7.0361593362481285),(-4.0431832518860897,0.03242829672216839,7.038057923901551),(-3.5752047462980894,-5.6293140574581288E-014,7.0500000000000105),(-3.4079390574387984,-0.049572243069279077,7.0065263096069712),(-3.240684685314442,-5.6362042633775841E-014,6.9500000000000091),(-2.8540561006094087,-0.039667667012536233,6.9695619285468577),(-4.2282925318223032,-5.6362042633775904E-014,6.9500000000000117),(-4.1310086885218045,-0.030438071470852809,7.0396676669989509),(-4.0426238500414406,-0.039667667003427456,6.9695619285349908),(-2.6540066311231207,-0.039667667017435265,7.0304380714467722),(-4.3219110596551324,-0.0495722430710187,7.0065263095937613),(-2.443332518028547,-0.04957224306831795,6.9934736903857448),(-4.3955414305755509,-5.6293140574581345E-014,7.0500000000000131),(-2.2702889438128433,-0.030438071448659117,6.960332332984037),(-2.2402884544724224,-0.019134171622055947,7.0461939766240187),(-4.5755896608193511,-0.019134171609700403,6.9538060233708823),(-4.5830107180191852,-0.046193976621390957,6.980865828371547),(-4.6234359205167515,-0.039667667022876378,7.0304380714396872),(-2.1784750860804207,-0.046193976626748637,7.019134171615538),(-4.6293544800912647,-0.019134171632680358,7.0461939766196267),(-2.0859962667908905,-0.04619397662482861,6.9808658283798382),(-4.789123366808445,-0.049572243069873047,7.0065263096024646),(-2.0160820853637786,-0.019134171616926671,6.9538060233738674),(-2.0048741440283759,-0.030438071452553218,7.0396676670129859),(-4.7220964550762341,-5.6362042633775935E-014,6.9500000000000126),(-4.8110039710391508,-0.030438071445437156,6.9603323329815732),(-3.0071046473135432,-0.02151775565264024,7.0451329834120955),(-1.9830213355741007,-0.049572243069002965,7.0065263096090646),(-4.8057097727142812,-5.6293140574581357E-014,7.050000000000014),(-4.8301194495603195,-0.030438071458142313,7.0396676670087057),(-2.5230363806323783,-0.017091362598068004,6.9530118597458603),(-3.843908281747328,-0.020851015156891788,6.9545551414687159),(-1.954627771639001,-0.039667667013712493,6.9695619285483881),(-2.4043419361287679,-0.0408417562686018,6.9711564401486159),(-4.3451866291924341,-0.031123603398760854,6.9608678992197044),(-4.875374826739411,-0.04957224306790009,6.9934736903825785),(-4.8753748267192787,-0.046193976628458235,7.0191341716114186),(-1.9364332490315397,-0.039667667015862586,7.0304380714488195),(-4.8794448659472316,-0.039667667011175203,6.9695619285450912),(-2.7502375220784434,-0.048611897234875127,7.0116997199638122),(-3.4333217541183254,-0.038994391789184214,7.0312959647398294),(-1.9331518308779134,-0.049572243068536054,6.9934736903873995),(-2.2952199400896629,-0.036747615489461129,7.0339059398312935),(-2.6166853096271314,-0.028425725409518605,7.0411336618227276),(-4.0622049637759297,-0.043766360103853402,7.0241765531717268),(-2.6760759516810957,-0.046386286300301581,6.9813368694139646),(-3.3534102216692045,-0.047202259958899803,6.9835091948414432),(-2.9481027003869635,-0.049813010672909892,6.9956798185563409),(-1.9081652674151641,-0.030438071449514409,6.9603323329846924),(-2.9977805028294657,-0.033711906445702412,7.0369257005864565),(-3.3797009106593339,-0.028151914405458646,7.0413215405728264),(-3.3972068008772909,-0.014134668368671274,7.0479605165746797),(-3.9622059907940268,-0.013979022983331441,7.0480061133235568),(-3.0814035597235576,-5.6293140574581256E-014,7.0500000000000087),(-3.0514013463123963,-0.043027833893334415,7.0254677346941756),(-4.0165510313935915,-0.048638708558328907,6.9884122465601317),(-3.7408710277262642,-0.032879609756048749,7.0376687040166557),(-3.6964082085977528,-0.022333013488982614,7.044735181999231),(-1.8919009216287781,-0.01913417162027806,7.046193976624755),(-4.9239771934358822,-0.019134171614271389,6.9538060233727759),(-2.3740062373115745,-0.049376607981246483,7.0078708693466467),(-3.4002165235630901,-0.045973720691100284,7.0196574923584434),(-3.7895209299798296,-0.048153170708825861,7.0134637346487674),(-3.7647572405964307,-0.049997508208326234,6.9995008277211239),(-1.8928993324259238,-0.0085578404562404019,7.0492621900317776),(-4.9229787826189151,-0.0085578404510479236,6.9507378099673396),(-2.1865403427382706,-0.0095855042162389797,7.0490725800108578),(-2.5436817328450521,-0.012404569986220811,7.0484368314762538),(-4.6293377725519287,-0.009585504206735861,6.9509274199873046),(-4.2721963827593621,-0.012404569970449714,6.9515631685197263),(-3.7344886085683728,-5.6362042633775872E-014,6.9500000000000099),(-3.4875725847569616,-0.012439694986735033,6.9515721775356614),(-3.3315707045815679,-0.030514837173803041,6.9603913555867027),(-3.0038491239527851,-0.014456678365695575,6.9521355617328311),(-2.8298664151691741,-0.027964226004078663,6.9585512115497297),(-4.9280189054562218,-0.046193976623642705,6.9808658283769844),(-4.4661775546481897,-0.046159993781816656,7.0192160082761328),(-3.1061009004367648,-0.048274393950080083,7.0130223995007892),(-3.7090797399885354,-0.04330766161929743,7.0249889264490069),(-2.8345078007047562,-5.6293140574581244E-014,7.0500000000000087),(-2.9579543458128423,-0.010697403060266472,7.0488422518703651),(-3.9813905701953383,-5.6362042633775885E-014,6.9500000000000108),(-3.8579237697958284,-0.010266368722667819,6.951065332603048),(-4.5555172132498285,-0.049953366427392676,6.9978410227939518),(-4.2428234848810726,-0.049837370701894347,6.9959705482348706),(-4.3152637776773339,-0.047953061588856788,6.985840060584156),(-4.3036897740632787,-0.043522686008469522,6.9753874868692263),(-4.0392172549991106,-0.049883861620196868,7.0034059286344217),(-4.097693717393148,-0.048101272423784952,7.0136479885411216),(-4.5817171382844073,-0.041159165244548199,6.9716112149542138),(-4.0149228315013694,-0.045138695140766301,6.9784942286584846),(-3.6202003544036092,-0.041956693646261499,6.972803752864082),(-3.7022616369191605,-0.047169269082970589,6.9834150654453113),(-3.7379624645121834,-0.032985343376645139,6.9624238490219161),(-4.3435235643672421,-0.038054337096413253,6.9675674942664614),(-3.2318047184938612,-0.041534108314038948,6.9721626537442614),(-3.0208794223010753,-0.04601909502827841,6.9804489669637855),(-4.9501812825984555,-0.03966766701841664,7.0304380714455004),(-4.9534485801226449,-0.019134171624898812,7.0461939766228499),(-4.7914015300992423,-0.010523993335403877,7.0488799096181536),(-4.4814608759663219,-0.010182778895919896,7.04895212982046),(-4.2728063460506727,-0.019675061670903878,7.0459662044142162),(-3.9853730884368201,-5.6293140574581313E-014,7.0500000000000105),(-4.1923036446048911,-0.0075415309953631238,7.0494279810456391),(-1.8579762788549883,-0.046193976626192332,7.0191341716168791),(-3.4473758414826658,-0.049717804210669715,6.9946952903496005),(-4.2839852045109845,-0.022346558021155656,6.9552715823596616),(-4.4805640690422459,-0.02881219635216303,7.0408638879864451),(-4.5500513767563504,-0.048809427971050055,6.9891538144426661),(-2.3079459505762285,-0.028770492635661834,7.0408932604900247),(-2.4907193313642604,-0.046793652705319967,7.0176168688051943),(-2.7709329452914675,-0.045077771069918213,7.021633181813443),(-2.3723844644425958,-0.04268665818897905,7.0260355374951704),(-3.134861032786131,-0.049892974327228529,7.003269726714608),(-4.0077339451605312,-0.022969309095891823,7.0444118322033784),(-1.9043423079696093,-0.0090611082425438479,6.9508278908585623),(-2.2414406188073031,-0.010751830523303543,6.9511697005907322),(-2.1882421744632414,-0.049989215191155907,6.9989615566563588),(-2.1902007976081257,-0.048863197005731517,6.9893986803470289),(-2.3803942980037949,-0.04661674758364967,6.9819202089412693),(-4.2771195611838912,-0.038364363243873816,7.032065177886567),(-3.9676798530700266,-0.037988915759247864,7.0325091107144102),(-2.6712429507421609,-0.04998660240805064,7.0011574021363128),(-3.6786757710562581,-0.0099301346667243062,7.0490040041782596),(-2.7165010035292254,-0.020131380908189316,7.045768193133795),(-3.5238776077299532,-0.022857773292896851,6.9555306599993632),(-3.2104160738302054,-0.022045757205087814,6.955122560353157),(-2.9141462659111328,-5.6362042633775822E-014,6.9500000000000073),(-2.5343475380738916,-0.026373544566316218,6.9575213448069393),(-2.6312610443087836,-0.034532628091086245,6.9638406637626442),(-4.043183251647851,-0.032428296730990888,6.9619420761058946)));
#5063=IFCPOLYGONALFACESET(#5062,.T.,(#3868,#3869,#3870,#3871,#3872,#3873,#3874,#3875,#3876,#3877,#3878,#3879,#3880,#3881,#3882,#3883,#3884,#3885,#3886,#3887,#3888,#3889,#3890,#3891,#3892,#3893,#3894,#3895,#3896,#3897,#3898,#3899,#3900,#3901,#3902,#3903,#3904,#3905,#3906,#3907,#3908,#3909,#3910,#3911,#3912,#3913,#3914,#3915,#3916,#3917,#3918,#3919,#3920,#3921,#3922,#3923,#3924,#3925,#3926,#3927,#3928,#3929,#3930,#3931,#3932,#3933,#3934,#3935,#3936,#3937,#3938,#3939,#3940,#3941,#3942,#3943,#3944,#3945,#3946,#3947,#3948,#3949,#3950,#3951,#3952,#3953,#3954,#3955,#3956,#3957,#3958,#3959,#3960,#3961,#3962,#3963,#3964,#3965,#3966,#3967,#3968,#3969,#3970,#3971,#3972,#3973,#3974,#3975,#3976,#3977,#3978,#3979,#3980,#3981,#3982,#3983,#3984,#3985,#3986,#3987,#3988,#3989,#3990,#3991,#3992,#3993,#3994,#3995,#3996,#3997,#3998,#3999,#4000,#4001,#4002,#4003,#4004,#4005,#4006,#4007,#4008,#4009,#4010,#4011,#4012,#4013,#4014,#4015,#4016,#4017,#4018,#4019,#4020,#4021,#4022,#4023,#4024,#4025,#4026,#4027,#4028,#4029,#4030,#4031,#4032,#4033,#4034,#4035,#4036,#4037,#4038,#4039,#4040,#4041,#4042,#4043,#4044,#4045,#4046,#4047,#4048,#4049,#4050,#4051,#4052,#4053,#4054,#4055,#4056,#4057,#4058,#4059,#4060,#4061,#4062,#4063,#4064,#4065,#4066,#4067,#4068,#4069,#4070,#4071,#4072,#4073,#4074,#4075,#4076,#4077,#4078,#4079,#4080,#4081,#4082,#4083,#4084,#4085,#4086,#4087,#4088,#4089,#4090,#4091,#4092,#4093,#4094,#4095,#4096,#4097,#4098,#4099,#4100,#4101,#4102,#4103,#4104,#4105,#4106,#4107,#4108,#4109,#4110,#4111,#4112,#4113,#4114,#4115,#4116,#4117,#4118,#4119,#4120,#4121,#4122,#4123,#4124,#4125,#4126,#4127,#4128,#4129,#4130,#4131,#4132,#4133,#4134,#4135,#4136,#4137,#4138,#4139,#4140,#4141,#4142,#4143,#4144,#4145,#4146,#4147,#4148,#4149,#4150,#4151,#4152,#4153,#4154,#4155,#4156,#4157,#4158,#4159,#4160,#4161,#4162,#4163,#4164,#4165,#4166,#4167,#4168,#4169,#4170,#4171,#4172,#4173,#4174,#4175,#4176,#4177,#4178,#4179,#4180,#4181,#4182,#4183,#4184,#4185,#4186,#4187,#4188,#4189,#4190,#4191,#4192,#4193,#4194,#4195,#4196,#4197,#4198,#4199,#4200,#4201,#4202,#4203,#4204,#4205,#4206,#4207,#4208,#4209,#4210,#4211,#4212,#4213,#4214,#4215,#4216,#4217,#4218,#4219,#4220,#4221,#4222,#4223,#4224,#4225,#4226,#4227,#4228,#4229,#4230,#4231,#4232,#4233,#4234,#4235,#4236,#4237,#4238,#4239,#4240,#4241,#4242,#4243,#4244,#4245,#4246,#4247,#4248,#4249,#4250,#4251,#4252,#4253,#4254,#4255,#4256,#4257,#4258,#4259,#4260,#4261,#4262,#4263,#4264,#4265,#4266,#4267,#4268,#4269,#4270,#4271,#4272,#4273,#4274,#4275,#4276,#4277,#4278,#4279,#4280,#4281,#4282,#4283,#4284,#4285,#4286,#4287,#4288,#4289,#4290,#4291,#4292,#4293,#4294,#4295,#4296,#4297,#4298,#4299,#4300,#4301,#4302,#4303,#4304,#4305,#4306,#4307,#4308,#4309,#4310,#4311,#4312,#4313,#4314,#4315,#4316,#4317,#4318,#4319,#4320,#4321,#4322,#4323,#4324,#4325,#4326,#4327,#4328,#4329,#4330,#4331,#4332,#4333,#4334,#4335,#4336,#4337,#4338,#4339,#4340,#4341,#4342,#4343,#4344,#4345,#4346,#4347,#4348,#4349,#4350,#4351,#4352,#4353,#4354,#4355,#4356,#4357,#4358,#4359,#4360,#4361,#4362,#4363,#4364,#4365,#4366,#4367,#4368,#4369,#4370,#4371,#4372,#4373,#4374,#4375,#4376,#4377,#4378,#4379,#4380,#4381,#4382,#4383,#4384,#4385,#4386,#4387,#4388,#4389,#4390,#4391,#4392,#4393,#4394,#4395,#4396,#4397,#4398,#4399,#4400,#4401,#4402,#4403,#4404,#4405,#4406,#4407,#4408,#4409,#4410,#4411,#4412,#4413,#4414,#4415,#4416,#4417,#4418,#4419,#4420,#4421,#4422,#4423,#4424,#4425,#4426,#4427,#4428,#4429,#4430,#4431,#4432,#4433,#4434,#4435,#4436,#4437,#4438,#4439,#4440,#4441,#4442,#4443,#4444,#4445,#4446,#4447,#4448,#4449,#4450,#4451,#4452,#4453,#4454,#4455,#4456,#4457,#4458,#4459,#4460,#4461,#4462,#4463,#4464,#4465,#4466,#4467,#4468,#4469,#4470,#4471,#4472,#4473,#4474,#4475,#4476,#4477,#4478,#4479,#4480,#4481,#4482,#4483,#4484,#4485,#4486,#4487,#4488,#4489,#4490,#4491,#4492,#4493,#4494,#4495,#4496,#4497,#4498,#4499,#4500,#4501,#4502,#4503,#4504,#4505,#4506,#4507,#4508,#4509,#4510,#4511,#4512,#4513,#4514,#4515,#4516,#4517,#4518,#4519,#4520,#4521,#4522,#4523,#4524,#4525,#4526,#4527,#4528,#4529,#4530,#4531,#4532,#4533,#4534,#4535,#4536,#4537,#4538,#4539,#4540,#4541,#4542,#4543,#4544,#4545,#4546,#4547,#4548,#4549,#4550,#4551,#4552,#4553,#4554,#4555,#4556,#4557,#4558,#4559,#4560,#4561,#4562,#4563,#4564,#4565,#4566,#4567,#4568,#4569,#4570,#4571,#4572,#4573,#4574,#4575,#4576,#4577,#4578,#4579,#4580,#4581,#4582,#4583,#4584,#4585,#4586,#4587,#4588,#4589,#4590,#4591,#4592,#4593,#4594,#4595,#4596,#4597,#4598,#4599,#4600,#4601,#4602,#4603,#4604,#4605,#4606,#4607,#4608,#4609,#4610,#4611,#4612,#4613,#4614,#4615,#4616,#4617,#4618,#4619,#4620,#4621,#4622,#4623,#4624,#4625,#4626,#4627,#4628,#4629,#4630,#4631,#4632,#4633,#4634,#4635,#4636,#4637,#4638,#4639,#4640,#4641,#4642,#4643,#4644,#4645,#4646,#4647,#4648,#4649,#4650,#4651,#4652,#4653,#4654,#4655,#4656,#4657,#4658,#4659,#4660,#4661,#4662,#4663,#4664,#4665,#4666,#4667,#4668,#4669,#4670,#4671,#4672,#4673,#4674,#4675,#4676,#4677,#4678,#4679,#4680,#4681,#4682,#4683,#4684,#4685,#4686,#4687,#4688,#4689,#4690,#4691,#4692,#4693,#4694,#4695,#4696,#4697,#4698,#4699,#4700,#4701,#4702,#4703,#4704,#4705,#4706,#4707,#4708,#4709,#4710,#4711,#4712,#4713,#4714,#4715,#4716,#4717,#4718,#4719,#4720,#4721,#4722,#4723,#4724,#4725,#4726,#4727,#4728,#4729,#4730,#4731,#4732,#4733,#4734,#4735,#4736,#4737,#4738,#4739,#4740,#4741,#4742,#4743,#4744,#4745,#4746,#4747,#4748,#4749,#4750,#4751,#4752,#4753,#4754,#4755,#4756,#4757,#4758,#4759,#4760,#4761,#4762,#4763,#4764,#4765,#4766,#4767,#4768,#4769,#4770,#4771,#4772,#4773,#4774,#4775,#4776,#4777,#4778,#4779,#4780,#4781,#4782,#4783,#4784,#4785,#4786,#4787,#4788,#4789,#4790,#4791,#4792,#4793,#4794,#4795,#4796,#4797,#4798,#4799,#4800,#4801,#4802,#4803,#4804,#4805,#4806,#4807,#4808,#4809,#4810,#4811,#4812,#4813,#4814,#4815,#4816,#4817,#4818,#4819,#4820,#4821,#4822,#4823,#4824,#4825,#4826,#4827,#4828,#4829,#4830,#4831,#4832,#4833,#4834,#4835,#4836,#4837,#4838,#4839,#4840,#4841,#4842,#4843,#4844,#4845,#4846,#4847,#4848,#4849,#4850,#4851,#4852,#4853,#4854,#4855,#4856,#4857,#4858,#4859,#4860,#4861,#4862,#4863,#4864,#4865,#4866,#4867,#4868,#4869,#4870,#4871,#4872,#4873,#4874,#4875,#4876,#4877,#4878,#4879,#4880,#4881,#4882,#4883,#4884,#4885,#4886,#4887,#4888,#4889,#4890,#4891,#4892,#4893,#4894,#4895,#4896,#4897,#4898,#4899,#4900,#4901,#4902,#4903,#4904,#4905,#4906,#4907,#4908,#4909,#4910,#4911,#4912,#4913,#4914,#4915,#4916,#4917,#4918,#4919,#4920,#4921,#4922,#4923,#4924,#4925,#4926,#4927,#4928,#4929,#4930,#4931,#4932,#4933,#4934,#4935,#4936,#4937,#4938,#4939,#4940,#4941,#4942,#4943,#4944,#4945,#4946,#4947,#4948,#4949,#4950,#4951,#4952,#4953,#4954,#4955,#4956,#4957,#4958,#4959,#4960,#4961,#4962,#4963,#4964,#4965,#4966,#4967,#4968,#4969,#4970,#4971,#4972,#4973,#4974,#4975,#4976,#4977,#4978,#4979,#4980,#4981,#4982,#4983,#4984,#4985,#4986,#4987,#4988,#4989,#4990,#4991,#4992,#4993,#4994,#4995,#4996,#4997,#4998,#4999,#5000,#5001,#5002,#5003,#5004,#5005,#5006,#5007,#5008,#5009,#5010,#5011,#5012,#5013,#5014,#5015,#5016,#5017,#5018,#5019,#5020,#5021,#5022,#5023,#5024,#5025,#5026,#5027,#5028,#5029,#5030,#5031,#5032,#5033,#5034,#5035,#5036,#5037,#5038,#5039,#5040,#5041,#5042,#5043,#5044,#5045,#5046,#5047,#5048,#5049,#5050,#5051,#5052,#5053,#5054,#5055,#5056,#5057,#5058,#5059,#5060,#5061),$);
#5064=IFCINDEXEDCOLOURMAP(#5063,1.,#3867,(1,1,1,1,1,1,1,1,1,1,1,1,1,1,1,1,1,1,1,1,1,1,1,1,1,1,1,1,1,1,1,1,1,1,1,1,1,1,1,1,1,1,1,1,1,1,1,1,1,1,1,1,1,1,1,1,1,1,1,1,1,1,1,1,1,1,1,1,1,1,1,1,1,1,1,1,1,1,1,1,1,1,1,1,1,1,1,1,1,1,1,1,1,1,1,1,1,1,1,1,1,1,1,1,1,1,1,1,1,1,1,1,1,1,1,1,1,1,1,1,1,1,1,1,1,1,1,1,1,1,1,1,1,1,1,1,1,1,1,1,1,1,1,1,1,1,1,1,1,1,1,1,1,1,1,1,1,1,1,1,1,1,1,1,1,1,1,1,1,1,1,1,1,1,1,1,1,1,1,1,1,1,1,1,1,1,1,1,1,1,1,1,1,1,1,1,1,1,1,1,1,1,1,1,1,1,1,1,1,1,1,1,1,1,1,1,1,1,1,1,1,1,1,1,1,1,1,1,1,1,1,1,1,1,1,1,1,1,1,1,1,1,1,1,1,1,1,1,1,1,1,1,1,1,1,1,1,1,1,1,1,1,1,1,1,1,1,1,1,1,1,1,1,1,1,1,1,1,1,1,1,1,1,1,1,1,1,1,1,1,1,1,1,1,1,1,1,1,1,1,1,1,1,1,1,1,1,1,1,1,1,1,1,1,1,1,1,1,1,1,1,1,1,1,1,1,1,1,1,1,1,1,1,1,1,1,1,1,1,1,1,1,1,1,1,1,1,1,1,1,1,1,1,1,1,1,1,1,1,1,1,1,1,1,1,1,1,1,1,1,1,1,1,1,1,1,1,1,1,1,1,1,1,1,1,1,1,1,1,1,1,1,1,1,1,1,1,1,1,1,1,1,1,1,1,1,1,1,1,1,1,1,1,1,1,1,1,1,1,1,1,1,1,1,1,1,1,1,1,1,1,1,1,1,1,1,1,1,1,1,1,1,1,1,1,1,1,1,1,1,1,1,1,1,1,1,1,1,1,1,1,1,1,1,1,1,1,1,1,1,1,1,1,1,1,1,1,1,1,1,1,1,1,1,1,1,1,1,1,1,1,1,1,1,1,1,1,1,1,1,1,1,1,1,1,1,1,1,1,1,1,1,1,1,1,1,1,1,1,1,1,1,1,1,1,1,1,1,1,1,1,1,1,1,1,1,1,1,1,1,1,1,1,1,1,1,1,1,1,1,1,1,1,1,1,1,1,1,1,1,1,1,1,1,1,1,1,1,1,1,1,1,1,1,1,1,1,1,1,1,1,1,1,1,1,1,1,1,1,1,1,1,1,1,1,1,1,1,1,1,1,1,1,1,1,1,1,1,1,1,1,1,1,1,1,1,1,1,1,1,1,1,1,1,1,1,1,1,1,1,1,1,1,1,1,1,1,1,1,1,1,1,1,1,1,1,1,1,1,1,1,1,1,1,1,1,1,1,1,1,1,1,1,1,1,1,1,1,1,1,1,1,1,1,1,1,1,1,1,1,1,1,1,1,1,1,1,1,1,1,1,1,1,1,1,1,1,1,1,1,1,1,1,1,1,1,1,1,1,1,1,1,1,1,1,1,1,1,1,1,1,1,1,1,1,1,1,1,1,1,1,1,1,1,1,1,1,1,1,1,1,1,1,1,1,1,1,1,1,1,1,1,1,1,1,1,1,1,1,1,1,1,1,1,1,1,1,1,1,1,1,1,1,1,1,1,1,1,1,1,1,1,1,1,1,1,1,1,1,1,1,1,1,1,1,1,1,1,1,1,1,1,1,1,1,1,1,1,1,1,1,1,1,1,1,1,1,1,1,1,1,1,1,1,1,1,1,1,1,1,1,1,1,1,1,1,1,1,1,1,1,1,1,1,1,1,1,1,1,1,1,1,1,1,1,1,1,1,1,1,1,1,1,1,1,1,1,1,1,1,1,1,1,1,1,1,1,1,1,1,1,1,1,1,1,1,1,1,1,1,1,1,1,1,1,1,1,1,1,1,1,1,1,1,1,1,1,1,1,1,1,1,1,1,1,1,1,1,1,1,1,1,1,1,1,1,1,1,1,1,1,1,1,1,1,1,1,1,1,1,1,1,1,1,1,1,1,1,1,1,1,1,1,1,1,1,1,1,1,1,1,1,1,1,1,1,1,1,1,1,1,1,1,1,1,1,1,1,1,1,1,1,1,1,1,1,1,1,1,1,1,1,1,1,1,1,1,1,1,1,1,1,1,1,1,1,1,1,1,1,1,1,1,1,1,1,1,1,1,1,1,1,1,1,1,1,1,1,1,1,1,1,1,1,1,1,1,1,1,1,1,1,1,1,1,1,1,1,1,1,1,1,1,1,1,1,1,1,1,1,1,1,1,1,1,1,1,1,1,1,1,1,1,1,1,1,1,1,1,1,1,1,1,1,1,1,1,1,1,1,1,1,1,1,1,1,1,1,1,1,1,1,1,1,1,1,1,1,1,1,1,1,1,1,1,1,1,1,1,1,1,1,1,1,1,1,1,1,1,1,1,1,1,1,1,1,1,1,1,1,1,1,1,1,1,1,1,1,1,1,1,1,1,1,1,1,1,1,1,1,1,1,1,1,1,1,1,1,1,1,1,1,1,1,1,1,1,1,1,1,1,1,1,1,1,1,1,1,1,1,1,1,1,1));
#5065=IFCSTYLEDITEM(#5063,(#468),$);
#5066=IFCSHAPEREPRESENTATION(#15,'Body','Tessellation',(#430,#464,#502,#533,#591,#649,#684,#717,#748,#784,#970,#1159,#1348,#1427,#1503,#1536,#1612,#1688,#1721,#1797,#1873,#1931,#1966,#2104,#2242,#2415,#2456,#2523,#2618,#2716,#2751,#2784,#2970,#3156,#3342,#3418,#3494,#3527,#3603,#3679,#3712,#3788,#3864,#5063));
#5067=IFCAXIS2PLACEMENT3D(#10,$,$);
#5068=IFCREPRESENTATIONMAP(#5067,#5066);
#5069=IFCBUILDINGELEMENTPROXYTYPE('0JGEcQmPjERw71N77Y90mi',#6,'SEMAFORO-VEHICULAR-COMBINADO:SEMAFORO-VEHICULAR-COMBINADO_PINTURA-EPOXICA_H6.60m',$,$,$,(#5068),'1670128',$,.ELEMENT.);
#5070=IFCMATERIAL('PINTURA_EPOXICA_METALICA_AMARILLA',$,'Metal');
#5071=IFCMATERIAL('PINTURA_EPOXICA_METALICA_NEGRO',$,'Metal');
#5072=IFCMATERIAL('ACERO _INOXIDABLE _GENERICO',$,'Metal');
#5073=IFCMATERIAL('POLICARBONATO _ALTA_RESISTENCIA_ROJO',$,'Glass');
#5074=IFCMATERIAL('POLICARBONATO _ALTA_RESISTENCIA_AMARILLO',$,'Glass');
#5075=IFCMATERIAL('POLICARBONATO _ALTA_RESISTENCIA_VERDE',$,'Glass');
#5076=IFCMATERIALCONSTITUENT('PINTURA_EPOXICA_METALICA_AMARILLA',$,#5070,0.20277792154867616,'Metal');
#5077=IFCSHAPEREPRESENTATION(#15,'Body','Tessellation',(#430));
#5078=IFCSHAPEASPECT((#5077),'PINTURA_EPOXICA_METALICA_AMARILLA',$,.U.,#5068);
#5079=IFCMATERIALCONSTITUENT('PINTURA_EPOXICA_METALICA_NEGRO',$,#5071,0.76076605818347132,'Metal');
#5080=IFCSHAPEREPRESENTATION(#15,'Body','Tessellation',(#464,#502,#533,#591,#649,#684,#717,#784,#1427,#1503,#1536,#1612,#1688,#1721,#1797,#1873,#1931,#1966,#2415,#2456,#2523,#2618,#2716,#2751,#2784,#3418,#3494,#3527,#3603,#3679,#3712,#3788,#3864,#5063));
#5081=IFCSHAPEASPECT((#5080),'PINTURA_EPOXICA_METALICA_NEGRO',$,.U.,#5068);
#5082=IFCMATERIALCONSTITUENT('ACERO _INOXIDABLE _GENERICO',$,#5072,7.7230807061041143E-005,'Metal');
#5083=IFCSHAPEREPRESENTATION(#15,'Body','Tessellation',(#748));
#5084=IFCSHAPEASPECT((#5083),'ACERO _INOXIDABLE _GENERICO',$,.U.,#5068);
#5085=IFCMATERIALCONSTITUENT('POLICARBONATO _ALTA_RESISTENCIA_ROJO',$,#5073,0.01255478146437875,'Glass');
#5086=IFCSHAPEREPRESENTATION(#15,'Body','Tessellation',(#970,#2242,#2970));
#5087=IFCSHAPEASPECT((#5086),'POLICARBONATO _ALTA_RESISTENCIA_ROJO',$,.U.,#5068);
#5088=IFCMATERIALCONSTITUENT('POLICARBONATO _ALTA_RESISTENCIA_AMARILLO',$,#5074,0.011249589570661621,'Glass');
#5089=IFCSHAPEREPRESENTATION(#15,'Body','Tessellation',(#1159,#3156));
#5090=IFCSHAPEASPECT((#5089),'POLICARBONATO _ALTA_RESISTENCIA_AMARILLO',$,.U.,#5068);
#5091=IFCMATERIALCONSTITUENT('POLICARBONATO _ALTA_RESISTENCIA_VERDE',$,#5075,0.012574418425751068,'Glass');
#5092=IFCSHAPEREPRESENTATION(#15,'Body','Tessellation',(#1348,#2104,#3342));
#5093=IFCSHAPEASPECT((#5092),'POLICARBONATO _ALTA_RESISTENCIA_VERDE',$,.U.,#5068);
#5094=IFCMATERIALCONSTITUENTSET($,$,(#5076,#5079,#5082,#5085,#5088,#5091));
#5095=IFCCARTESIANTRANSFORMATIONOPERATOR3D($,$,#10,1.,$);
#5096=IFCMAPPEDITEM(#5068,#5095);
#5097=IFCSHAPEREPRESENTATION(#15,'Body','MappedRepresentation',(#5096));
#5098=IFCPRODUCTDEFINITIONSHAPE($,$,(#5097));
#5099=IFCCARTESIANPOINT((-0.10000000000000626,0.,0.));
#5100=IFCAXIS2PLACEMENT3D(#5099,$,$);
#5101=IFCLOCALPLACEMENT(#24,#5100);
#5102=IFCBUILDINGELEMENTPROXY('0JGEcQmPjERw71N77Y90lS',#6,'SEMAFORO-VEHICULAR-COMBINADO:SEMAFORO-VEHICULAR-COMBINADO_PINTURA-EPOXICA_H6.60m:1670144',$,$,#5101,#5098,'1670144',.ELEMENT.);
#5103=IFCMATERIALCONSTITUENT('PINTURA_EPOXICA_METALICA_AMARILLA',$,#5070,0.20277792154867616,'Metal');
#5104=IFCMATERIALCONSTITUENT('PINTURA_EPOXICA_METALICA_NEGRO',$,#5071,0.76076605818347132,'Metal');
#5105=IFCMATERIALCONSTITUENT('ACERO _INOXIDABLE _GENERICO',$,#5072,7.7230807061041143E-005,'Metal');
#5106=IFCMATERIALCONSTITUENT('POLICARBONATO _ALTA_RESISTENCIA_ROJO',$,#5073,0.01255478146437875,'Glass');
#5107=IFCMATERIALCONSTITUENT('POLICARBONATO _ALTA_RESISTENCIA_AMARILLO',$,#5074,0.011249589570661621,'Glass');
#5108=IFCMATERIALCONSTITUENT('POLICARBONATO _ALTA_RESISTENCIA_VERDE',$,#5075,0.012574418425751068,'Glass');
#5109=IFCMATERIALCONSTITUENTSET($,$,(#5103,#5104,#5105,#5106,#5107,#5108));
#5110=IFCPROPERTYSINGLEVALUE('Reference',$,IFCIDENTIFIER('SEMAFORO-VEHICULAR-COMBINADO_PINTURA-EPOXICA_H6.60m'),$);
#5111=IFCPROPERTYSINGLEVALUE('IsExternal',$,IFCBOOLEAN(.F.),$);
#5112=IFCPROPERTYSET('3qhOIWvcWk_uqtbiqC0p5N',#6,'Pset_BuildingElementProxyCommon',$,(#5110,#5111));
#5113=IFCPROPERTYSET('3AXe5C4zXSwlWbjVDQgeij',#6,'Pset_EnvironmentalImpactIndicators',$,(#5110));
#5114=IFCRELDEFINESBYPROPERTIES('27CBBiyv0F629Iao$vgxsm',#6,$,$,(#5102),#5112);
#5115=IFCRELDEFINESBYPROPERTIES('13xgyFm8va9J9P5$7hvC8R',#6,$,$,(#5102),#5113);
#5116=IFCQUANTITYAREA('NetSurfaceArea','',$,11.504834854228372,$);
#5117=IFCQUANTITYVOLUME('NetVolume','',$,0.29016990314674307,$);
#5118=IFCELEMENTQUANTITY('1TyW9MAKrnBf4o_dogiwxL',#6,'Qto_BuildingElementProxyQuantities',$,$,(#5116,#5117));
#5119=IFCRELDEFINESBYPROPERTIES('1GZdq85jSx7zYPTQ4dgQwe',#6,$,$,(#5102),#5118);
#5120=IFCPROPERTYSINGLEVALUE('Reference',$,IFCIDENTIFIER('8mm Head'),$);
#5121=IFCPROPERTYSINGLEVALUE('AboveGround',$,IFCLOGICAL(.U.),$);
#5122=IFCPROPERTYSET('16L50AfyZF4hYq5TGET4H4',#6,'Pset_BuildingStoreyCommon',$,(#5120,#5121));
#5123=IFCRELDEFINESBYPROPERTIES('2VdfSfkgzGoZi_3SgzE8$0',#6,$,$,(#25),#5122);
#5124=IFCRELCONTAINEDINSPATIALSTRUCTURE('2JF4e6axWHqu3u0C5FZlmi',#6,$,$,(#5102),#25);
#5125=IFCPROPERTYSET('1n34enW33Z_3Qq2Pm1kjQZ',#6,'Pset_BuildingStoreyCommon',$,(#5120,#5121));
#5126=IFCRELDEFINESBYPROPERTIES('36oM8gyLQ5_Z6XoGK5uP1E',#6,$,$,(#29),#5125);
#5127=IFCRELAGGREGATES('0PN3_VuVmIgbokgOQnVjEB',#6,$,$,#18,(#32));
#5128=IFCRELAGGREGATES('0CovtW4OaOep_OtNqpJooX',#6,$,$,#32,(#22));
#5129=IFCRELAGGREGATES('1yhDISh1T5aQqAoygxGIhP',#6,$,$,#22,(#25,#29));
#5130=IFCPROPERTYSINGLEVALUE('NumberOfStoreys',$,IFCINTEGER(2),$);
#5131=IFCPROPERTYSINGLEVALUE('IsLandmarked',$,IFCLOGICAL(.U.),$);
#5132=IFCPROPERTYSET('0XX7wmeXt6npcl4Fr9tjz8',#6,'Pset_BuildingCommon',$,(#33,#5130,#5131));
#5133=IFCRELDEFINESBYPROPERTIES('3oOkLIvXI$piAbiC0VjwKL',#6,$,$,(#22),#5132);
#5134=IFCRELASSOCIATESMATERIAL('0qVDHSxSRLIyhPEVny4X3C',#6,$,$,(#5069),#5094);
#5135=IFCRELASSOCIATESMATERIAL('231YeOtjuDUJWQ4RaWe8Et',#6,$,$,(#5102),#5109);
#5136=IFCRELDEFINESBYTYPE('15RuncDYv65jCDHvjkLThs',#6,$,$,(#5102),#5069);
#5137=IFCUNITASSIGNMENT((#7,#8,#9));
ENDSEC;

END-ISO-10303-21;